student_id,school,class_id,student_no,subject,question_id,score
A_1_1,A,1,1,kokugo,国態1,4
A_1_2,A,1,2,kokugo,国態1,2
A_1_3,A,1,3,kokugo,国態1,4
A_1_4,A,1,4,kokugo,国態1,4
A_1_5,A,1,5,kokugo,国態1,3
A_1_6,A,1,6,kokugo,国態1,4
A_1_7,A,1,7,kokugo,国態1,4
A_1_8,A,1,8,kokugo,国態1,3
A_1_9,A,1,9,kokugo,国態1,4
A_1_10,A,1,10,kokugo,国態1,3
A_1_11,A,1,11,kokugo,国態1,4
A_1_12,A,1,12,kokugo,国態1,4
A_1_13,A,1,13,kokugo,国態1,3
A_1_14,A,1,14,kokugo,国態1,4
A_1_15,A,1,15,kokugo,国態1,3
A_1_16,A,1,16,kokugo,国態1,4
A_1_17,A,1,17,kokugo,国態1,3
A_1_18,A,1,18,kokugo,国態1,3
A_1_19,A,1,19,kokugo,国態1,4
A_1_20,A,1,20,kokugo,国態1,3
A_1_21,A,1,21,kokugo,国態1,4
A_1_22,A,1,22,kokugo,国態1,4
A_1_23,A,1,23,kokugo,国態1,4
A_1_24,A,1,24,kokugo,国態1,4
A_1_25,A,1,25,kokugo,国態1,4
A_1_26,A,1,26,kokugo,国態1,4
A_1_27,A,1,27,kokugo,国態1,1
A_1_28,A,1,28,kokugo,国態1,3
A_1_29,A,1,29,kokugo,国態1,4
A_1_30,A,1,30,kokugo,国態1,4
A_2_1,A,2,1,kokugo,国態1,1
A_2_2,A,2,2,kokugo,国態1,4
A_2_3,A,2,3,kokugo,国態1,4
A_2_4,A,2,4,kokugo,国態1,4
A_2_5,A,2,5,kokugo,国態1,3
A_2_6,A,2,6,kokugo,国態1,4
A_2_7,A,2,7,kokugo,国態1,4
A_2_8,A,2,8,kokugo,国態1,4
A_2_9,A,2,9,kokugo,国態1,2
A_2_10,A,2,10,kokugo,国態1,4
A_2_11,A,2,11,kokugo,国態1,4
A_2_12,A,2,12,kokugo,国態1,3
A_2_13,A,2,13,kokugo,国態1,4
A_2_14,A,2,14,kokugo,国態1,3
A_2_15,A,2,15,kokugo,国態1,3
A_2_16,A,2,16,kokugo,国態1,4
A_2_17,A,2,17,kokugo,国態1,3
A_2_18,A,2,18,kokugo,国態1,4
A_2_19,A,2,19,kokugo,国態1,2
A_2_20,A,2,20,kokugo,国態1,4
A_2_21,A,2,21,kokugo,国態1,4
A_2_22,A,2,22,kokugo,国態1,4
A_2_23,A,2,23,kokugo,国態1,4
A_2_24,A,2,24,kokugo,国態1,2
A_2_25,A,2,25,kokugo,国態1,2
A_2_26,A,2,26,kokugo,国態1,4
A_2_27,A,2,27,kokugo,国態1,3
A_2_28,A,2,28,kokugo,国態1,4
A_2_29,A,2,29,kokugo,国態1,4
A_2_30,A,2,30,kokugo,国態1,4
B_1_1,B,1,1,kokugo,国態1,4
B_1_2,B,1,2,kokugo,国態1,3
B_1_3,B,1,3,kokugo,国態1,4
B_1_4,B,1,4,kokugo,国態1,4
B_1_5,B,1,5,kokugo,国態1,4
B_1_6,B,1,6,kokugo,国態1,3
B_1_7,B,1,7,kokugo,国態1,3
B_1_8,B,1,8,kokugo,国態1,3
B_1_9,B,1,9,kokugo,国態1,3
B_1_10,B,1,10,kokugo,国態1,4
B_1_11,B,1,11,kokugo,国態1,4
B_1_12,B,1,12,kokugo,国態1,3
B_1_13,B,1,13,kokugo,国態1,4
B_1_14,B,1,14,kokugo,国態1,4
B_1_15,B,1,15,kokugo,国態1,4
B_1_16,B,1,16,kokugo,国態1,4
B_1_17,B,1,17,kokugo,国態1,3
B_1_18,B,1,18,kokugo,国態1,1
B_1_19,B,1,19,kokugo,国態1,3
B_1_20,B,1,20,kokugo,国態1,4
B_1_21,B,1,21,kokugo,国態1,4
B_1_22,B,1,22,kokugo,国態1,4
B_1_23,B,1,23,kokugo,国態1,3
B_1_24,B,1,24,kokugo,国態1,3
B_1_25,B,1,25,kokugo,国態1,3
B_1_26,B,1,26,kokugo,国態1,4
B_1_27,B,1,27,kokugo,国態1,3
B_1_28,B,1,28,kokugo,国態1,3
B_1_29,B,1,29,kokugo,国態1,4
B_1_30,B,1,30,kokugo,国態1,3
B_2_1,B,2,1,kokugo,国態1,4
B_2_2,B,2,2,kokugo,国態1,4
B_2_3,B,2,3,kokugo,国態1,4
B_2_4,B,2,4,kokugo,国態1,3
B_2_5,B,2,5,kokugo,国態1,4
B_2_6,B,2,6,kokugo,国態1,3
B_2_7,B,2,7,kokugo,国態1,4
B_2_8,B,2,8,kokugo,国態1,3
B_2_9,B,2,9,kokugo,国態1,4
B_2_10,B,2,10,kokugo,国態1,4
B_2_11,B,2,11,kokugo,国態1,3
B_2_12,B,2,12,kokugo,国態1,4
B_2_13,B,2,13,kokugo,国態1,3
B_2_14,B,2,14,kokugo,国態1,3
B_2_15,B,2,15,kokugo,国態1,2
B_2_16,B,2,16,kokugo,国態1,3
B_2_17,B,2,17,kokugo,国態1,4
B_2_18,B,2,18,kokugo,国態1,4
B_2_19,B,2,19,kokugo,国態1,2
B_2_20,B,2,20,kokugo,国態1,1
B_2_21,B,2,21,kokugo,国態1,3
B_2_22,B,2,22,kokugo,国態1,3
B_2_23,B,2,23,kokugo,国態1,4
B_2_24,B,2,24,kokugo,国態1,4
B_2_25,B,2,25,kokugo,国態1,4
B_2_26,B,2,26,kokugo,国態1,3
B_2_27,B,2,27,kokugo,国態1,3
B_2_28,B,2,28,kokugo,国態1,3
B_2_29,B,2,29,kokugo,国態1,4
B_2_30,B,2,30,kokugo,国態1,2
C_1_1,C,1,1,kokugo,国態1,3
C_1_2,C,1,2,kokugo,国態1,1
C_1_3,C,1,3,kokugo,国態1,3
C_1_4,C,1,4,kokugo,国態1,3
C_1_5,C,1,5,kokugo,国態1,3
C_1_6,C,1,6,kokugo,国態1,1
C_1_7,C,1,7,kokugo,国態1,4
C_1_8,C,1,8,kokugo,国態1,3
C_1_9,C,1,9,kokugo,国態1,3
C_1_10,C,1,10,kokugo,国態1,4
C_1_11,C,1,11,kokugo,国態1,2
C_1_12,C,1,12,kokugo,国態1,3
C_1_13,C,1,13,kokugo,国態1,3
C_1_14,C,1,14,kokugo,国態1,3
C_1_15,C,1,15,kokugo,国態1,4
C_1_16,C,1,16,kokugo,国態1,2
C_1_17,C,1,17,kokugo,国態1,2
C_1_18,C,1,18,kokugo,国態1,1
C_1_19,C,1,19,kokugo,国態1,2
C_1_20,C,1,20,kokugo,国態1,3
C_1_21,C,1,21,kokugo,国態1,1
C_1_22,C,1,22,kokugo,国態1,1
C_1_23,C,1,23,kokugo,国態1,2
C_1_24,C,1,24,kokugo,国態1,4
C_1_25,C,1,25,kokugo,国態1,2
C_1_26,C,1,26,kokugo,国態1,4
C_1_27,C,1,27,kokugo,国態1,1
C_1_28,C,1,28,kokugo,国態1,1
C_1_29,C,1,29,kokugo,国態1,1
C_1_30,C,1,30,kokugo,国態1,3
C_2_1,C,2,1,kokugo,国態1,1
C_2_2,C,2,2,kokugo,国態1,2
C_2_3,C,2,3,kokugo,国態1,2
C_2_4,C,2,4,kokugo,国態1,3
C_2_5,C,2,5,kokugo,国態1,2
C_2_6,C,2,6,kokugo,国態1,3
C_2_7,C,2,7,kokugo,国態1,3
C_2_8,C,2,8,kokugo,国態1,4
C_2_9,C,2,9,kokugo,国態1,1
C_2_10,C,2,10,kokugo,国態1,2
C_2_11,C,2,11,kokugo,国態1,3
C_2_12,C,2,12,kokugo,国態1,0
C_2_13,C,2,13,kokugo,国態1,3
C_2_14,C,2,14,kokugo,国態1,4
C_2_15,C,2,15,kokugo,国態1,1
C_2_16,C,2,16,kokugo,国態1,3
C_2_17,C,2,17,kokugo,国態1,3
C_2_18,C,2,18,kokugo,国態1,4
C_2_19,C,2,19,kokugo,国態1,1
C_2_20,C,2,20,kokugo,国態1,3
C_2_21,C,2,21,kokugo,国態1,2
C_2_22,C,2,22,kokugo,国態1,3
C_2_23,C,2,23,kokugo,国態1,3
C_2_24,C,2,24,kokugo,国態1,3
C_2_25,C,2,25,kokugo,国態1,4
C_2_26,C,2,26,kokugo,国態1,3
C_2_27,C,2,27,kokugo,国態1,3
C_2_28,C,2,28,kokugo,国態1,2
C_2_29,C,2,29,kokugo,国態1,3
C_2_30,C,2,30,kokugo,国態1,3
C_1_1,C,1,1,kokugo,国態1,2
C_1_2,C,1,2,kokugo,国態1,3
C_1_3,C,1,3,kokugo,国態1,2
C_1_4,C,1,4,kokugo,国態1,3
C_1_5,C,1,5,kokugo,国態1,3
C_1_6,C,1,6,kokugo,国態1,2
C_1_7,C,1,7,kokugo,国態1,1
C_1_8,C,1,8,kokugo,国態1,2
C_1_9,C,1,9,kokugo,国態1,4
C_1_10,C,1,10,kokugo,国態1,3
C_1_11,C,1,11,kokugo,国態1,2
C_1_12,C,1,12,kokugo,国態1,2
D_1_13,D,1,13,kokugo,国態1,3
D_1_14,D,1,14,kokugo,国態1,4
D_1_15,D,1,15,kokugo,国態1,1
D_1_16,D,1,16,kokugo,国態1,3
D_1_17,D,1,17,kokugo,国態1,3
D_1_18,D,1,18,kokugo,国態1,2
D_1_19,D,1,19,kokugo,国態1,3
D_1_20,D,1,20,kokugo,国態1,3
D_1_21,D,1,21,kokugo,国態1,3
D_1_22,D,1,22,kokugo,国態1,1
D_1_23,D,1,23,kokugo,国態1,3
D_1_24,D,1,24,kokugo,国態1,3
D_1_25,D,1,25,kokugo,国態1,3
D_1_26,D,1,26,kokugo,国態1,3
D_1_27,D,1,27,kokugo,国態1,4
D_1_28,D,1,28,kokugo,国態1,3
D_1_29,D,1,29,kokugo,国態1,4
D_1_30,D,1,30,kokugo,国態1,4
D_2_1,D,2,1,kokugo,国態1,3
D_2_2,D,2,2,kokugo,国態1,3
D_2_3,D,2,3,kokugo,国態1,4
D_2_4,D,2,4,kokugo,国態1,3
D_2_5,D,2,5,kokugo,国態1,3
D_2_6,D,2,6,kokugo,国態1,4
D_2_7,D,2,7,kokugo,国態1,4
D_2_8,D,2,8,kokugo,国態1,2
D_2_9,D,2,9,kokugo,国態1,3
D_2_10,D,2,10,kokugo,国態1,4
D_2_11,D,2,11,kokugo,国態1,4
D_2_12,D,2,12,kokugo,国態1,4
D_2_13,D,2,13,kokugo,国態1,4
D_2_14,D,2,14,kokugo,国態1,3
D_2_15,D,2,15,kokugo,国態1,4
D_2_16,D,2,16,kokugo,国態1,3
D_2_17,D,2,17,kokugo,国態1,2
D_2_18,D,2,18,kokugo,国態1,4
D_2_19,D,2,19,kokugo,国態1,2
D_2_20,D,2,20,kokugo,国態1,4
D_2_21,D,2,21,kokugo,国態1,3
D_2_22,D,2,22,kokugo,国態1,4
D_2_23,D,2,23,kokugo,国態1,4
D_2_24,D,2,24,kokugo,国態1,0
D_2_25,D,2,25,kokugo,国態1,3
D_2_26,D,2,26,kokugo,国態1,4
D_2_27,D,2,27,kokugo,国態1,3
D_2_28,D,2,28,kokugo,国態1,4
D_2_29,D,2,29,kokugo,国態1,3
D_2_30,D,2,30,kokugo,国態1,2
A_1_1,A,1,1,kokugo,国態2,3
A_1_2,A,1,2,kokugo,国態2,2
A_1_3,A,1,3,kokugo,国態2,2
A_1_4,A,1,4,kokugo,国態2,4
A_1_5,A,1,5,kokugo,国態2,2
A_1_6,A,1,6,kokugo,国態2,4
A_1_7,A,1,7,kokugo,国態2,2
A_1_8,A,1,8,kokugo,国態2,3
A_1_9,A,1,9,kokugo,国態2,3
A_1_10,A,1,10,kokugo,国態2,2
A_1_11,A,1,11,kokugo,国態2,4
A_1_12,A,1,12,kokugo,国態2,3
A_1_13,A,1,13,kokugo,国態2,2
A_1_14,A,1,14,kokugo,国態2,4
A_1_15,A,1,15,kokugo,国態2,2
A_1_16,A,1,16,kokugo,国態2,4
A_1_17,A,1,17,kokugo,国態2,3
A_1_18,A,1,18,kokugo,国態2,4
A_1_19,A,1,19,kokugo,国態2,3
A_1_20,A,1,20,kokugo,国態2,3
A_1_21,A,1,21,kokugo,国態2,1
A_1_22,A,1,22,kokugo,国態2,3
A_1_23,A,1,23,kokugo,国態2,4
A_1_24,A,1,24,kokugo,国態2,4
A_1_25,A,1,25,kokugo,国態2,3
A_1_26,A,1,26,kokugo,国態2,3
A_1_27,A,1,27,kokugo,国態2,1
A_1_28,A,1,28,kokugo,国態2,4
A_1_29,A,1,29,kokugo,国態2,4
A_1_30,A,1,30,kokugo,国態2,4
A_2_1,A,2,1,kokugo,国態2,1
A_2_2,A,2,2,kokugo,国態2,3
A_2_3,A,2,3,kokugo,国態2,4
A_2_4,A,2,4,kokugo,国態2,3
A_2_5,A,2,5,kokugo,国態2,3
A_2_6,A,2,6,kokugo,国態2,4
A_2_7,A,2,7,kokugo,国態2,4
A_2_8,A,2,8,kokugo,国態2,4
A_2_9,A,2,9,kokugo,国態2,3
A_2_10,A,2,10,kokugo,国態2,4
A_2_11,A,2,11,kokugo,国態2,4
A_2_12,A,2,12,kokugo,国態2,3
A_2_13,A,2,13,kokugo,国態2,4
A_2_14,A,2,14,kokugo,国態2,3
A_2_15,A,2,15,kokugo,国態2,3
A_2_16,A,2,16,kokugo,国態2,4
A_2_17,A,2,17,kokugo,国態2,3
A_2_18,A,2,18,kokugo,国態2,4
A_2_19,A,2,19,kokugo,国態2,3
A_2_20,A,2,20,kokugo,国態2,3
A_2_21,A,2,21,kokugo,国態2,4
A_2_22,A,2,22,kokugo,国態2,4
A_2_23,A,2,23,kokugo,国態2,4
A_2_24,A,2,24,kokugo,国態2,3
A_2_25,A,2,25,kokugo,国態2,2
A_2_26,A,2,26,kokugo,国態2,4
A_2_27,A,2,27,kokugo,国態2,4
A_2_28,A,2,28,kokugo,国態2,4
A_2_29,A,2,29,kokugo,国態2,4
A_2_30,A,2,30,kokugo,国態2,4
B_1_1,B,1,1,kokugo,国態2,4
B_1_2,B,1,2,kokugo,国態2,3
B_1_3,B,1,3,kokugo,国態2,4
B_1_4,B,1,4,kokugo,国態2,4
B_1_5,B,1,5,kokugo,国態2,4
B_1_6,B,1,6,kokugo,国態2,3
B_1_7,B,1,7,kokugo,国態2,1
B_1_8,B,1,8,kokugo,国態2,3
B_1_9,B,1,9,kokugo,国態2,3
B_1_10,B,1,10,kokugo,国態2,4
B_1_11,B,1,11,kokugo,国態2,4
B_1_12,B,1,12,kokugo,国態2,3
B_1_13,B,1,13,kokugo,国態2,3
B_1_14,B,1,14,kokugo,国態2,4
B_1_15,B,1,15,kokugo,国態2,4
B_1_16,B,1,16,kokugo,国態2,4
B_1_17,B,1,17,kokugo,国態2,3
B_1_18,B,1,18,kokugo,国態2,1
B_1_19,B,1,19,kokugo,国態2,3
B_1_20,B,1,20,kokugo,国態2,3
B_1_21,B,1,21,kokugo,国態2,3
B_1_22,B,1,22,kokugo,国態2,4
B_1_23,B,1,23,kokugo,国態2,2
B_1_24,B,1,24,kokugo,国態2,3
B_1_25,B,1,25,kokugo,国態2,3
B_1_26,B,1,26,kokugo,国態2,4
B_1_27,B,1,27,kokugo,国態2,3
B_1_28,B,1,28,kokugo,国態2,3
B_1_29,B,1,29,kokugo,国態2,2
B_1_30,B,1,30,kokugo,国態2,4
B_2_1,B,2,1,kokugo,国態2,3
B_2_2,B,2,2,kokugo,国態2,4
B_2_3,B,2,3,kokugo,国態2,4
B_2_4,B,2,4,kokugo,国態2,3
B_2_5,B,2,5,kokugo,国態2,4
B_2_6,B,2,6,kokugo,国態2,3
B_2_7,B,2,7,kokugo,国態2,4
B_2_8,B,2,8,kokugo,国態2,3
B_2_9,B,2,9,kokugo,国態2,3
B_2_10,B,2,10,kokugo,国態2,4
B_2_11,B,2,11,kokugo,国態2,3
B_2_12,B,2,12,kokugo,国態2,4
B_2_13,B,2,13,kokugo,国態2,2
B_2_14,B,2,14,kokugo,国態2,3
B_2_15,B,2,15,kokugo,国態2,3
B_2_16,B,2,16,kokugo,国態2,3
B_2_17,B,2,17,kokugo,国態2,3
B_2_18,B,2,18,kokugo,国態2,4
B_2_19,B,2,19,kokugo,国態2,3
B_2_20,B,2,20,kokugo,国態2,2
B_2_21,B,2,21,kokugo,国態2,2
B_2_22,B,2,22,kokugo,国態2,4
B_2_23,B,2,23,kokugo,国態2,4
B_2_24,B,2,24,kokugo,国態2,4
B_2_25,B,2,25,kokugo,国態2,4
B_2_26,B,2,26,kokugo,国態2,4
B_2_27,B,2,27,kokugo,国態2,3
B_2_28,B,2,28,kokugo,国態2,3
B_2_29,B,2,29,kokugo,国態2,4
B_2_30,B,2,30,kokugo,国態2,2
C_1_1,C,1,1,kokugo,国態2,2
C_1_2,C,1,2,kokugo,国態2,2
C_1_3,C,1,3,kokugo,国態2,3
C_1_4,C,1,4,kokugo,国態2,3
C_1_5,C,1,5,kokugo,国態2,3
C_1_6,C,1,6,kokugo,国態2,1
C_1_7,C,1,7,kokugo,国態2,4
C_1_8,C,1,8,kokugo,国態2,4
C_1_9,C,1,9,kokugo,国態2,2
C_1_10,C,1,10,kokugo,国態2,4
C_1_11,C,1,11,kokugo,国態2,4
C_1_12,C,1,12,kokugo,国態2,3
C_1_13,C,1,13,kokugo,国態2,4
C_1_14,C,1,14,kokugo,国態2,3
C_1_15,C,1,15,kokugo,国態2,4
C_1_16,C,1,16,kokugo,国態2,2
C_1_17,C,1,17,kokugo,国態2,2
C_1_18,C,1,18,kokugo,国態2,1
C_1_19,C,1,19,kokugo,国態2,3
C_1_20,C,1,20,kokugo,国態2,3
C_1_21,C,1,21,kokugo,国態2,3
C_1_22,C,1,22,kokugo,国態2,1
C_1_23,C,1,23,kokugo,国態2,3
C_1_24,C,1,24,kokugo,国態2,3
C_1_25,C,1,25,kokugo,国態2,2
C_1_26,C,1,26,kokugo,国態2,3
C_1_27,C,1,27,kokugo,国態2,3
C_1_28,C,1,28,kokugo,国態2,2
C_1_29,C,1,29,kokugo,国態2,2
C_1_30,C,1,30,kokugo,国態2,3
C_2_1,C,2,1,kokugo,国態2,1
C_2_2,C,2,2,kokugo,国態2,2
C_2_3,C,2,3,kokugo,国態2,1
C_2_4,C,2,4,kokugo,国態2,2
C_2_5,C,2,5,kokugo,国態2,2
C_2_6,C,2,6,kokugo,国態2,2
C_2_7,C,2,7,kokugo,国態2,3
C_2_8,C,2,8,kokugo,国態2,3
C_2_9,C,2,9,kokugo,国態2,1
C_2_10,C,2,10,kokugo,国態2,1
C_2_11,C,2,11,kokugo,国態2,3
C_2_12,C,2,12,kokugo,国態2,3
C_2_13,C,2,13,kokugo,国態2,3
C_2_14,C,2,14,kokugo,国態2,4
C_2_15,C,2,15,kokugo,国態2,1
C_2_16,C,2,16,kokugo,国態2,4
C_2_17,C,2,17,kokugo,国態2,3
C_2_18,C,2,18,kokugo,国態2,4
C_2_19,C,2,19,kokugo,国態2,2
C_2_20,C,2,20,kokugo,国態2,3
C_2_21,C,2,21,kokugo,国態2,3
C_2_22,C,2,22,kokugo,国態2,2
C_2_23,C,2,23,kokugo,国態2,2
C_2_24,C,2,24,kokugo,国態2,3
C_2_25,C,2,25,kokugo,国態2,4
C_2_26,C,2,26,kokugo,国態2,3
C_2_27,C,2,27,kokugo,国態2,3
C_2_28,C,2,28,kokugo,国態2,3
C_2_29,C,2,29,kokugo,国態2,4
C_2_30,C,2,30,kokugo,国態2,3
C_1_1,C,1,1,kokugo,国態2,2
C_1_2,C,1,2,kokugo,国態2,3
C_1_3,C,1,3,kokugo,国態2,3
C_1_4,C,1,4,kokugo,国態2,2
C_1_5,C,1,5,kokugo,国態2,2
C_1_6,C,1,6,kokugo,国態2,2
C_1_7,C,1,7,kokugo,国態2,2
C_1_8,C,1,8,kokugo,国態2,4
C_1_9,C,1,9,kokugo,国態2,4
C_1_10,C,1,10,kokugo,国態2,3
C_1_11,C,1,11,kokugo,国態2,3
C_1_12,C,1,12,kokugo,国態2,3
D_1_13,D,1,13,kokugo,国態2,3
D_1_14,D,1,14,kokugo,国態2,4
D_1_15,D,1,15,kokugo,国態2,1
D_1_16,D,1,16,kokugo,国態2,4
D_1_17,D,1,17,kokugo,国態2,2
D_1_18,D,1,18,kokugo,国態2,3
D_1_19,D,1,19,kokugo,国態2,2
D_1_20,D,1,20,kokugo,国態2,1
D_1_21,D,1,21,kokugo,国態2,2
D_1_22,D,1,22,kokugo,国態2,2
D_1_23,D,1,23,kokugo,国態2,3
D_1_24,D,1,24,kokugo,国態2,2
D_1_25,D,1,25,kokugo,国態2,2
D_1_26,D,1,26,kokugo,国態2,3
D_1_27,D,1,27,kokugo,国態2,4
D_1_28,D,1,28,kokugo,国態2,4
D_1_29,D,1,29,kokugo,国態2,4
D_1_30,D,1,30,kokugo,国態2,4
D_2_1,D,2,1,kokugo,国態2,2
D_2_2,D,2,2,kokugo,国態2,3
D_2_3,D,2,3,kokugo,国態2,2
D_2_4,D,2,4,kokugo,国態2,2
D_2_5,D,2,5,kokugo,国態2,2
D_2_6,D,2,6,kokugo,国態2,3
D_2_7,D,2,7,kokugo,国態2,3
D_2_8,D,2,8,kokugo,国態2,2
D_2_9,D,2,9,kokugo,国態2,2
D_2_10,D,2,10,kokugo,国態2,3
D_2_11,D,2,11,kokugo,国態2,3
D_2_12,D,2,12,kokugo,国態2,3
D_2_13,D,2,13,kokugo,国態2,4
D_2_14,D,2,14,kokugo,国態2,3
D_2_15,D,2,15,kokugo,国態2,3
D_2_16,D,2,16,kokugo,国態2,3
D_2_17,D,2,17,kokugo,国態2,2
D_2_18,D,2,18,kokugo,国態2,4
D_2_19,D,2,19,kokugo,国態2,3
D_2_20,D,2,20,kokugo,国態2,3
D_2_21,D,2,21,kokugo,国態2,2
D_2_22,D,2,22,kokugo,国態2,4
D_2_23,D,2,23,kokugo,国態2,2
D_2_24,D,2,24,kokugo,国態2,0
D_2_25,D,2,25,kokugo,国態2,2
D_2_26,D,2,26,kokugo,国態2,4
D_2_27,D,2,27,kokugo,国態2,2
D_2_28,D,2,28,kokugo,国態2,3
D_2_29,D,2,29,kokugo,国態2,3
D_2_30,D,2,30,kokugo,国態2,2
A_1_1,A,1,1,kokugo,国態3,4
A_1_2,A,1,2,kokugo,国態3,2
A_1_3,A,1,3,kokugo,国態3,3
A_1_4,A,1,4,kokugo,国態3,4
A_1_5,A,1,5,kokugo,国態3,3
A_1_6,A,1,6,kokugo,国態3,4
A_1_7,A,1,7,kokugo,国態3,4
A_1_8,A,1,8,kokugo,国態3,4
A_1_9,A,1,9,kokugo,国態3,4
A_1_10,A,1,10,kokugo,国態3,4
A_1_11,A,1,11,kokugo,国態3,4
A_1_12,A,1,12,kokugo,国態3,4
A_1_13,A,1,13,kokugo,国態3,3
A_1_14,A,1,14,kokugo,国態3,4
A_1_15,A,1,15,kokugo,国態3,3
A_1_16,A,1,16,kokugo,国態3,4
A_1_17,A,1,17,kokugo,国態3,3
A_1_18,A,1,18,kokugo,国態3,4
A_1_19,A,1,19,kokugo,国態3,4
A_1_20,A,1,20,kokugo,国態3,4
A_1_21,A,1,21,kokugo,国態3,4
A_1_22,A,1,22,kokugo,国態3,4
A_1_23,A,1,23,kokugo,国態3,4
A_1_24,A,1,24,kokugo,国態3,4
A_1_25,A,1,25,kokugo,国態3,4
A_1_26,A,1,26,kokugo,国態3,3
A_1_27,A,1,27,kokugo,国態3,1
A_1_28,A,1,28,kokugo,国態3,4
A_1_29,A,1,29,kokugo,国態3,4
A_1_30,A,1,30,kokugo,国態3,4
A_2_1,A,2,1,kokugo,国態3,1
A_2_2,A,2,2,kokugo,国態3,3
A_2_3,A,2,3,kokugo,国態3,4
A_2_4,A,2,4,kokugo,国態3,4
A_2_5,A,2,5,kokugo,国態3,4
A_2_6,A,2,6,kokugo,国態3,4
A_2_7,A,2,7,kokugo,国態3,4
A_2_8,A,2,8,kokugo,国態3,4
A_2_9,A,2,9,kokugo,国態3,4
A_2_10,A,2,10,kokugo,国態3,4
A_2_11,A,2,11,kokugo,国態3,4
A_2_12,A,2,12,kokugo,国態3,3
A_2_13,A,2,13,kokugo,国態3,4
A_2_14,A,2,14,kokugo,国態3,3
A_2_15,A,2,15,kokugo,国態3,4
A_2_16,A,2,16,kokugo,国態3,4
A_2_17,A,2,17,kokugo,国態3,3
A_2_18,A,2,18,kokugo,国態3,4
A_2_19,A,2,19,kokugo,国態3,3
A_2_20,A,2,20,kokugo,国態3,4
A_2_21,A,2,21,kokugo,国態3,4
A_2_22,A,2,22,kokugo,国態3,4
A_2_23,A,2,23,kokugo,国態3,4
A_2_24,A,2,24,kokugo,国態3,3
A_2_25,A,2,25,kokugo,国態3,3
A_2_26,A,2,26,kokugo,国態3,4
A_2_27,A,2,27,kokugo,国態3,4
A_2_28,A,2,28,kokugo,国態3,4
A_2_29,A,2,29,kokugo,国態3,4
A_2_30,A,2,30,kokugo,国態3,4
B_1_1,B,1,1,kokugo,国態3,4
B_1_2,B,1,2,kokugo,国態3,4
B_1_3,B,1,3,kokugo,国態3,4
B_1_4,B,1,4,kokugo,国態3,4
B_1_5,B,1,5,kokugo,国態3,4
B_1_6,B,1,6,kokugo,国態3,3
B_1_7,B,1,7,kokugo,国態3,1
B_1_8,B,1,8,kokugo,国態3,4
B_1_9,B,1,9,kokugo,国態3,4
B_1_10,B,1,10,kokugo,国態3,3
B_1_11,B,1,11,kokugo,国態3,4
B_1_12,B,1,12,kokugo,国態3,3
B_1_13,B,1,13,kokugo,国態3,4
B_1_14,B,1,14,kokugo,国態3,4
B_1_15,B,1,15,kokugo,国態3,4
B_1_16,B,1,16,kokugo,国態3,4
B_1_17,B,1,17,kokugo,国態3,3
B_1_18,B,1,18,kokugo,国態3,1
B_1_19,B,1,19,kokugo,国態3,3
B_1_20,B,1,20,kokugo,国態3,4
B_1_21,B,1,21,kokugo,国態3,4
B_1_22,B,1,22,kokugo,国態3,4
B_1_23,B,1,23,kokugo,国態3,3
B_1_24,B,1,24,kokugo,国態3,3
B_1_25,B,1,25,kokugo,国態3,3
B_1_26,B,1,26,kokugo,国態3,4
B_1_27,B,1,27,kokugo,国態3,4
B_1_28,B,1,28,kokugo,国態3,3
B_1_29,B,1,29,kokugo,国態3,3
B_1_30,B,1,30,kokugo,国態3,4
B_2_1,B,2,1,kokugo,国態3,2
B_2_2,B,2,2,kokugo,国態3,4
B_2_3,B,2,3,kokugo,国態3,4
B_2_4,B,2,4,kokugo,国態3,4
B_2_5,B,2,5,kokugo,国態3,4
B_2_6,B,2,6,kokugo,国態3,3
B_2_7,B,2,7,kokugo,国態3,4
B_2_8,B,2,8,kokugo,国態3,3
B_2_9,B,2,9,kokugo,国態3,4
B_2_10,B,2,10,kokugo,国態3,4
B_2_11,B,2,11,kokugo,国態3,3
B_2_12,B,2,12,kokugo,国態3,4
B_2_13,B,2,13,kokugo,国態3,4
B_2_14,B,2,14,kokugo,国態3,4
B_2_15,B,2,15,kokugo,国態3,3
B_2_16,B,2,16,kokugo,国態3,4
B_2_17,B,2,17,kokugo,国態3,3
B_2_18,B,2,18,kokugo,国態3,4
B_2_19,B,2,19,kokugo,国態3,2
B_2_20,B,2,20,kokugo,国態3,1
B_2_21,B,2,21,kokugo,国態3,4
B_2_22,B,2,22,kokugo,国態3,3
B_2_23,B,2,23,kokugo,国態3,4
B_2_24,B,2,24,kokugo,国態3,4
B_2_25,B,2,25,kokugo,国態3,4
B_2_26,B,2,26,kokugo,国態3,4
B_2_27,B,2,27,kokugo,国態3,4
B_2_28,B,2,28,kokugo,国態3,3
B_2_29,B,2,29,kokugo,国態3,4
B_2_30,B,2,30,kokugo,国態3,3
C_1_1,C,1,1,kokugo,国態3,3
C_1_2,C,1,2,kokugo,国態3,3
C_1_3,C,1,3,kokugo,国態3,3
C_1_4,C,1,4,kokugo,国態3,3
C_1_5,C,1,5,kokugo,国態3,3
C_1_6,C,1,6,kokugo,国態3,1
C_1_7,C,1,7,kokugo,国態3,4
C_1_8,C,1,8,kokugo,国態3,4
C_1_9,C,1,9,kokugo,国態3,4
C_1_10,C,1,10,kokugo,国態3,4
C_1_11,C,1,11,kokugo,国態3,4
C_1_12,C,1,12,kokugo,国態3,4
C_1_13,C,1,13,kokugo,国態3,4
C_1_14,C,1,14,kokugo,国態3,2
C_1_15,C,1,15,kokugo,国態3,4
C_1_16,C,1,16,kokugo,国態3,2
C_1_17,C,1,17,kokugo,国態3,2
C_1_18,C,1,18,kokugo,国態3,3
C_1_19,C,1,19,kokugo,国態3,2
C_1_20,C,1,20,kokugo,国態3,3
C_1_21,C,1,21,kokugo,国態3,3
C_1_22,C,1,22,kokugo,国態3,1
C_1_23,C,1,23,kokugo,国態3,3
C_1_24,C,1,24,kokugo,国態3,4
C_1_25,C,1,25,kokugo,国態3,3
C_1_26,C,1,26,kokugo,国態3,3
C_1_27,C,1,27,kokugo,国態3,4
C_1_28,C,1,28,kokugo,国態3,3
C_1_29,C,1,29,kokugo,国態3,1
C_1_30,C,1,30,kokugo,国態3,0
C_2_1,C,2,1,kokugo,国態3,2
C_2_2,C,2,2,kokugo,国態3,2
C_2_3,C,2,3,kokugo,国態3,2
C_2_4,C,2,4,kokugo,国態3,3
C_2_5,C,2,5,kokugo,国態3,2
C_2_6,C,2,6,kokugo,国態3,4
C_2_7,C,2,7,kokugo,国態3,3
C_2_8,C,2,8,kokugo,国態3,4
C_2_9,C,2,9,kokugo,国態3,1
C_2_10,C,2,10,kokugo,国態3,4
C_2_11,C,2,11,kokugo,国態3,3
C_2_12,C,2,12,kokugo,国態3,3
C_2_13,C,2,13,kokugo,国態3,3
C_2_14,C,2,14,kokugo,国態3,4
C_2_15,C,2,15,kokugo,国態3,1
C_2_16,C,2,16,kokugo,国態3,4
C_2_17,C,2,17,kokugo,国態3,4
C_2_18,C,2,18,kokugo,国態3,4
C_2_19,C,2,19,kokugo,国態3,2
C_2_20,C,2,20,kokugo,国態3,4
C_2_21,C,2,21,kokugo,国態3,4
C_2_22,C,2,22,kokugo,国態3,3
C_2_23,C,2,23,kokugo,国態3,3
C_2_24,C,2,24,kokugo,国態3,3
C_2_25,C,2,25,kokugo,国態3,4
C_2_26,C,2,26,kokugo,国態3,4
C_2_27,C,2,27,kokugo,国態3,3
C_2_28,C,2,28,kokugo,国態3,3
C_2_29,C,2,29,kokugo,国態3,4
C_2_30,C,2,30,kokugo,国態3,4
C_1_1,C,1,1,kokugo,国態3,3
C_1_2,C,1,2,kokugo,国態3,4
C_1_3,C,1,3,kokugo,国態3,3
C_1_4,C,1,4,kokugo,国態3,3
C_1_5,C,1,5,kokugo,国態3,3
C_1_6,C,1,6,kokugo,国態3,3
C_1_7,C,1,7,kokugo,国態3,2
C_1_8,C,1,8,kokugo,国態3,3
C_1_9,C,1,9,kokugo,国態3,4
C_1_10,C,1,10,kokugo,国態3,3
C_1_11,C,1,11,kokugo,国態3,4
C_1_12,C,1,12,kokugo,国態3,3
D_1_13,D,1,13,kokugo,国態3,3
D_1_14,D,1,14,kokugo,国態3,4
D_1_15,D,1,15,kokugo,国態3,1
D_1_16,D,1,16,kokugo,国態3,4
D_1_17,D,1,17,kokugo,国態3,4
D_1_18,D,1,18,kokugo,国態3,3
D_1_19,D,1,19,kokugo,国態3,2
D_1_20,D,1,20,kokugo,国態3,1
D_1_21,D,1,21,kokugo,国態3,2
D_1_22,D,1,22,kokugo,国態3,2
D_1_23,D,1,23,kokugo,国態3,3
D_1_24,D,1,24,kokugo,国態3,2
D_1_25,D,1,25,kokugo,国態3,3
D_1_26,D,1,26,kokugo,国態3,3
D_1_27,D,1,27,kokugo,国態3,4
D_1_28,D,1,28,kokugo,国態3,4
D_1_29,D,1,29,kokugo,国態3,4
D_1_30,D,1,30,kokugo,国態3,4
D_2_1,D,2,1,kokugo,国態3,4
D_2_2,D,2,2,kokugo,国態3,3
D_2_3,D,2,3,kokugo,国態3,4
D_2_4,D,2,4,kokugo,国態3,3
D_2_5,D,2,5,kokugo,国態3,3
D_2_6,D,2,6,kokugo,国態3,4
D_2_7,D,2,7,kokugo,国態3,4
D_2_8,D,2,8,kokugo,国態3,4
D_2_9,D,2,9,kokugo,国態3,4
D_2_10,D,2,10,kokugo,国態3,4
D_2_11,D,2,11,kokugo,国態3,4
D_2_12,D,2,12,kokugo,国態3,3
D_2_13,D,2,13,kokugo,国態3,4
D_2_14,D,2,14,kokugo,国態3,3
D_2_15,D,2,15,kokugo,国態3,4
D_2_16,D,2,16,kokugo,国態3,3
D_2_17,D,2,17,kokugo,国態3,3
D_2_18,D,2,18,kokugo,国態3,4
D_2_19,D,2,19,kokugo,国態3,3
D_2_20,D,2,20,kokugo,国態3,3
D_2_21,D,2,21,kokugo,国態3,4
D_2_22,D,2,22,kokugo,国態3,4
D_2_23,D,2,23,kokugo,国態3,4
D_2_24,D,2,24,kokugo,国態3,0
D_2_25,D,2,25,kokugo,国態3,3
D_2_26,D,2,26,kokugo,国態3,4
D_2_27,D,2,27,kokugo,国態3,4
D_2_28,D,2,28,kokugo,国態3,4
D_2_29,D,2,29,kokugo,国態3,3
D_2_30,D,2,30,kokugo,国態3,2
A_1_1,A,1,1,kokugo,国態4,3
A_1_2,A,1,2,kokugo,国態4,2
A_1_3,A,1,3,kokugo,国態4,2
A_1_4,A,1,4,kokugo,国態4,3
A_1_5,A,1,5,kokugo,国態4,3
A_1_6,A,1,6,kokugo,国態4,4
A_1_7,A,1,7,kokugo,国態4,3
A_1_8,A,1,8,kokugo,国態4,4
A_1_9,A,1,9,kokugo,国態4,3
A_1_10,A,1,10,kokugo,国態4,4
A_1_11,A,1,11,kokugo,国態4,4
A_1_12,A,1,12,kokugo,国態4,3
A_1_13,A,1,13,kokugo,国態4,3
A_1_14,A,1,14,kokugo,国態4,3
A_1_15,A,1,15,kokugo,国態4,3
A_1_16,A,1,16,kokugo,国態4,4
A_1_17,A,1,17,kokugo,国態4,3
A_1_18,A,1,18,kokugo,国態4,3
A_1_19,A,1,19,kokugo,国態4,4
A_1_20,A,1,20,kokugo,国態4,3
A_1_21,A,1,21,kokugo,国態4,3
A_1_22,A,1,22,kokugo,国態4,3
A_1_23,A,1,23,kokugo,国態4,4
A_1_24,A,1,24,kokugo,国態4,4
A_1_25,A,1,25,kokugo,国態4,3
A_1_26,A,1,26,kokugo,国態4,3
A_1_27,A,1,27,kokugo,国態4,1
A_1_28,A,1,28,kokugo,国態4,3
A_1_29,A,1,29,kokugo,国態4,4
A_1_30,A,1,30,kokugo,国態4,4
A_2_1,A,2,1,kokugo,国態4,1
A_2_2,A,2,2,kokugo,国態4,3
A_2_3,A,2,3,kokugo,国態4,3
A_2_4,A,2,4,kokugo,国態4,3
A_2_5,A,2,5,kokugo,国態4,3
A_2_6,A,2,6,kokugo,国態4,3
A_2_7,A,2,7,kokugo,国態4,4
A_2_8,A,2,8,kokugo,国態4,4
A_2_9,A,2,9,kokugo,国態4,3
A_2_10,A,2,10,kokugo,国態4,4
A_2_11,A,2,11,kokugo,国態4,4
A_2_12,A,2,12,kokugo,国態4,0
A_2_13,A,2,13,kokugo,国態4,4
A_2_14,A,2,14,kokugo,国態4,3
A_2_15,A,2,15,kokugo,国態4,4
A_2_16,A,2,16,kokugo,国態4,4
A_2_17,A,2,17,kokugo,国態4,3
A_2_18,A,2,18,kokugo,国態4,4
A_2_19,A,2,19,kokugo,国態4,3
A_2_20,A,2,20,kokugo,国態4,3
A_2_21,A,2,21,kokugo,国態4,4
A_2_22,A,2,22,kokugo,国態4,4
A_2_23,A,2,23,kokugo,国態4,4
A_2_24,A,2,24,kokugo,国態4,3
A_2_25,A,2,25,kokugo,国態4,2
A_2_26,A,2,26,kokugo,国態4,4
A_2_27,A,2,27,kokugo,国態4,3
A_2_28,A,2,28,kokugo,国態4,4
A_2_29,A,2,29,kokugo,国態4,4
A_2_30,A,2,30,kokugo,国態4,4
B_1_1,B,1,1,kokugo,国態4,4
B_1_2,B,1,2,kokugo,国態4,3
B_1_3,B,1,3,kokugo,国態4,4
B_1_4,B,1,4,kokugo,国態4,3
B_1_5,B,1,5,kokugo,国態4,4
B_1_6,B,1,6,kokugo,国態4,3
B_1_7,B,1,7,kokugo,国態4,3
B_1_8,B,1,8,kokugo,国態4,4
B_1_9,B,1,9,kokugo,国態4,4
B_1_10,B,1,10,kokugo,国態4,3
B_1_11,B,1,11,kokugo,国態4,4
B_1_12,B,1,12,kokugo,国態4,3
B_1_13,B,1,13,kokugo,国態4,4
B_1_14,B,1,14,kokugo,国態4,4
B_1_15,B,1,15,kokugo,国態4,4
B_1_16,B,1,16,kokugo,国態4,4
B_1_17,B,1,17,kokugo,国態4,3
B_1_18,B,1,18,kokugo,国態4,1
B_1_19,B,1,19,kokugo,国態4,3
B_1_20,B,1,20,kokugo,国態4,4
B_1_21,B,1,21,kokugo,国態4,4
B_1_22,B,1,22,kokugo,国態4,4
B_1_23,B,1,23,kokugo,国態4,3
B_1_24,B,1,24,kokugo,国態4,3
B_1_25,B,1,25,kokugo,国態4,2
B_1_26,B,1,26,kokugo,国態4,4
B_1_27,B,1,27,kokugo,国態4,3
B_1_28,B,1,28,kokugo,国態4,3
B_1_29,B,1,29,kokugo,国態4,3
B_1_30,B,1,30,kokugo,国態4,4
B_2_1,B,2,1,kokugo,国態4,3
B_2_2,B,2,2,kokugo,国態4,4
B_2_3,B,2,3,kokugo,国態4,4
B_2_4,B,2,4,kokugo,国態4,3
B_2_5,B,2,5,kokugo,国態4,4
B_2_6,B,2,6,kokugo,国態4,3
B_2_7,B,2,7,kokugo,国態4,4
B_2_8,B,2,8,kokugo,国態4,3
B_2_9,B,2,9,kokugo,国態4,3
B_2_10,B,2,10,kokugo,国態4,4
B_2_11,B,2,11,kokugo,国態4,3
B_2_12,B,2,12,kokugo,国態4,3
B_2_13,B,2,13,kokugo,国態4,3
B_2_14,B,2,14,kokugo,国態4,4
B_2_15,B,2,15,kokugo,国態4,2
B_2_16,B,2,16,kokugo,国態4,3
B_2_17,B,2,17,kokugo,国態4,3
B_2_18,B,2,18,kokugo,国態4,4
B_2_19,B,2,19,kokugo,国態4,2
B_2_20,B,2,20,kokugo,国態4,2
B_2_21,B,2,21,kokugo,国態4,2
B_2_22,B,2,22,kokugo,国態4,4
B_2_23,B,2,23,kokugo,国態4,4
B_2_24,B,2,24,kokugo,国態4,4
B_2_25,B,2,25,kokugo,国態4,4
B_2_26,B,2,26,kokugo,国態4,3
B_2_27,B,2,27,kokugo,国態4,4
B_2_28,B,2,28,kokugo,国態4,3
B_2_29,B,2,29,kokugo,国態4,4
B_2_30,B,2,30,kokugo,国態4,3
C_1_1,C,1,1,kokugo,国態4,4
C_1_2,C,1,2,kokugo,国態4,2
C_1_3,C,1,3,kokugo,国態4,3
C_1_4,C,1,4,kokugo,国態4,3
C_1_5,C,1,5,kokugo,国態4,2
C_1_6,C,1,6,kokugo,国態4,3
C_1_7,C,1,7,kokugo,国態4,3
C_1_8,C,1,8,kokugo,国態4,3
C_1_9,C,1,9,kokugo,国態4,3
C_1_10,C,1,10,kokugo,国態4,3
C_1_11,C,1,11,kokugo,国態4,4
C_1_12,C,1,12,kokugo,国態4,3
C_1_13,C,1,13,kokugo,国態4,4
C_1_14,C,1,14,kokugo,国態4,3
C_1_15,C,1,15,kokugo,国態4,4
C_1_16,C,1,16,kokugo,国態4,3
C_1_17,C,1,17,kokugo,国態4,2
C_1_18,C,1,18,kokugo,国態4,1
C_1_19,C,1,19,kokugo,国態4,2
C_1_20,C,1,20,kokugo,国態4,2
C_1_21,C,1,21,kokugo,国態4,3
C_1_22,C,1,22,kokugo,国態4,1
C_1_23,C,1,23,kokugo,国態4,3
C_1_24,C,1,24,kokugo,国態4,4
C_1_25,C,1,25,kokugo,国態4,3
C_1_26,C,1,26,kokugo,国態4,2
C_1_27,C,1,27,kokugo,国態4,2
C_1_28,C,1,28,kokugo,国態4,2
C_1_29,C,1,29,kokugo,国態4,1
C_1_30,C,1,30,kokugo,国態4,4
C_2_1,C,2,1,kokugo,国態4,2
C_2_2,C,2,2,kokugo,国態4,2
C_2_3,C,2,3,kokugo,国態4,2
C_2_4,C,2,4,kokugo,国態4,4
C_2_5,C,2,5,kokugo,国態4,3
C_2_6,C,2,6,kokugo,国態4,4
C_2_7,C,2,7,kokugo,国態4,3
C_2_8,C,2,8,kokugo,国態4,3
C_2_9,C,2,9,kokugo,国態4,1
C_2_10,C,2,10,kokugo,国態4,2
C_2_11,C,2,11,kokugo,国態4,3
C_2_12,C,2,12,kokugo,国態4,4
C_2_13,C,2,13,kokugo,国態4,3
C_2_14,C,2,14,kokugo,国態4,4
C_2_15,C,2,15,kokugo,国態4,1
C_2_16,C,2,16,kokugo,国態4,3
C_2_17,C,2,17,kokugo,国態4,3
C_2_18,C,2,18,kokugo,国態4,4
C_2_19,C,2,19,kokugo,国態4,3
C_2_20,C,2,20,kokugo,国態4,4
C_2_21,C,2,21,kokugo,国態4,3
C_2_22,C,2,22,kokugo,国態4,3
C_2_23,C,2,23,kokugo,国態4,2
C_2_24,C,2,24,kokugo,国態4,3
C_2_25,C,2,25,kokugo,国態4,4
C_2_26,C,2,26,kokugo,国態4,3
C_2_27,C,2,27,kokugo,国態4,3
C_2_28,C,2,28,kokugo,国態4,2
C_2_29,C,2,29,kokugo,国態4,4
C_2_30,C,2,30,kokugo,国態4,4
C_1_1,C,1,1,kokugo,国態4,2
C_1_2,C,1,2,kokugo,国態4,3
C_1_3,C,1,3,kokugo,国態4,3
C_1_4,C,1,4,kokugo,国態4,4
C_1_5,C,1,5,kokugo,国態4,3
C_1_6,C,1,6,kokugo,国態4,3
C_1_7,C,1,7,kokugo,国態4,2
C_1_8,C,1,8,kokugo,国態4,2
C_1_9,C,1,9,kokugo,国態4,3
C_1_10,C,1,10,kokugo,国態4,3
C_1_11,C,1,11,kokugo,国態4,3
C_1_12,C,1,12,kokugo,国態4,3
D_1_13,D,1,13,kokugo,国態4,3
D_1_14,D,1,14,kokugo,国態4,4
D_1_15,D,1,15,kokugo,国態4,1
D_1_16,D,1,16,kokugo,国態4,4
D_1_17,D,1,17,kokugo,国態4,3
D_1_18,D,1,18,kokugo,国態4,3
D_1_19,D,1,19,kokugo,国態4,2
D_1_20,D,1,20,kokugo,国態4,1
D_1_21,D,1,21,kokugo,国態4,2
D_1_22,D,1,22,kokugo,国態4,2
D_1_23,D,1,23,kokugo,国態4,3
D_1_24,D,1,24,kokugo,国態4,3
D_1_25,D,1,25,kokugo,国態4,3
D_1_26,D,1,26,kokugo,国態4,3
D_1_27,D,1,27,kokugo,国態4,4
D_1_28,D,1,28,kokugo,国態4,3
D_1_29,D,1,29,kokugo,国態4,3
D_1_30,D,1,30,kokugo,国態4,3
D_2_1,D,2,1,kokugo,国態4,4
D_2_2,D,2,2,kokugo,国態4,3
D_2_3,D,2,3,kokugo,国態4,3
D_2_4,D,2,4,kokugo,国態4,3
D_2_5,D,2,5,kokugo,国態4,3
D_2_6,D,2,6,kokugo,国態4,4
D_2_7,D,2,7,kokugo,国態4,3
D_2_8,D,2,8,kokugo,国態4,3
D_2_9,D,2,9,kokugo,国態4,3
D_2_10,D,2,10,kokugo,国態4,3
D_2_11,D,2,11,kokugo,国態4,4
D_2_12,D,2,12,kokugo,国態4,4
D_2_13,D,2,13,kokugo,国態4,4
D_2_14,D,2,14,kokugo,国態4,3
D_2_15,D,2,15,kokugo,国態4,3
D_2_16,D,2,16,kokugo,国態4,3
D_2_17,D,2,17,kokugo,国態4,3
D_2_18,D,2,18,kokugo,国態4,4
D_2_19,D,2,19,kokugo,国態4,3
D_2_20,D,2,20,kokugo,国態4,3
D_2_21,D,2,21,kokugo,国態4,3
D_2_22,D,2,22,kokugo,国態4,4
D_2_23,D,2,23,kokugo,国態4,4
D_2_24,D,2,24,kokugo,国態4,0
D_2_25,D,2,25,kokugo,国態4,2
D_2_26,D,2,26,kokugo,国態4,3
D_2_27,D,2,27,kokugo,国態4,4
D_2_28,D,2,28,kokugo,国態4,3
D_2_29,D,2,29,kokugo,国態4,3
D_2_30,D,2,30,kokugo,国態4,3
A_1_1,A,1,1,kokugo,国態5,4
A_1_2,A,1,2,kokugo,国態5,2
A_1_3,A,1,3,kokugo,国態5,4
A_1_4,A,1,4,kokugo,国態5,4
A_1_5,A,1,5,kokugo,国態5,4
A_1_6,A,1,6,kokugo,国態5,4
A_1_7,A,1,7,kokugo,国態5,4
A_1_8,A,1,8,kokugo,国態5,3
A_1_9,A,1,9,kokugo,国態5,4
A_1_10,A,1,10,kokugo,国態5,3
A_1_11,A,1,11,kokugo,国態5,4
A_1_12,A,1,12,kokugo,国態5,3
A_1_13,A,1,13,kokugo,国態5,3
A_1_14,A,1,14,kokugo,国態5,4
A_1_15,A,1,15,kokugo,国態5,4
A_1_16,A,1,16,kokugo,国態5,4
A_1_17,A,1,17,kokugo,国態5,3
A_1_18,A,1,18,kokugo,国態5,4
A_1_19,A,1,19,kokugo,国態5,4
A_1_20,A,1,20,kokugo,国態5,4
A_1_21,A,1,21,kokugo,国態5,4
A_1_22,A,1,22,kokugo,国態5,4
A_1_23,A,1,23,kokugo,国態5,4
A_1_24,A,1,24,kokugo,国態5,4
A_1_25,A,1,25,kokugo,国態5,4
A_1_26,A,1,26,kokugo,国態5,4
A_1_27,A,1,27,kokugo,国態5,1
A_1_28,A,1,28,kokugo,国態5,4
A_1_29,A,1,29,kokugo,国態5,4
A_1_30,A,1,30,kokugo,国態5,4
A_2_1,A,2,1,kokugo,国態5,1
A_2_2,A,2,2,kokugo,国態5,3
A_2_3,A,2,3,kokugo,国態5,4
A_2_4,A,2,4,kokugo,国態5,4
A_2_5,A,2,5,kokugo,国態5,3
A_2_6,A,2,6,kokugo,国態5,4
A_2_7,A,2,7,kokugo,国態5,4
A_2_8,A,2,8,kokugo,国態5,4
A_2_9,A,2,9,kokugo,国態5,2
A_2_10,A,2,10,kokugo,国態5,4
A_2_11,A,2,11,kokugo,国態5,4
A_2_12,A,2,12,kokugo,国態5,2
A_2_13,A,2,13,kokugo,国態5,4
A_2_14,A,2,14,kokugo,国態5,4
A_2_15,A,2,15,kokugo,国態5,3
A_2_16,A,2,16,kokugo,国態5,4
A_2_17,A,2,17,kokugo,国態5,3
A_2_18,A,2,18,kokugo,国態5,4
A_2_19,A,2,19,kokugo,国態5,2
A_2_20,A,2,20,kokugo,国態5,4
A_2_21,A,2,21,kokugo,国態5,4
A_2_22,A,2,22,kokugo,国態5,4
A_2_23,A,2,23,kokugo,国態5,4
A_2_24,A,2,24,kokugo,国態5,1
A_2_25,A,2,25,kokugo,国態5,3
A_2_26,A,2,26,kokugo,国態5,4
A_2_27,A,2,27,kokugo,国態5,4
A_2_28,A,2,28,kokugo,国態5,3
A_2_29,A,2,29,kokugo,国態5,4
A_2_30,A,2,30,kokugo,国態5,4
B_1_1,B,1,1,kokugo,国態5,4
B_1_2,B,1,2,kokugo,国態5,2
B_1_3,B,1,3,kokugo,国態5,3
B_1_4,B,1,4,kokugo,国態5,3
B_1_5,B,1,5,kokugo,国態5,4
B_1_6,B,1,6,kokugo,国態5,3
B_1_7,B,1,7,kokugo,国態5,3
B_1_8,B,1,8,kokugo,国態5,4
B_1_9,B,1,9,kokugo,国態5,2
B_1_10,B,1,10,kokugo,国態5,3
B_1_11,B,1,11,kokugo,国態5,4
B_1_12,B,1,12,kokugo,国態5,3
B_1_13,B,1,13,kokugo,国態5,4
B_1_14,B,1,14,kokugo,国態5,4
B_1_15,B,1,15,kokugo,国態5,4
B_1_16,B,1,16,kokugo,国態5,4
B_1_17,B,1,17,kokugo,国態5,3
B_1_18,B,1,18,kokugo,国態5,1
B_1_19,B,1,19,kokugo,国態5,3
B_1_20,B,1,20,kokugo,国態5,4
B_1_21,B,1,21,kokugo,国態5,4
B_1_22,B,1,22,kokugo,国態5,4
B_1_23,B,1,23,kokugo,国態5,3
B_1_24,B,1,24,kokugo,国態5,3
B_1_25,B,1,25,kokugo,国態5,2
B_1_26,B,1,26,kokugo,国態5,4
B_1_27,B,1,27,kokugo,国態5,3
B_1_28,B,1,28,kokugo,国態5,3
B_1_29,B,1,29,kokugo,国態5,3
B_1_30,B,1,30,kokugo,国態5,4
B_2_1,B,2,1,kokugo,国態5,2
B_2_2,B,2,2,kokugo,国態5,4
B_2_3,B,2,3,kokugo,国態5,4
B_2_4,B,2,4,kokugo,国態5,4
B_2_5,B,2,5,kokugo,国態5,4
B_2_6,B,2,6,kokugo,国態5,3
B_2_7,B,2,7,kokugo,国態5,4
B_2_8,B,2,8,kokugo,国態5,3
B_2_9,B,2,9,kokugo,国態5,4
B_2_10,B,2,10,kokugo,国態5,4
B_2_11,B,2,11,kokugo,国態5,2
B_2_12,B,2,12,kokugo,国態5,4
B_2_13,B,2,13,kokugo,国態5,4
B_2_14,B,2,14,kokugo,国態5,4
B_2_15,B,2,15,kokugo,国態5,3
B_2_16,B,2,16,kokugo,国態5,3
B_2_17,B,2,17,kokugo,国態5,3
B_2_18,B,2,18,kokugo,国態5,4
B_2_19,B,2,19,kokugo,国態5,2
B_2_20,B,2,20,kokugo,国態5,1
B_2_21,B,2,21,kokugo,国態5,2
B_2_22,B,2,22,kokugo,国態5,3
B_2_23,B,2,23,kokugo,国態5,4
B_2_24,B,2,24,kokugo,国態5,4
B_2_25,B,2,25,kokugo,国態5,4
B_2_26,B,2,26,kokugo,国態5,4
B_2_27,B,2,27,kokugo,国態5,4
B_2_28,B,2,28,kokugo,国態5,3
B_2_29,B,2,29,kokugo,国態5,4
B_2_30,B,2,30,kokugo,国態5,2
C_1_1,C,1,1,kokugo,国態5,2
C_1_2,C,1,2,kokugo,国態5,1
C_1_3,C,1,3,kokugo,国態5,3
C_1_4,C,1,4,kokugo,国態5,4
C_1_5,C,1,5,kokugo,国態5,3
C_1_6,C,1,6,kokugo,国態5,1
C_1_7,C,1,7,kokugo,国態5,4
C_1_8,C,1,8,kokugo,国態5,4
C_1_9,C,1,9,kokugo,国態5,4
C_1_10,C,1,10,kokugo,国態5,4
C_1_11,C,1,11,kokugo,国態5,3
C_1_12,C,1,12,kokugo,国態5,3
C_1_13,C,1,13,kokugo,国態5,3
C_1_14,C,1,14,kokugo,国態5,3
C_1_15,C,1,15,kokugo,国態5,4
C_1_16,C,1,16,kokugo,国態5,3
C_1_17,C,1,17,kokugo,国態5,2
C_1_18,C,1,18,kokugo,国態5,1
C_1_19,C,1,19,kokugo,国態5,3
C_1_20,C,1,20,kokugo,国態5,2
C_1_21,C,1,21,kokugo,国態5,3
C_1_22,C,1,22,kokugo,国態5,1
C_1_23,C,1,23,kokugo,国態5,3
C_1_24,C,1,24,kokugo,国態5,4
C_1_25,C,1,25,kokugo,国態5,2
C_1_26,C,1,26,kokugo,国態5,3
C_1_27,C,1,27,kokugo,国態5,1
C_1_28,C,1,28,kokugo,国態5,1
C_1_29,C,1,29,kokugo,国態5,1
C_1_30,C,1,30,kokugo,国態5,2
C_2_1,C,2,1,kokugo,国態5,1
C_2_2,C,2,2,kokugo,国態5,2
C_2_3,C,2,3,kokugo,国態5,2
C_2_4,C,2,4,kokugo,国態5,4
C_2_5,C,2,5,kokugo,国態5,2
C_2_6,C,2,6,kokugo,国態5,4
C_2_7,C,2,7,kokugo,国態5,3
C_2_8,C,2,8,kokugo,国態5,4
C_2_9,C,2,9,kokugo,国態5,1
C_2_10,C,2,10,kokugo,国態5,4
C_2_11,C,2,11,kokugo,国態5,3
C_2_12,C,2,12,kokugo,国態5,3
C_2_13,C,2,13,kokugo,国態5,3
C_2_14,C,2,14,kokugo,国態5,4
C_2_15,C,2,15,kokugo,国態5,1
C_2_16,C,2,16,kokugo,国態5,3
C_2_17,C,2,17,kokugo,国態5,3
C_2_18,C,2,18,kokugo,国態5,4
C_2_19,C,2,19,kokugo,国態5,1
C_2_20,C,2,20,kokugo,国態5,4
C_2_21,C,2,21,kokugo,国態5,2
C_2_22,C,2,22,kokugo,国態5,2
C_2_23,C,2,23,kokugo,国態5,3
C_2_24,C,2,24,kokugo,国態5,2
C_2_25,C,2,25,kokugo,国態5,4
C_2_26,C,2,26,kokugo,国態5,3
C_2_27,C,2,27,kokugo,国態5,3
C_2_28,C,2,28,kokugo,国態5,2
C_2_29,C,2,29,kokugo,国態5,3
C_2_30,C,2,30,kokugo,国態5,4
C_1_1,C,1,1,kokugo,国態5,4
C_1_2,C,1,2,kokugo,国態5,4
C_1_3,C,1,3,kokugo,国態5,4
C_1_4,C,1,4,kokugo,国態5,3
C_1_5,C,1,5,kokugo,国態5,2
C_1_6,C,1,6,kokugo,国態5,2
C_1_7,C,1,7,kokugo,国態5,1
C_1_8,C,1,8,kokugo,国態5,4
C_1_9,C,1,9,kokugo,国態5,4
C_1_10,C,1,10,kokugo,国態5,2
C_1_11,C,1,11,kokugo,国態5,3
C_1_12,C,1,12,kokugo,国態5,2
D_1_13,D,1,13,kokugo,国態5,3
D_1_14,D,1,14,kokugo,国態5,4
D_1_15,D,1,15,kokugo,国態5,1
D_1_16,D,1,16,kokugo,国態5,4
D_1_17,D,1,17,kokugo,国態5,3
D_1_18,D,1,18,kokugo,国態5,4
D_1_19,D,1,19,kokugo,国態5,1
D_1_20,D,1,20,kokugo,国態5,2
D_1_21,D,1,21,kokugo,国態5,2
D_1_22,D,1,22,kokugo,国態5,1
D_1_23,D,1,23,kokugo,国態5,2
D_1_24,D,1,24,kokugo,国態5,2
D_1_25,D,1,25,kokugo,国態5,3
D_1_26,D,1,26,kokugo,国態5,3
D_1_27,D,1,27,kokugo,国態5,4
D_1_28,D,1,28,kokugo,国態5,4
D_1_29,D,1,29,kokugo,国態5,4
D_1_30,D,1,30,kokugo,国態5,4
D_2_1,D,2,1,kokugo,国態5,4
D_2_2,D,2,2,kokugo,国態5,3
D_2_3,D,2,3,kokugo,国態5,4
D_2_4,D,2,4,kokugo,国態5,3
D_2_5,D,2,5,kokugo,国態5,3
D_2_6,D,2,6,kokugo,国態5,4
D_2_7,D,2,7,kokugo,国態5,3
D_2_8,D,2,8,kokugo,国態5,3
D_2_9,D,2,9,kokugo,国態5,3
D_2_10,D,2,10,kokugo,国態5,3
D_2_11,D,2,11,kokugo,国態5,4
D_2_12,D,2,12,kokugo,国態5,4
D_2_13,D,2,13,kokugo,国態5,4
D_2_14,D,2,14,kokugo,国態5,4
D_2_15,D,2,15,kokugo,国態5,4
D_2_16,D,2,16,kokugo,国態5,3
D_2_17,D,2,17,kokugo,国態5,2
D_2_18,D,2,18,kokugo,国態5,4
D_2_19,D,2,19,kokugo,国態5,3
D_2_20,D,2,20,kokugo,国態5,4
D_2_21,D,2,21,kokugo,国態5,3
D_2_22,D,2,22,kokugo,国態5,4
D_2_23,D,2,23,kokugo,国態5,4
D_2_24,D,2,24,kokugo,国態5,0
D_2_25,D,2,25,kokugo,国態5,2
D_2_26,D,2,26,kokugo,国態5,4
D_2_27,D,2,27,kokugo,国態5,3
D_2_28,D,2,28,kokugo,国態5,4
D_2_29,D,2,29,kokugo,国態5,2
D_2_30,D,2,30,kokugo,国態5,2
A_1_1,A,1,1,kokugo,国態6,4
A_1_2,A,1,2,kokugo,国態6,2
A_1_3,A,1,3,kokugo,国態6,3
A_1_4,A,1,4,kokugo,国態6,4
A_1_5,A,1,5,kokugo,国態6,3
A_1_6,A,1,6,kokugo,国態6,4
A_1_7,A,1,7,kokugo,国態6,3
A_1_8,A,1,8,kokugo,国態6,2
A_1_9,A,1,9,kokugo,国態6,3
A_1_10,A,1,10,kokugo,国態6,3
A_1_11,A,1,11,kokugo,国態6,4
A_1_12,A,1,12,kokugo,国態6,3
A_1_13,A,1,13,kokugo,国態6,2
A_1_14,A,1,14,kokugo,国態6,4
A_1_15,A,1,15,kokugo,国態6,2
A_1_16,A,1,16,kokugo,国態6,4
A_1_17,A,1,17,kokugo,国態6,3
A_1_18,A,1,18,kokugo,国態6,3
A_1_19,A,1,19,kokugo,国態6,4
A_1_20,A,1,20,kokugo,国態6,2
A_1_21,A,1,21,kokugo,国態6,1
A_1_22,A,1,22,kokugo,国態6,3
A_1_23,A,1,23,kokugo,国態6,2
A_1_24,A,1,24,kokugo,国態6,4
A_1_25,A,1,25,kokugo,国態6,4
A_1_26,A,1,26,kokugo,国態6,2
A_1_27,A,1,27,kokugo,国態6,1
A_1_28,A,1,28,kokugo,国態6,4
A_1_29,A,1,29,kokugo,国態6,4
A_1_30,A,1,30,kokugo,国態6,4
A_2_1,A,2,1,kokugo,国態6,1
A_2_2,A,2,2,kokugo,国態6,3
A_2_3,A,2,3,kokugo,国態6,3
A_2_4,A,2,4,kokugo,国態6,3
A_2_5,A,2,5,kokugo,国態6,3
A_2_6,A,2,6,kokugo,国態6,3
A_2_7,A,2,7,kokugo,国態6,4
A_2_8,A,2,8,kokugo,国態6,4
A_2_9,A,2,9,kokugo,国態6,3
A_2_10,A,2,10,kokugo,国態6,4
A_2_11,A,2,11,kokugo,国態6,4
A_2_12,A,2,12,kokugo,国態6,2
A_2_13,A,2,13,kokugo,国態6,4
A_2_14,A,2,14,kokugo,国態6,4
A_2_15,A,2,15,kokugo,国態6,2
A_2_16,A,2,16,kokugo,国態6,4
A_2_17,A,2,17,kokugo,国態6,3
A_2_18,A,2,18,kokugo,国態6,4
A_2_19,A,2,19,kokugo,国態6,2
A_2_20,A,2,20,kokugo,国態6,3
A_2_21,A,2,21,kokugo,国態6,4
A_2_22,A,2,22,kokugo,国態6,4
A_2_23,A,2,23,kokugo,国態6,4
A_2_24,A,2,24,kokugo,国態6,1
A_2_25,A,2,25,kokugo,国態6,2
A_2_26,A,2,26,kokugo,国態6,4
A_2_27,A,2,27,kokugo,国態6,3
A_2_28,A,2,28,kokugo,国態6,4
A_2_29,A,2,29,kokugo,国態6,4
A_2_30,A,2,30,kokugo,国態6,4
B_1_1,B,1,1,kokugo,国態6,4
B_1_2,B,1,2,kokugo,国態6,3
B_1_3,B,1,3,kokugo,国態6,3
B_1_4,B,1,4,kokugo,国態6,4
B_1_5,B,1,5,kokugo,国態6,3
B_1_6,B,1,6,kokugo,国態6,3
B_1_7,B,1,7,kokugo,国態6,2
B_1_8,B,1,8,kokugo,国態6,1
B_1_9,B,1,9,kokugo,国態6,3
B_1_10,B,1,10,kokugo,国態6,3
B_1_11,B,1,11,kokugo,国態6,4
B_1_12,B,1,12,kokugo,国態6,3
B_1_13,B,1,13,kokugo,国態6,3
B_1_14,B,1,14,kokugo,国態6,4
B_1_15,B,1,15,kokugo,国態6,4
B_1_16,B,1,16,kokugo,国態6,4
B_1_17,B,1,17,kokugo,国態6,3
B_1_18,B,1,18,kokugo,国態6,1
B_1_19,B,1,19,kokugo,国態6,3
B_1_20,B,1,20,kokugo,国態6,2
B_1_21,B,1,21,kokugo,国態6,2
B_1_22,B,1,22,kokugo,国態6,4
B_1_23,B,1,23,kokugo,国態6,2
B_1_24,B,1,24,kokugo,国態6,3
B_1_25,B,1,25,kokugo,国態6,3
B_1_26,B,1,26,kokugo,国態6,4
B_1_27,B,1,27,kokugo,国態6,4
B_1_28,B,1,28,kokugo,国態6,3
B_1_29,B,1,29,kokugo,国態6,2
B_1_30,B,1,30,kokugo,国態6,4
B_2_1,B,2,1,kokugo,国態6,3
B_2_2,B,2,2,kokugo,国態6,4
B_2_3,B,2,3,kokugo,国態6,4
B_2_4,B,2,4,kokugo,国態6,3
B_2_5,B,2,5,kokugo,国態6,4
B_2_6,B,2,6,kokugo,国態6,4
B_2_7,B,2,7,kokugo,国態6,4
B_2_8,B,2,8,kokugo,国態6,3
B_2_9,B,2,9,kokugo,国態6,4
B_2_10,B,2,10,kokugo,国態6,4
B_2_11,B,2,11,kokugo,国態6,2
B_2_12,B,2,12,kokugo,国態6,4
B_2_13,B,2,13,kokugo,国態6,3
B_2_14,B,2,14,kokugo,国態6,3
B_2_15,B,2,15,kokugo,国態6,3
B_2_16,B,2,16,kokugo,国態6,3
B_2_17,B,2,17,kokugo,国態6,2
B_2_18,B,2,18,kokugo,国態6,4
B_2_19,B,2,19,kokugo,国態6,2
B_2_20,B,2,20,kokugo,国態6,2
B_2_21,B,2,21,kokugo,国態6,1
B_2_22,B,2,22,kokugo,国態6,4
B_2_23,B,2,23,kokugo,国態6,4
B_2_24,B,2,24,kokugo,国態6,4
B_2_25,B,2,25,kokugo,国態6,4
B_2_26,B,2,26,kokugo,国態6,4
B_2_27,B,2,27,kokugo,国態6,2
B_2_28,B,2,28,kokugo,国態6,3
B_2_29,B,2,29,kokugo,国態6,3
B_2_30,B,2,30,kokugo,国態6,1
C_1_1,C,1,1,kokugo,国態6,2
C_1_2,C,1,2,kokugo,国態6,1
C_1_3,C,1,3,kokugo,国態6,3
C_1_4,C,1,4,kokugo,国態6,2
C_1_5,C,1,5,kokugo,国態6,2
C_1_6,C,1,6,kokugo,国態6,1
C_1_7,C,1,7,kokugo,国態6,2
C_1_8,C,1,8,kokugo,国態6,3
C_1_9,C,1,9,kokugo,国態6,4
C_1_10,C,1,10,kokugo,国態6,4
C_1_11,C,1,11,kokugo,国態6,2
C_1_12,C,1,12,kokugo,国態6,2
C_1_13,C,1,13,kokugo,国態6,4
C_1_14,C,1,14,kokugo,国態6,3
C_1_15,C,1,15,kokugo,国態6,4
C_1_16,C,1,16,kokugo,国態6,4
C_1_17,C,1,17,kokugo,国態6,2
C_1_18,C,1,18,kokugo,国態6,1
C_1_19,C,1,19,kokugo,国態6,2
C_1_20,C,1,20,kokugo,国態6,2
C_1_21,C,1,21,kokugo,国態6,3
C_1_22,C,1,22,kokugo,国態6,1
C_1_23,C,1,23,kokugo,国態6,3
C_1_24,C,1,24,kokugo,国態6,3
C_1_25,C,1,25,kokugo,国態6,2
C_1_26,C,1,26,kokugo,国態6,2
C_1_27,C,1,27,kokugo,国態6,1
C_1_28,C,1,28,kokugo,国態6,1
C_1_29,C,1,29,kokugo,国態6,2
C_1_30,C,1,30,kokugo,国態6,1
C_2_1,C,2,1,kokugo,国態6,1
C_2_2,C,2,2,kokugo,国態6,2
C_2_3,C,2,3,kokugo,国態6,2
C_2_4,C,2,4,kokugo,国態6,2
C_2_5,C,2,5,kokugo,国態6,2
C_2_6,C,2,6,kokugo,国態6,2
C_2_7,C,2,7,kokugo,国態6,3
C_2_8,C,2,8,kokugo,国態6,2
C_2_9,C,2,9,kokugo,国態6,1
C_2_10,C,2,10,kokugo,国態6,1
C_2_11,C,2,11,kokugo,国態6,3
C_2_12,C,2,12,kokugo,国態6,2
C_2_13,C,2,13,kokugo,国態6,3
C_2_14,C,2,14,kokugo,国態6,4
C_2_15,C,2,15,kokugo,国態6,1
C_2_16,C,2,16,kokugo,国態6,2
C_2_17,C,2,17,kokugo,国態6,3
C_2_18,C,2,18,kokugo,国態6,4
C_2_19,C,2,19,kokugo,国態6,1
C_2_20,C,2,20,kokugo,国態6,2
C_2_21,C,2,21,kokugo,国態6,3
C_2_22,C,2,22,kokugo,国態6,2
C_2_23,C,2,23,kokugo,国態6,2
C_2_24,C,2,24,kokugo,国態6,3
C_2_25,C,2,25,kokugo,国態6,3
C_2_26,C,2,26,kokugo,国態6,4
C_2_27,C,2,27,kokugo,国態6,2
C_2_28,C,2,28,kokugo,国態6,3
C_2_29,C,2,29,kokugo,国態6,3
C_2_30,C,2,30,kokugo,国態6,3
C_1_1,C,1,1,kokugo,国態6,3
C_1_2,C,1,2,kokugo,国態6,3
C_1_3,C,1,3,kokugo,国態6,3
C_1_4,C,1,4,kokugo,国態6,2
C_1_5,C,1,5,kokugo,国態6,3
C_1_6,C,1,6,kokugo,国態6,2
C_1_7,C,1,7,kokugo,国態6,2
C_1_8,C,1,8,kokugo,国態6,4
C_1_9,C,1,9,kokugo,国態6,4
C_1_10,C,1,10,kokugo,国態6,3
C_1_11,C,1,11,kokugo,国態6,2
C_1_12,C,1,12,kokugo,国態6,2
D_1_13,D,1,13,kokugo,国態6,2
D_1_14,D,1,14,kokugo,国態6,3
D_1_15,D,1,15,kokugo,国態6,1
D_1_16,D,1,16,kokugo,国態6,4
D_1_17,D,1,17,kokugo,国態6,2
D_1_18,D,1,18,kokugo,国態6,1
D_1_19,D,1,19,kokugo,国態6,1
D_1_20,D,1,20,kokugo,国態6,1
D_1_21,D,1,21,kokugo,国態6,2
D_1_22,D,1,22,kokugo,国態6,3
D_1_23,D,1,23,kokugo,国態6,1
D_1_24,D,1,24,kokugo,国態6,2
D_1_25,D,1,25,kokugo,国態6,2
D_1_26,D,1,26,kokugo,国態6,3
D_1_27,D,1,27,kokugo,国態6,4
D_1_28,D,1,28,kokugo,国態6,4
D_1_29,D,1,29,kokugo,国態6,3
D_1_30,D,1,30,kokugo,国態6,4
D_2_1,D,2,1,kokugo,国態6,3
D_2_2,D,2,2,kokugo,国態6,2
D_2_3,D,2,3,kokugo,国態6,2
D_2_4,D,2,4,kokugo,国態6,2
D_2_5,D,2,5,kokugo,国態6,2
D_2_6,D,2,6,kokugo,国態6,2
D_2_7,D,2,7,kokugo,国態6,3
D_2_8,D,2,8,kokugo,国態6,2
D_2_9,D,2,9,kokugo,国態6,2
D_2_10,D,2,10,kokugo,国態6,2
D_2_11,D,2,11,kokugo,国態6,3
D_2_12,D,2,12,kokugo,国態6,3
D_2_13,D,2,13,kokugo,国態6,3
D_2_14,D,2,14,kokugo,国態6,3
D_2_15,D,2,15,kokugo,国態6,4
D_2_16,D,2,16,kokugo,国態6,3
D_2_17,D,2,17,kokugo,国態6,3
D_2_18,D,2,18,kokugo,国態6,4
D_2_19,D,2,19,kokugo,国態6,2
D_2_20,D,2,20,kokugo,国態6,3
D_2_21,D,2,21,kokugo,国態6,2
D_2_22,D,2,22,kokugo,国態6,3
D_2_23,D,2,23,kokugo,国態6,3
D_2_24,D,2,24,kokugo,国態6,0
D_2_25,D,2,25,kokugo,国態6,2
D_2_26,D,2,26,kokugo,国態6,4
D_2_27,D,2,27,kokugo,国態6,1
D_2_28,D,2,28,kokugo,国態6,3
D_2_29,D,2,29,kokugo,国態6,2
D_2_30,D,2,30,kokugo,国態6,1
A_1_1,A,1,1,kokugo,国態7,4
A_1_2,A,1,2,kokugo,国態7,2
A_1_3,A,1,3,kokugo,国態7,3
A_1_4,A,1,4,kokugo,国態7,4
A_1_5,A,1,5,kokugo,国態7,2
A_1_6,A,1,6,kokugo,国態7,4
A_1_7,A,1,7,kokugo,国態7,3
A_1_8,A,1,8,kokugo,国態7,2
A_1_9,A,1,9,kokugo,国態7,3
A_1_10,A,1,10,kokugo,国態7,2
A_1_11,A,1,11,kokugo,国態7,4
A_1_12,A,1,12,kokugo,国態7,4
A_1_13,A,1,13,kokugo,国態7,2
A_1_14,A,1,14,kokugo,国態7,4
A_1_15,A,1,15,kokugo,国態7,2
A_1_16,A,1,16,kokugo,国態7,4
A_1_17,A,1,17,kokugo,国態7,3
A_1_18,A,1,18,kokugo,国態7,3
A_1_19,A,1,19,kokugo,国態7,3
A_1_20,A,1,20,kokugo,国態7,3
A_1_21,A,1,21,kokugo,国態7,4
A_1_22,A,1,22,kokugo,国態7,2
A_1_23,A,1,23,kokugo,国態7,4
A_1_24,A,1,24,kokugo,国態7,4
A_1_25,A,1,25,kokugo,国態7,4
A_1_26,A,1,26,kokugo,国態7,3
A_1_27,A,1,27,kokugo,国態7,1
A_1_28,A,1,28,kokugo,国態7,2
A_1_29,A,1,29,kokugo,国態7,4
A_1_30,A,1,30,kokugo,国態7,4
A_2_1,A,2,1,kokugo,国態7,1
A_2_2,A,2,2,kokugo,国態7,2
A_2_3,A,2,3,kokugo,国態7,4
A_2_4,A,2,4,kokugo,国態7,3
A_2_5,A,2,5,kokugo,国態7,4
A_2_6,A,2,6,kokugo,国態7,3
A_2_7,A,2,7,kokugo,国態7,2
A_2_8,A,2,8,kokugo,国態7,3
A_2_9,A,2,9,kokugo,国態7,2
A_2_10,A,2,10,kokugo,国態7,4
A_2_11,A,2,11,kokugo,国態7,4
A_2_12,A,2,12,kokugo,国態7,2
A_2_13,A,2,13,kokugo,国態7,4
A_2_14,A,2,14,kokugo,国態7,3
A_2_15,A,2,15,kokugo,国態7,2
A_2_16,A,2,16,kokugo,国態7,4
A_2_17,A,2,17,kokugo,国態7,3
A_2_18,A,2,18,kokugo,国態7,4
A_2_19,A,2,19,kokugo,国態7,2
A_2_20,A,2,20,kokugo,国態7,2
A_2_21,A,2,21,kokugo,国態7,4
A_2_22,A,2,22,kokugo,国態7,4
A_2_23,A,2,23,kokugo,国態7,4
A_2_24,A,2,24,kokugo,国態7,3
A_2_25,A,2,25,kokugo,国態7,2
A_2_26,A,2,26,kokugo,国態7,4
A_2_27,A,2,27,kokugo,国態7,2
A_2_28,A,2,28,kokugo,国態7,3
A_2_29,A,2,29,kokugo,国態7,4
A_2_30,A,2,30,kokugo,国態7,3
B_1_1,B,1,1,kokugo,国態7,4
B_1_2,B,1,2,kokugo,国態7,4
B_1_3,B,1,3,kokugo,国態7,4
B_1_4,B,1,4,kokugo,国態7,4
B_1_5,B,1,5,kokugo,国態7,4
B_1_6,B,1,6,kokugo,国態7,3
B_1_7,B,1,7,kokugo,国態7,3
B_1_8,B,1,8,kokugo,国態7,4
B_1_9,B,1,9,kokugo,国態7,4
B_1_10,B,1,10,kokugo,国態7,4
B_1_11,B,1,11,kokugo,国態7,4
B_1_12,B,1,12,kokugo,国態7,3
B_1_13,B,1,13,kokugo,国態7,4
B_1_14,B,1,14,kokugo,国態7,3
B_1_15,B,1,15,kokugo,国態7,4
B_1_16,B,1,16,kokugo,国態7,4
B_1_17,B,1,17,kokugo,国態7,3
B_1_18,B,1,18,kokugo,国態7,1
B_1_19,B,1,19,kokugo,国態7,3
B_1_20,B,1,20,kokugo,国態7,3
B_1_21,B,1,21,kokugo,国態7,4
B_1_22,B,1,22,kokugo,国態7,4
B_1_23,B,1,23,kokugo,国態7,3
B_1_24,B,1,24,kokugo,国態7,3
B_1_25,B,1,25,kokugo,国態7,1
B_1_26,B,1,26,kokugo,国態7,4
B_1_27,B,1,27,kokugo,国態7,3
B_1_28,B,1,28,kokugo,国態7,3
B_1_29,B,1,29,kokugo,国態7,3
B_1_30,B,1,30,kokugo,国態7,3
B_2_1,B,2,1,kokugo,国態7,2
B_2_2,B,2,2,kokugo,国態7,4
B_2_3,B,2,3,kokugo,国態7,2
B_2_4,B,2,4,kokugo,国態7,3
B_2_5,B,2,5,kokugo,国態7,4
B_2_6,B,2,6,kokugo,国態7,2
B_2_7,B,2,7,kokugo,国態7,3
B_2_8,B,2,8,kokugo,国態7,3
B_2_9,B,2,9,kokugo,国態7,3
B_2_10,B,2,10,kokugo,国態7,4
B_2_11,B,2,11,kokugo,国態7,3
B_2_12,B,2,12,kokugo,国態7,4
B_2_13,B,2,13,kokugo,国態7,4
B_2_14,B,2,14,kokugo,国態7,3
B_2_15,B,2,15,kokugo,国態7,3
B_2_16,B,2,16,kokugo,国態7,2
B_2_17,B,2,17,kokugo,国態7,3
B_2_18,B,2,18,kokugo,国態7,4
B_2_19,B,2,19,kokugo,国態7,3
B_2_20,B,2,20,kokugo,国態7,2
B_2_21,B,2,21,kokugo,国態7,2
B_2_22,B,2,22,kokugo,国態7,3
B_2_23,B,2,23,kokugo,国態7,4
B_2_24,B,2,24,kokugo,国態7,2
B_2_25,B,2,25,kokugo,国態7,3
B_2_26,B,2,26,kokugo,国態7,4
B_2_27,B,2,27,kokugo,国態7,2
B_2_28,B,2,28,kokugo,国態7,3
B_2_29,B,2,29,kokugo,国態7,2
B_2_30,B,2,30,kokugo,国態7,2
C_1_1,C,1,1,kokugo,国態7,3
C_1_2,C,1,2,kokugo,国態7,2
C_1_3,C,1,3,kokugo,国態7,3
C_1_4,C,1,4,kokugo,国態7,3
C_1_5,C,1,5,kokugo,国態7,3
C_1_6,C,1,6,kokugo,国態7,2
C_1_7,C,1,7,kokugo,国態7,4
C_1_8,C,1,8,kokugo,国態7,3
C_1_9,C,1,9,kokugo,国態7,3
C_1_10,C,1,10,kokugo,国態7,4
C_1_11,C,1,11,kokugo,国態7,4
C_1_12,C,1,12,kokugo,国態7,4
C_1_13,C,1,13,kokugo,国態7,4
C_1_14,C,1,14,kokugo,国態7,2
C_1_15,C,1,15,kokugo,国態7,4
C_1_16,C,1,16,kokugo,国態7,3
C_1_17,C,1,17,kokugo,国態7,2
C_1_18,C,1,18,kokugo,国態7,1
C_1_19,C,1,19,kokugo,国態7,3
C_1_20,C,1,20,kokugo,国態7,3
C_1_21,C,1,21,kokugo,国態7,3
C_1_22,C,1,22,kokugo,国態7,1
C_1_23,C,1,23,kokugo,国態7,4
C_1_24,C,1,24,kokugo,国態7,4
C_1_25,C,1,25,kokugo,国態7,3
C_1_26,C,1,26,kokugo,国態7,2
C_1_27,C,1,27,kokugo,国態7,1
C_1_28,C,1,28,kokugo,国態7,3
C_1_29,C,1,29,kokugo,国態7,3
C_1_30,C,1,30,kokugo,国態7,3
C_2_1,C,2,1,kokugo,国態7,2
C_2_2,C,2,2,kokugo,国態7,2
C_2_3,C,2,3,kokugo,国態7,1
C_2_4,C,2,4,kokugo,国態7,2
C_2_5,C,2,5,kokugo,国態7,3
C_2_6,C,2,6,kokugo,国態7,3
C_2_7,C,2,7,kokugo,国態7,3
C_2_8,C,2,8,kokugo,国態7,3
C_2_9,C,2,9,kokugo,国態7,1
C_2_10,C,2,10,kokugo,国態7,2
C_2_11,C,2,11,kokugo,国態7,3
C_2_12,C,2,12,kokugo,国態7,4
C_2_13,C,2,13,kokugo,国態7,3
C_2_14,C,2,14,kokugo,国態7,4
C_2_15,C,2,15,kokugo,国態7,1
C_2_16,C,2,16,kokugo,国態7,4
C_2_17,C,2,17,kokugo,国態7,4
C_2_18,C,2,18,kokugo,国態7,4
C_2_19,C,2,19,kokugo,国態7,3
C_2_20,C,2,20,kokugo,国態7,3
C_2_21,C,2,21,kokugo,国態7,2
C_2_22,C,2,22,kokugo,国態7,3
C_2_23,C,2,23,kokugo,国態7,3
C_2_24,C,2,24,kokugo,国態7,4
C_2_25,C,2,25,kokugo,国態7,4
C_2_26,C,2,26,kokugo,国態7,3
C_2_27,C,2,27,kokugo,国態7,3
C_2_28,C,2,28,kokugo,国態7,3
C_2_29,C,2,29,kokugo,国態7,4
C_2_30,C,2,30,kokugo,国態7,3
C_1_1,C,1,1,kokugo,国態7,4
C_1_2,C,1,2,kokugo,国態7,4
C_1_3,C,1,3,kokugo,国態7,4
C_1_4,C,1,4,kokugo,国態7,2
C_1_5,C,1,5,kokugo,国態7,3
C_1_6,C,1,6,kokugo,国態7,3
C_1_7,C,1,7,kokugo,国態7,2
C_1_8,C,1,8,kokugo,国態7,3
C_1_9,C,1,9,kokugo,国態7,4
C_1_10,C,1,10,kokugo,国態7,3
C_1_11,C,1,11,kokugo,国態7,4
C_1_12,C,1,12,kokugo,国態7,3
D_1_13,D,1,13,kokugo,国態7,2
D_1_14,D,1,14,kokugo,国態7,4
D_1_15,D,1,15,kokugo,国態7,1
D_1_16,D,1,16,kokugo,国態7,4
D_1_17,D,1,17,kokugo,国態7,2
D_1_18,D,1,18,kokugo,国態7,4
D_1_19,D,1,19,kokugo,国態7,1
D_1_20,D,1,20,kokugo,国態7,1
D_1_21,D,1,21,kokugo,国態7,2
D_1_22,D,1,22,kokugo,国態7,4
D_1_23,D,1,23,kokugo,国態7,3
D_1_24,D,1,24,kokugo,国態7,2
D_1_25,D,1,25,kokugo,国態7,2
D_1_26,D,1,26,kokugo,国態7,3
D_1_27,D,1,27,kokugo,国態7,3
D_1_28,D,1,28,kokugo,国態7,3
D_1_29,D,1,29,kokugo,国態7,2
D_1_30,D,1,30,kokugo,国態7,4
D_2_1,D,2,1,kokugo,国態7,3
D_2_2,D,2,2,kokugo,国態7,3
D_2_3,D,2,3,kokugo,国態7,3
D_2_4,D,2,4,kokugo,国態7,2
D_2_5,D,2,5,kokugo,国態7,2
D_2_6,D,2,6,kokugo,国態7,4
D_2_7,D,2,7,kokugo,国態7,3
D_2_8,D,2,8,kokugo,国態7,1
D_2_9,D,2,9,kokugo,国態7,3
D_2_10,D,2,10,kokugo,国態7,1
D_2_11,D,2,11,kokugo,国態7,3
D_2_12,D,2,12,kokugo,国態7,3
D_2_13,D,2,13,kokugo,国態7,4
D_2_14,D,2,14,kokugo,国態7,2
D_2_15,D,2,15,kokugo,国態7,4
D_2_16,D,2,16,kokugo,国態7,3
D_2_17,D,2,17,kokugo,国態7,3
D_2_18,D,2,18,kokugo,国態7,4
D_2_19,D,2,19,kokugo,国態7,2
D_2_20,D,2,20,kokugo,国態7,3
D_2_21,D,2,21,kokugo,国態7,1
D_2_22,D,2,22,kokugo,国態7,4
D_2_23,D,2,23,kokugo,国態7,4
D_2_24,D,2,24,kokugo,国態7,0
D_2_25,D,2,25,kokugo,国態7,3
D_2_26,D,2,26,kokugo,国態7,3
D_2_27,D,2,27,kokugo,国態7,2
D_2_28,D,2,28,kokugo,国態7,4
D_2_29,D,2,29,kokugo,国態7,3
D_2_30,D,2,30,kokugo,国態7,4
A_1_1,A,1,1,kokugo,国態8,4
A_1_2,A,1,2,kokugo,国態8,2
A_1_3,A,1,3,kokugo,国態8,4
A_1_4,A,1,4,kokugo,国態8,4
A_1_5,A,1,5,kokugo,国態8,4
A_1_6,A,1,6,kokugo,国態8,4
A_1_7,A,1,7,kokugo,国態8,4
A_1_8,A,1,8,kokugo,国態8,4
A_1_9,A,1,9,kokugo,国態8,4
A_1_10,A,1,10,kokugo,国態8,3
A_1_11,A,1,11,kokugo,国態8,4
A_1_12,A,1,12,kokugo,国態8,4
A_1_13,A,1,13,kokugo,国態8,2
A_1_14,A,1,14,kokugo,国態8,4
A_1_15,A,1,15,kokugo,国態8,2
A_1_16,A,1,16,kokugo,国態8,4
A_1_17,A,1,17,kokugo,国態8,3
A_1_18,A,1,18,kokugo,国態8,4
A_1_19,A,1,19,kokugo,国態8,4
A_1_20,A,1,20,kokugo,国態8,3
A_1_21,A,1,21,kokugo,国態8,3
A_1_22,A,1,22,kokugo,国態8,3
A_1_23,A,1,23,kokugo,国態8,4
A_1_24,A,1,24,kokugo,国態8,4
A_1_25,A,1,25,kokugo,国態8,4
A_1_26,A,1,26,kokugo,国態8,3
A_1_27,A,1,27,kokugo,国態8,1
A_1_28,A,1,28,kokugo,国態8,4
A_1_29,A,1,29,kokugo,国態8,4
A_1_30,A,1,30,kokugo,国態8,4
A_2_1,A,2,1,kokugo,国態8,1
A_2_2,A,2,2,kokugo,国態8,3
A_2_3,A,2,3,kokugo,国態8,4
A_2_4,A,2,4,kokugo,国態8,4
A_2_5,A,2,5,kokugo,国態8,4
A_2_6,A,2,6,kokugo,国態8,4
A_2_7,A,2,7,kokugo,国態8,4
A_2_8,A,2,8,kokugo,国態8,4
A_2_9,A,2,9,kokugo,国態8,4
A_2_10,A,2,10,kokugo,国態8,4
A_2_11,A,2,11,kokugo,国態8,4
A_2_12,A,2,12,kokugo,国態8,3
A_2_13,A,2,13,kokugo,国態8,4
A_2_14,A,2,14,kokugo,国態8,4
A_2_15,A,2,15,kokugo,国態8,4
A_2_16,A,2,16,kokugo,国態8,4
A_2_17,A,2,17,kokugo,国態8,4
A_2_18,A,2,18,kokugo,国態8,4
A_2_19,A,2,19,kokugo,国態8,3
A_2_20,A,2,20,kokugo,国態8,3
A_2_21,A,2,21,kokugo,国態8,4
A_2_22,A,2,22,kokugo,国態8,4
A_2_23,A,2,23,kokugo,国態8,4
A_2_24,A,2,24,kokugo,国態8,2
A_2_25,A,2,25,kokugo,国態8,4
A_2_26,A,2,26,kokugo,国態8,4
A_2_27,A,2,27,kokugo,国態8,4
A_2_28,A,2,28,kokugo,国態8,3
A_2_29,A,2,29,kokugo,国態8,4
A_2_30,A,2,30,kokugo,国態8,4
B_1_1,B,1,1,kokugo,国態8,4
B_1_2,B,1,2,kokugo,国態8,4
B_1_3,B,1,3,kokugo,国態8,4
B_1_4,B,1,4,kokugo,国態8,4
B_1_5,B,1,5,kokugo,国態8,4
B_1_6,B,1,6,kokugo,国態8,3
B_1_7,B,1,7,kokugo,国態8,4
B_1_8,B,1,8,kokugo,国態8,4
B_1_9,B,1,9,kokugo,国態8,4
B_1_10,B,1,10,kokugo,国態8,3
B_1_11,B,1,11,kokugo,国態8,4
B_1_12,B,1,12,kokugo,国態8,3
B_1_13,B,1,13,kokugo,国態8,4
B_1_14,B,1,14,kokugo,国態8,4
B_1_15,B,1,15,kokugo,国態8,4
B_1_16,B,1,16,kokugo,国態8,4
B_1_17,B,1,17,kokugo,国態8,3
B_1_18,B,1,18,kokugo,国態8,1
B_1_19,B,1,19,kokugo,国態8,4
B_1_20,B,1,20,kokugo,国態8,4
B_1_21,B,1,21,kokugo,国態8,4
B_1_22,B,1,22,kokugo,国態8,4
B_1_23,B,1,23,kokugo,国態8,3
B_1_24,B,1,24,kokugo,国態8,3
B_1_25,B,1,25,kokugo,国態8,3
B_1_26,B,1,26,kokugo,国態8,4
B_1_27,B,1,27,kokugo,国態8,3
B_1_28,B,1,28,kokugo,国態8,3
B_1_29,B,1,29,kokugo,国態8,3
B_1_30,B,1,30,kokugo,国態8,4
B_2_1,B,2,1,kokugo,国態8,3
B_2_2,B,2,2,kokugo,国態8,4
B_2_3,B,2,3,kokugo,国態8,4
B_2_4,B,2,4,kokugo,国態8,4
B_2_5,B,2,5,kokugo,国態8,4
B_2_6,B,2,6,kokugo,国態8,4
B_2_7,B,2,7,kokugo,国態8,4
B_2_8,B,2,8,kokugo,国態8,4
B_2_9,B,2,9,kokugo,国態8,4
B_2_10,B,2,10,kokugo,国態8,4
B_2_11,B,2,11,kokugo,国態8,3
B_2_12,B,2,12,kokugo,国態8,3
B_2_13,B,2,13,kokugo,国態8,4
B_2_14,B,2,14,kokugo,国態8,4
B_2_15,B,2,15,kokugo,国態8,3
B_2_16,B,2,16,kokugo,国態8,3
B_2_17,B,2,17,kokugo,国態8,3
B_2_18,B,2,18,kokugo,国態8,4
B_2_19,B,2,19,kokugo,国態8,2
B_2_20,B,2,20,kokugo,国態8,1
B_2_21,B,2,21,kokugo,国態8,4
B_2_22,B,2,22,kokugo,国態8,4
B_2_23,B,2,23,kokugo,国態8,4
B_2_24,B,2,24,kokugo,国態8,4
B_2_25,B,2,25,kokugo,国態8,4
B_2_26,B,2,26,kokugo,国態8,4
B_2_27,B,2,27,kokugo,国態8,4
B_2_28,B,2,28,kokugo,国態8,3
B_2_29,B,2,29,kokugo,国態8,4
B_2_30,B,2,30,kokugo,国態8,3
C_1_1,C,1,1,kokugo,国態8,3
C_1_2,C,1,2,kokugo,国態8,2
C_1_3,C,1,3,kokugo,国態8,3
C_1_4,C,1,4,kokugo,国態8,4
C_1_5,C,1,5,kokugo,国態8,3
C_1_6,C,1,6,kokugo,国態8,1
C_1_7,C,1,7,kokugo,国態8,4
C_1_8,C,1,8,kokugo,国態8,4
C_1_9,C,1,9,kokugo,国態8,4
C_1_10,C,1,10,kokugo,国態8,4
C_1_11,C,1,11,kokugo,国態8,3
C_1_12,C,1,12,kokugo,国態8,3
C_1_13,C,1,13,kokugo,国態8,3
C_1_14,C,1,14,kokugo,国態8,2
C_1_15,C,1,15,kokugo,国態8,4
C_1_16,C,1,16,kokugo,国態8,3
C_1_17,C,1,17,kokugo,国態8,2
C_1_18,C,1,18,kokugo,国態8,3
C_1_19,C,1,19,kokugo,国態8,2
C_1_20,C,1,20,kokugo,国態8,3
C_1_21,C,1,21,kokugo,国態8,3
C_1_22,C,1,22,kokugo,国態8,1
C_1_23,C,1,23,kokugo,国態8,4
C_1_24,C,1,24,kokugo,国態8,4
C_1_25,C,1,25,kokugo,国態8,4
C_1_26,C,1,26,kokugo,国態8,4
C_1_27,C,1,27,kokugo,国態8,4
C_1_28,C,1,28,kokugo,国態8,3
C_1_29,C,1,29,kokugo,国態8,3
C_1_30,C,1,30,kokugo,国態8,4
C_2_1,C,2,1,kokugo,国態8,2
C_2_2,C,2,2,kokugo,国態8,2
C_2_3,C,2,3,kokugo,国態8,3
C_2_4,C,2,4,kokugo,国態8,3
C_2_5,C,2,5,kokugo,国態8,2
C_2_6,C,2,6,kokugo,国態8,4
C_2_7,C,2,7,kokugo,国態8,4
C_2_8,C,2,8,kokugo,国態8,4
C_2_9,C,2,9,kokugo,国態8,1
C_2_10,C,2,10,kokugo,国態8,4
C_2_11,C,2,11,kokugo,国態8,3
C_2_12,C,2,12,kokugo,国態8,4
C_2_13,C,2,13,kokugo,国態8,3
C_2_14,C,2,14,kokugo,国態8,4
C_2_15,C,2,15,kokugo,国態8,1
C_2_16,C,2,16,kokugo,国態8,3
C_2_17,C,2,17,kokugo,国態8,3
C_2_18,C,2,18,kokugo,国態8,4
C_2_19,C,2,19,kokugo,国態8,3
C_2_20,C,2,20,kokugo,国態8,4
C_2_21,C,2,21,kokugo,国態8,3
C_2_22,C,2,22,kokugo,国態8,3
C_2_23,C,2,23,kokugo,国態8,3
C_2_24,C,2,24,kokugo,国態8,4
C_2_25,C,2,25,kokugo,国態8,4
C_2_26,C,2,26,kokugo,国態8,3
C_2_27,C,2,27,kokugo,国態8,3
C_2_28,C,2,28,kokugo,国態8,4
C_2_29,C,2,29,kokugo,国態8,4
C_2_30,C,2,30,kokugo,国態8,4
C_1_1,C,1,1,kokugo,国態8,3
C_1_2,C,1,2,kokugo,国態8,4
C_1_3,C,1,3,kokugo,国態8,4
C_1_4,C,1,4,kokugo,国態8,3
C_1_5,C,1,5,kokugo,国態8,3
C_1_6,C,1,6,kokugo,国態8,3
C_1_7,C,1,7,kokugo,国態8,1
C_1_8,C,1,8,kokugo,国態8,4
C_1_9,C,1,9,kokugo,国態8,4
C_1_10,C,1,10,kokugo,国態8,4
C_1_11,C,1,11,kokugo,国態8,4
C_1_12,C,1,12,kokugo,国態8,3
D_1_13,D,1,13,kokugo,国態8,3
D_1_14,D,1,14,kokugo,国態8,4
D_1_15,D,1,15,kokugo,国態8,1
D_1_16,D,1,16,kokugo,国態8,4
D_1_17,D,1,17,kokugo,国態8,4
D_1_18,D,1,18,kokugo,国態8,4
D_1_19,D,1,19,kokugo,国態8,1
D_1_20,D,1,20,kokugo,国態8,1
D_1_21,D,1,21,kokugo,国態8,2
D_1_22,D,1,22,kokugo,国態8,1
D_1_23,D,1,23,kokugo,国態8,1
D_1_24,D,1,24,kokugo,国態8,3
D_1_25,D,1,25,kokugo,国態8,3
D_1_26,D,1,26,kokugo,国態8,4
D_1_27,D,1,27,kokugo,国態8,4
D_1_28,D,1,28,kokugo,国態8,4
D_1_29,D,1,29,kokugo,国態8,3
D_1_30,D,1,30,kokugo,国態8,4
D_2_1,D,2,1,kokugo,国態8,4
D_2_2,D,2,2,kokugo,国態8,3
D_2_3,D,2,3,kokugo,国態8,4
D_2_4,D,2,4,kokugo,国態8,3
D_2_5,D,2,5,kokugo,国態8,4
D_2_6,D,2,6,kokugo,国態8,4
D_2_7,D,2,7,kokugo,国態8,4
D_2_8,D,2,8,kokugo,国態8,2
D_2_9,D,2,9,kokugo,国態8,4
D_2_10,D,2,10,kokugo,国態8,3
D_2_11,D,2,11,kokugo,国態8,4
D_2_12,D,2,12,kokugo,国態8,4
D_2_13,D,2,13,kokugo,国態8,4
D_2_14,D,2,14,kokugo,国態8,3
D_2_15,D,2,15,kokugo,国態8,4
D_2_16,D,2,16,kokugo,国態8,3
D_2_17,D,2,17,kokugo,国態8,2
D_2_18,D,2,18,kokugo,国態8,4
D_2_19,D,2,19,kokugo,国態8,3
D_2_20,D,2,20,kokugo,国態8,4
D_2_21,D,2,21,kokugo,国態8,2
D_2_22,D,2,22,kokugo,国態8,3
D_2_23,D,2,23,kokugo,国態8,4
D_2_24,D,2,24,kokugo,国態8,0
D_2_25,D,2,25,kokugo,国態8,3
D_2_26,D,2,26,kokugo,国態8,4
D_2_27,D,2,27,kokugo,国態8,4
D_2_28,D,2,28,kokugo,国態8,4
D_2_29,D,2,29,kokugo,国態8,3
D_2_30,D,2,30,kokugo,国態8,3
A_1_1,A,1,1,kokugo,国態9,4
A_1_2,A,1,2,kokugo,国態9,2
A_1_3,A,1,3,kokugo,国態9,3
A_1_4,A,1,4,kokugo,国態9,4
A_1_5,A,1,5,kokugo,国態9,4
A_1_6,A,1,6,kokugo,国態9,3
A_1_7,A,1,7,kokugo,国態9,4
A_1_8,A,1,8,kokugo,国態9,3
A_1_9,A,1,9,kokugo,国態9,4
A_1_10,A,1,10,kokugo,国態9,4
A_1_11,A,1,11,kokugo,国態9,4
A_1_12,A,1,12,kokugo,国態9,3
A_1_13,A,1,13,kokugo,国態9,3
A_1_14,A,1,14,kokugo,国態9,4
A_1_15,A,1,15,kokugo,国態9,3
A_1_16,A,1,16,kokugo,国態9,4
A_1_17,A,1,17,kokugo,国態9,3
A_1_18,A,1,18,kokugo,国態9,3
A_1_19,A,1,19,kokugo,国態9,4
A_1_20,A,1,20,kokugo,国態9,3
A_1_21,A,1,21,kokugo,国態9,3
A_1_22,A,1,22,kokugo,国態9,4
A_1_23,A,1,23,kokugo,国態9,2
A_1_24,A,1,24,kokugo,国態9,4
A_1_25,A,1,25,kokugo,国態9,4
A_1_26,A,1,26,kokugo,国態9,4
A_1_27,A,1,27,kokugo,国態9,1
A_1_28,A,1,28,kokugo,国態9,4
A_1_29,A,1,29,kokugo,国態9,4
A_1_30,A,1,30,kokugo,国態9,4
A_2_1,A,2,1,kokugo,国態9,1
A_2_2,A,2,2,kokugo,国態9,2
A_2_3,A,2,3,kokugo,国態9,1
A_2_4,A,2,4,kokugo,国態9,4
A_2_5,A,2,5,kokugo,国態9,3
A_2_6,A,2,6,kokugo,国態9,2
A_2_7,A,2,7,kokugo,国態9,4
A_2_8,A,2,8,kokugo,国態9,4
A_2_9,A,2,9,kokugo,国態9,3
A_2_10,A,2,10,kokugo,国態9,1
A_2_11,A,2,11,kokugo,国態9,4
A_2_12,A,2,12,kokugo,国態9,3
A_2_13,A,2,13,kokugo,国態9,4
A_2_14,A,2,14,kokugo,国態9,3
A_2_15,A,2,15,kokugo,国態9,2
A_2_16,A,2,16,kokugo,国態9,4
A_2_17,A,2,17,kokugo,国態9,2
A_2_18,A,2,18,kokugo,国態9,4
A_2_19,A,2,19,kokugo,国態9,2
A_2_20,A,2,20,kokugo,国態9,4
A_2_21,A,2,21,kokugo,国態9,3
A_2_22,A,2,22,kokugo,国態9,3
A_2_23,A,2,23,kokugo,国態9,4
A_2_24,A,2,24,kokugo,国態9,1
A_2_25,A,2,25,kokugo,国態9,4
A_2_26,A,2,26,kokugo,国態9,4
A_2_27,A,2,27,kokugo,国態9,4
A_2_28,A,2,28,kokugo,国態9,4
A_2_29,A,2,29,kokugo,国態9,4
A_2_30,A,2,30,kokugo,国態9,3
B_1_1,B,1,1,kokugo,国態9,4
B_1_2,B,1,2,kokugo,国態9,1
B_1_3,B,1,3,kokugo,国態9,4
B_1_4,B,1,4,kokugo,国態9,3
B_1_5,B,1,5,kokugo,国態9,4
B_1_6,B,1,6,kokugo,国態9,3
B_1_7,B,1,7,kokugo,国態9,1
B_1_8,B,1,8,kokugo,国態9,4
B_1_9,B,1,9,kokugo,国態9,3
B_1_10,B,1,10,kokugo,国態9,3
B_1_11,B,1,11,kokugo,国態9,4
B_1_12,B,1,12,kokugo,国態9,3
B_1_13,B,1,13,kokugo,国態9,4
B_1_14,B,1,14,kokugo,国態9,3
B_1_15,B,1,15,kokugo,国態9,4
B_1_16,B,1,16,kokugo,国態9,4
B_1_17,B,1,17,kokugo,国態9,3
B_1_18,B,1,18,kokugo,国態9,1
B_1_19,B,1,19,kokugo,国態9,2
B_1_20,B,1,20,kokugo,国態9,4
B_1_21,B,1,21,kokugo,国態9,4
B_1_22,B,1,22,kokugo,国態9,2
B_1_23,B,1,23,kokugo,国態9,4
B_1_24,B,1,24,kokugo,国態9,3
B_1_25,B,1,25,kokugo,国態9,1
B_1_26,B,1,26,kokugo,国態9,3
B_1_27,B,1,27,kokugo,国態9,2
B_1_28,B,1,28,kokugo,国態9,3
B_1_29,B,1,29,kokugo,国態9,3
B_1_30,B,1,30,kokugo,国態9,4
B_2_1,B,2,1,kokugo,国態9,4
B_2_2,B,2,2,kokugo,国態9,3
B_2_3,B,2,3,kokugo,国態9,4
B_2_4,B,2,4,kokugo,国態9,3
B_2_5,B,2,5,kokugo,国態9,4
B_2_6,B,2,6,kokugo,国態9,3
B_2_7,B,2,7,kokugo,国態9,1
B_2_8,B,2,8,kokugo,国態9,3
B_2_9,B,2,9,kokugo,国態9,3
B_2_10,B,2,10,kokugo,国態9,4
B_2_11,B,2,11,kokugo,国態9,3
B_2_12,B,2,12,kokugo,国態9,3
B_2_13,B,2,13,kokugo,国態9,4
B_2_14,B,2,14,kokugo,国態9,4
B_2_15,B,2,15,kokugo,国態9,4
B_2_16,B,2,16,kokugo,国態9,4
B_2_17,B,2,17,kokugo,国態9,3
B_2_18,B,2,18,kokugo,国態9,3
B_2_19,B,2,19,kokugo,国態9,1
B_2_20,B,2,20,kokugo,国態9,2
B_2_21,B,2,21,kokugo,国態9,2
B_2_22,B,2,22,kokugo,国態9,4
B_2_23,B,2,23,kokugo,国態9,4
B_2_24,B,2,24,kokugo,国態9,4
B_2_25,B,2,25,kokugo,国態9,3
B_2_26,B,2,26,kokugo,国態9,3
B_2_27,B,2,27,kokugo,国態9,4
B_2_28,B,2,28,kokugo,国態9,4
B_2_29,B,2,29,kokugo,国態9,4
B_2_30,B,2,30,kokugo,国態9,2
C_1_1,C,1,1,kokugo,国態9,4
C_1_2,C,1,2,kokugo,国態9,2
C_1_3,C,1,3,kokugo,国態9,3
C_1_4,C,1,4,kokugo,国態9,4
C_1_5,C,1,5,kokugo,国態9,2
C_1_6,C,1,6,kokugo,国態9,1
C_1_7,C,1,7,kokugo,国態9,4
C_1_8,C,1,8,kokugo,国態9,4
C_1_9,C,1,9,kokugo,国態9,4
C_1_10,C,1,10,kokugo,国態9,2
C_1_11,C,1,11,kokugo,国態9,4
C_1_12,C,1,12,kokugo,国態9,1
C_1_13,C,1,13,kokugo,国態9,3
C_1_14,C,1,14,kokugo,国態9,2
C_1_15,C,1,15,kokugo,国態9,4
C_1_16,C,1,16,kokugo,国態9,3
C_1_17,C,1,17,kokugo,国態9,2
C_1_18,C,1,18,kokugo,国態9,1
C_1_19,C,1,19,kokugo,国態9,2
C_1_20,C,1,20,kokugo,国態9,2
C_1_21,C,1,21,kokugo,国態9,3
C_1_22,C,1,22,kokugo,国態9,1
C_1_23,C,1,23,kokugo,国態9,4
C_1_24,C,1,24,kokugo,国態9,3
C_1_25,C,1,25,kokugo,国態9,4
C_1_26,C,1,26,kokugo,国態9,2
C_1_27,C,1,27,kokugo,国態9,1
C_1_28,C,1,28,kokugo,国態9,2
C_1_29,C,1,29,kokugo,国態9,3
C_1_30,C,1,30,kokugo,国態9,4
C_2_1,C,2,1,kokugo,国態9,3
C_2_2,C,2,2,kokugo,国態9,2
C_2_3,C,2,3,kokugo,国態9,1
C_2_4,C,2,4,kokugo,国態9,3
C_2_5,C,2,5,kokugo,国態9,2
C_2_6,C,2,6,kokugo,国態9,2
C_2_7,C,2,7,kokugo,国態9,3
C_2_8,C,2,8,kokugo,国態9,4
C_2_9,C,2,9,kokugo,国態9,1
C_2_10,C,2,10,kokugo,国態9,3
C_2_11,C,2,11,kokugo,国態9,3
C_2_12,C,2,12,kokugo,国態9,3
C_2_13,C,2,13,kokugo,国態9,3
C_2_14,C,2,14,kokugo,国態9,4
C_2_15,C,2,15,kokugo,国態9,2
C_2_16,C,2,16,kokugo,国態9,3
C_2_17,C,2,17,kokugo,国態9,4
C_2_18,C,2,18,kokugo,国態9,4
C_2_19,C,2,19,kokugo,国態9,1
C_2_20,C,2,20,kokugo,国態9,4
C_2_21,C,2,21,kokugo,国態9,2
C_2_22,C,2,22,kokugo,国態9,4
C_2_23,C,2,23,kokugo,国態9,2
C_2_24,C,2,24,kokugo,国態9,3
C_2_25,C,2,25,kokugo,国態9,4
C_2_26,C,2,26,kokugo,国態9,3
C_2_27,C,2,27,kokugo,国態9,2
C_2_28,C,2,28,kokugo,国態9,4
C_2_29,C,2,29,kokugo,国態9,4
C_2_30,C,2,30,kokugo,国態9,4
C_1_1,C,1,1,kokugo,国態9,4
C_1_2,C,1,2,kokugo,国態9,2
C_1_3,C,1,3,kokugo,国態9,3
C_1_4,C,1,4,kokugo,国態9,4
C_1_5,C,1,5,kokugo,国態9,3
C_1_6,C,1,6,kokugo,国態9,2
C_1_7,C,1,7,kokugo,国態9,1
C_1_8,C,1,8,kokugo,国態9,4
C_1_9,C,1,9,kokugo,国態9,4
C_1_10,C,1,10,kokugo,国態9,3
C_1_11,C,1,11,kokugo,国態9,4
C_1_12,C,1,12,kokugo,国態9,3
D_1_13,D,1,13,kokugo,国態9,2
D_1_14,D,1,14,kokugo,国態9,2
D_1_15,D,1,15,kokugo,国態9,1
D_1_16,D,1,16,kokugo,国態9,4
D_1_17,D,1,17,kokugo,国態9,3
D_1_18,D,1,18,kokugo,国態9,4
D_1_19,D,1,19,kokugo,国態9,1
D_1_20,D,1,20,kokugo,国態9,1
D_1_21,D,1,21,kokugo,国態9,3
D_1_22,D,1,22,kokugo,国態9,2
D_1_23,D,1,23,kokugo,国態9,1
D_1_24,D,1,24,kokugo,国態9,3
D_1_25,D,1,25,kokugo,国態9,2
D_1_26,D,1,26,kokugo,国態9,3
D_1_27,D,1,27,kokugo,国態9,3
D_1_28,D,1,28,kokugo,国態9,3
D_1_29,D,1,29,kokugo,国態9,2
D_1_30,D,1,30,kokugo,国態9,3
D_2_1,D,2,1,kokugo,国態9,2
D_2_2,D,2,2,kokugo,国態9,4
D_2_3,D,2,3,kokugo,国態9,3
D_2_4,D,2,4,kokugo,国態9,3
D_2_5,D,2,5,kokugo,国態9,2
D_2_6,D,2,6,kokugo,国態9,4
D_2_7,D,2,7,kokugo,国態9,2
D_2_8,D,2,8,kokugo,国態9,2
D_2_9,D,2,9,kokugo,国態9,1
D_2_10,D,2,10,kokugo,国態9,1
D_2_11,D,2,11,kokugo,国態9,4
D_2_12,D,2,12,kokugo,国態9,4
D_2_13,D,2,13,kokugo,国態9,3
D_2_14,D,2,14,kokugo,国態9,2
D_2_15,D,2,15,kokugo,国態9,4
D_2_16,D,2,16,kokugo,国態9,3
D_2_17,D,2,17,kokugo,国態9,3
D_2_18,D,2,18,kokugo,国態9,3
D_2_19,D,2,19,kokugo,国態9,2
D_2_20,D,2,20,kokugo,国態9,4
D_2_21,D,2,21,kokugo,国態9,3
D_2_22,D,2,22,kokugo,国態9,4
D_2_23,D,2,23,kokugo,国態9,4
D_2_24,D,2,24,kokugo,国態9,0
D_2_25,D,2,25,kokugo,国態9,2
D_2_26,D,2,26,kokugo,国態9,4
D_2_27,D,2,27,kokugo,国態9,2
D_2_28,D,2,28,kokugo,国態9,3
D_2_29,D,2,29,kokugo,国態9,4
D_2_30,D,2,30,kokugo,国態9,3
A_1_1,A,1,1,kokugo,国態10,4
A_1_2,A,1,2,kokugo,国態10,2
A_1_3,A,1,3,kokugo,国態10,3
A_1_4,A,1,4,kokugo,国態10,3
A_1_5,A,1,5,kokugo,国態10,3
A_1_6,A,1,6,kokugo,国態10,4
A_1_7,A,1,7,kokugo,国態10,2
A_1_8,A,1,8,kokugo,国態10,4
A_1_9,A,1,9,kokugo,国態10,4
A_1_10,A,1,10,kokugo,国態10,4
A_1_11,A,1,11,kokugo,国態10,4
A_1_12,A,1,12,kokugo,国態10,3
A_1_13,A,1,13,kokugo,国態10,2
A_1_14,A,1,14,kokugo,国態10,4
A_1_15,A,1,15,kokugo,国態10,2
A_1_16,A,1,16,kokugo,国態10,4
A_1_17,A,1,17,kokugo,国態10,3
A_1_18,A,1,18,kokugo,国態10,2
A_1_19,A,1,19,kokugo,国態10,4
A_1_20,A,1,20,kokugo,国態10,4
A_1_21,A,1,21,kokugo,国態10,3
A_1_22,A,1,22,kokugo,国態10,4
A_1_23,A,1,23,kokugo,国態10,4
A_1_24,A,1,24,kokugo,国態10,4
A_1_25,A,1,25,kokugo,国態10,3
A_1_26,A,1,26,kokugo,国態10,3
A_1_27,A,1,27,kokugo,国態10,1
A_1_28,A,1,28,kokugo,国態10,4
A_1_29,A,1,29,kokugo,国態10,4
A_1_30,A,1,30,kokugo,国態10,4
A_2_1,A,2,1,kokugo,国態10,1
A_2_2,A,2,2,kokugo,国態10,2
A_2_3,A,2,3,kokugo,国態10,4
A_2_4,A,2,4,kokugo,国態10,3
A_2_5,A,2,5,kokugo,国態10,4
A_2_6,A,2,6,kokugo,国態10,3
A_2_7,A,2,7,kokugo,国態10,4
A_2_8,A,2,8,kokugo,国態10,3
A_2_9,A,2,9,kokugo,国態10,3
A_2_10,A,2,10,kokugo,国態10,4
A_2_11,A,2,11,kokugo,国態10,4
A_2_12,A,2,12,kokugo,国態10,3
A_2_13,A,2,13,kokugo,国態10,4
A_2_14,A,2,14,kokugo,国態10,4
A_2_15,A,2,15,kokugo,国態10,3
A_2_16,A,2,16,kokugo,国態10,4
A_2_17,A,2,17,kokugo,国態10,3
A_2_18,A,2,18,kokugo,国態10,4
A_2_19,A,2,19,kokugo,国態10,3
A_2_20,A,2,20,kokugo,国態10,4
A_2_21,A,2,21,kokugo,国態10,3
A_2_22,A,2,22,kokugo,国態10,4
A_2_23,A,2,23,kokugo,国態10,4
A_2_24,A,2,24,kokugo,国態10,1
A_2_25,A,2,25,kokugo,国態10,2
A_2_26,A,2,26,kokugo,国態10,4
A_2_27,A,2,27,kokugo,国態10,3
A_2_28,A,2,28,kokugo,国態10,4
A_2_29,A,2,29,kokugo,国態10,4
A_2_30,A,2,30,kokugo,国態10,4
B_1_1,B,1,1,kokugo,国態10,4
B_1_2,B,1,2,kokugo,国態10,3
B_1_3,B,1,3,kokugo,国態10,4
B_1_4,B,1,4,kokugo,国態10,4
B_1_5,B,1,5,kokugo,国態10,4
B_1_6,B,1,6,kokugo,国態10,3
B_1_7,B,1,7,kokugo,国態10,3
B_1_8,B,1,8,kokugo,国態10,4
B_1_9,B,1,9,kokugo,国態10,4
B_1_10,B,1,10,kokugo,国態10,3
B_1_11,B,1,11,kokugo,国態10,4
B_1_12,B,1,12,kokugo,国態10,3
B_1_13,B,1,13,kokugo,国態10,4
B_1_14,B,1,14,kokugo,国態10,3
B_1_15,B,1,15,kokugo,国態10,4
B_1_16,B,1,16,kokugo,国態10,4
B_1_17,B,1,17,kokugo,国態10,3
B_1_18,B,1,18,kokugo,国態10,1
B_1_19,B,1,19,kokugo,国態10,2
B_1_20,B,1,20,kokugo,国態10,2
B_1_21,B,1,21,kokugo,国態10,4
B_1_22,B,1,22,kokugo,国態10,4
B_1_23,B,1,23,kokugo,国態10,3
B_1_24,B,1,24,kokugo,国態10,3
B_1_25,B,1,25,kokugo,国態10,4
B_1_26,B,1,26,kokugo,国態10,4
B_1_27,B,1,27,kokugo,国態10,3
B_1_28,B,1,28,kokugo,国態10,3
B_1_29,B,1,29,kokugo,国態10,3
B_1_30,B,1,30,kokugo,国態10,4
B_2_1,B,2,1,kokugo,国態10,3
B_2_2,B,2,2,kokugo,国態10,4
B_2_3,B,2,3,kokugo,国態10,4
B_2_4,B,2,4,kokugo,国態10,3
B_2_5,B,2,5,kokugo,国態10,4
B_2_6,B,2,6,kokugo,国態10,3
B_2_7,B,2,7,kokugo,国態10,3
B_2_8,B,2,8,kokugo,国態10,4
B_2_9,B,2,9,kokugo,国態10,4
B_2_10,B,2,10,kokugo,国態10,4
B_2_11,B,2,11,kokugo,国態10,3
B_2_12,B,2,12,kokugo,国態10,4
B_2_13,B,2,13,kokugo,国態10,4
B_2_14,B,2,14,kokugo,国態10,4
B_2_15,B,2,15,kokugo,国態10,4
B_2_16,B,2,16,kokugo,国態10,4
B_2_17,B,2,17,kokugo,国態10,4
B_2_18,B,2,18,kokugo,国態10,3
B_2_19,B,2,19,kokugo,国態10,2
B_2_20,B,2,20,kokugo,国態10,2
B_2_21,B,2,21,kokugo,国態10,2
B_2_22,B,2,22,kokugo,国態10,4
B_2_23,B,2,23,kokugo,国態10,4
B_2_24,B,2,24,kokugo,国態10,3
B_2_25,B,2,25,kokugo,国態10,4
B_2_26,B,2,26,kokugo,国態10,4
B_2_27,B,2,27,kokugo,国態10,3
B_2_28,B,2,28,kokugo,国態10,2
B_2_29,B,2,29,kokugo,国態10,4
B_2_30,B,2,30,kokugo,国態10,3
C_1_1,C,1,1,kokugo,国態10,4
C_1_2,C,1,2,kokugo,国態10,3
C_1_3,C,1,3,kokugo,国態10,3
C_1_4,C,1,4,kokugo,国態10,3
C_1_5,C,1,5,kokugo,国態10,3
C_1_6,C,1,6,kokugo,国態10,1
C_1_7,C,1,7,kokugo,国態10,4
C_1_8,C,1,8,kokugo,国態10,4
C_1_9,C,1,9,kokugo,国態10,3
C_1_10,C,1,10,kokugo,国態10,4
C_1_11,C,1,11,kokugo,国態10,3
C_1_12,C,1,12,kokugo,国態10,3
C_1_13,C,1,13,kokugo,国態10,4
C_1_14,C,1,14,kokugo,国態10,2
C_1_15,C,1,15,kokugo,国態10,4
C_1_16,C,1,16,kokugo,国態10,4
C_1_17,C,1,17,kokugo,国態10,2
C_1_18,C,1,18,kokugo,国態10,1
C_1_19,C,1,19,kokugo,国態10,2
C_1_20,C,1,20,kokugo,国態10,3
C_1_21,C,1,21,kokugo,国態10,3
C_1_22,C,1,22,kokugo,国態10,1
C_1_23,C,1,23,kokugo,国態10,4
C_1_24,C,1,24,kokugo,国態10,3
C_1_25,C,1,25,kokugo,国態10,3
C_1_26,C,1,26,kokugo,国態10,2
C_1_27,C,1,27,kokugo,国態10,3
C_1_28,C,1,28,kokugo,国態10,3
C_1_29,C,1,29,kokugo,国態10,3
C_1_30,C,1,30,kokugo,国態10,3
C_2_1,C,2,1,kokugo,国態10,2
C_2_2,C,2,2,kokugo,国態10,2
C_2_3,C,2,3,kokugo,国態10,1
C_2_4,C,2,4,kokugo,国態10,1
C_2_5,C,2,5,kokugo,国態10,2
C_2_6,C,2,6,kokugo,国態10,4
C_2_7,C,2,7,kokugo,国態10,3
C_2_8,C,2,8,kokugo,国態10,3
C_2_9,C,2,9,kokugo,国態10,1
C_2_10,C,2,10,kokugo,国態10,4
C_2_11,C,2,11,kokugo,国態10,3
C_2_12,C,2,12,kokugo,国態10,4
C_2_13,C,2,13,kokugo,国態10,3
C_2_14,C,2,14,kokugo,国態10,4
C_2_15,C,2,15,kokugo,国態10,1
C_2_16,C,2,16,kokugo,国態10,4
C_2_17,C,2,17,kokugo,国態10,3
C_2_18,C,2,18,kokugo,国態10,4
C_2_19,C,2,19,kokugo,国態10,3
C_2_20,C,2,20,kokugo,国態10,4
C_2_21,C,2,21,kokugo,国態10,3
C_2_22,C,2,22,kokugo,国態10,3
C_2_23,C,2,23,kokugo,国態10,3
C_2_24,C,2,24,kokugo,国態10,3
C_2_25,C,2,25,kokugo,国態10,3
C_2_26,C,2,26,kokugo,国態10,4
C_2_27,C,2,27,kokugo,国態10,3
C_2_28,C,2,28,kokugo,国態10,2
C_2_29,C,2,29,kokugo,国態10,4
C_2_30,C,2,30,kokugo,国態10,3
C_1_1,C,1,1,kokugo,国態10,2
C_1_2,C,1,2,kokugo,国態10,4
C_1_3,C,1,3,kokugo,国態10,4
C_1_4,C,1,4,kokugo,国態10,2
C_1_5,C,1,5,kokugo,国態10,3
C_1_6,C,1,6,kokugo,国態10,4
C_1_7,C,1,7,kokugo,国態10,2
C_1_8,C,1,8,kokugo,国態10,4
C_1_9,C,1,9,kokugo,国態10,4
C_1_10,C,1,10,kokugo,国態10,3
C_1_11,C,1,11,kokugo,国態10,4
C_1_12,C,1,12,kokugo,国態10,2
D_1_13,D,1,13,kokugo,国態10,2
D_1_14,D,1,14,kokugo,国態10,4
D_1_15,D,1,15,kokugo,国態10,1
D_1_16,D,1,16,kokugo,国態10,3
D_1_17,D,1,17,kokugo,国態10,3
D_1_18,D,1,18,kokugo,国態10,3
D_1_19,D,1,19,kokugo,国態10,3
D_1_20,D,1,20,kokugo,国態10,2
D_1_21,D,1,21,kokugo,国態10,2
D_1_22,D,1,22,kokugo,国態10,2
D_1_23,D,1,23,kokugo,国態10,3
D_1_24,D,1,24,kokugo,国態10,2
D_1_25,D,1,25,kokugo,国態10,2
D_1_26,D,1,26,kokugo,国態10,2
D_1_27,D,1,27,kokugo,国態10,4
D_1_28,D,1,28,kokugo,国態10,4
D_1_29,D,1,29,kokugo,国態10,3
D_1_30,D,1,30,kokugo,国態10,4
D_2_1,D,2,1,kokugo,国態10,3
D_2_2,D,2,2,kokugo,国態10,3
D_2_3,D,2,3,kokugo,国態10,2
D_2_4,D,2,4,kokugo,国態10,3
D_2_5,D,2,5,kokugo,国態10,3
D_2_6,D,2,6,kokugo,国態10,4
D_2_7,D,2,7,kokugo,国態10,3
D_2_8,D,2,8,kokugo,国態10,3
D_2_9,D,2,9,kokugo,国態10,3
D_2_10,D,2,10,kokugo,国態10,3
D_2_11,D,2,11,kokugo,国態10,3
D_2_12,D,2,12,kokugo,国態10,3
D_2_13,D,2,13,kokugo,国態10,3
D_2_14,D,2,14,kokugo,国態10,3
D_2_15,D,2,15,kokugo,国態10,3
D_2_16,D,2,16,kokugo,国態10,3
D_2_17,D,2,17,kokugo,国態10,2
D_2_18,D,2,18,kokugo,国態10,4
D_2_19,D,2,19,kokugo,国態10,2
D_2_20,D,2,20,kokugo,国態10,3
D_2_21,D,2,21,kokugo,国態10,4
D_2_22,D,2,22,kokugo,国態10,4
D_2_23,D,2,23,kokugo,国態10,2
D_2_24,D,2,24,kokugo,国態10,0
D_2_25,D,2,25,kokugo,国態10,2
D_2_26,D,2,26,kokugo,国態10,3
D_2_27,D,2,27,kokugo,国態10,2
D_2_28,D,2,28,kokugo,国態10,3
D_2_29,D,2,29,kokugo,国態10,3
D_2_30,D,2,30,kokugo,国態10,3
A_1_1,A,1,1,kokugo,国態11,4
A_1_2,A,1,2,kokugo,国態11,2
A_1_3,A,1,3,kokugo,国態11,4
A_1_4,A,1,4,kokugo,国態11,4
A_1_5,A,1,5,kokugo,国態11,3
A_1_6,A,1,6,kokugo,国態11,4
A_1_7,A,1,7,kokugo,国態11,3
A_1_8,A,1,8,kokugo,国態11,4
A_1_9,A,1,9,kokugo,国態11,4
A_1_10,A,1,10,kokugo,国態11,3
A_1_11,A,1,11,kokugo,国態11,4
A_1_12,A,1,12,kokugo,国態11,4
A_1_13,A,1,13,kokugo,国態11,2
A_1_14,A,1,14,kokugo,国態11,4
A_1_15,A,1,15,kokugo,国態11,3
A_1_16,A,1,16,kokugo,国態11,4
A_1_17,A,1,17,kokugo,国態11,3
A_1_18,A,1,18,kokugo,国態11,4
A_1_19,A,1,19,kokugo,国態11,4
A_1_20,A,1,20,kokugo,国態11,3
A_1_21,A,1,21,kokugo,国態11,3
A_1_22,A,1,22,kokugo,国態11,4
A_1_23,A,1,23,kokugo,国態11,4
A_1_24,A,1,24,kokugo,国態11,4
A_1_25,A,1,25,kokugo,国態11,3
A_1_26,A,1,26,kokugo,国態11,2
A_1_27,A,1,27,kokugo,国態11,1
A_1_28,A,1,28,kokugo,国態11,4
A_1_29,A,1,29,kokugo,国態11,3
A_1_30,A,1,30,kokugo,国態11,4
A_2_1,A,2,1,kokugo,国態11,1
A_2_2,A,2,2,kokugo,国態11,3
A_2_3,A,2,3,kokugo,国態11,4
A_2_4,A,2,4,kokugo,国態11,4
A_2_5,A,2,5,kokugo,国態11,4
A_2_6,A,2,6,kokugo,国態11,4
A_2_7,A,2,7,kokugo,国態11,4
A_2_8,A,2,8,kokugo,国態11,3
A_2_9,A,2,9,kokugo,国態11,4
A_2_10,A,2,10,kokugo,国態11,4
A_2_11,A,2,11,kokugo,国態11,4
A_2_12,A,2,12,kokugo,国態11,3
A_2_13,A,2,13,kokugo,国態11,4
A_2_14,A,2,14,kokugo,国態11,4
A_2_15,A,2,15,kokugo,国態11,3
A_2_16,A,2,16,kokugo,国態11,4
A_2_17,A,2,17,kokugo,国態11,3
A_2_18,A,2,18,kokugo,国態11,4
A_2_19,A,2,19,kokugo,国態11,3
A_2_20,A,2,20,kokugo,国態11,3
A_2_21,A,2,21,kokugo,国態11,4
A_2_22,A,2,22,kokugo,国態11,4
A_2_23,A,2,23,kokugo,国態11,4
A_2_24,A,2,24,kokugo,国態11,1
A_2_25,A,2,25,kokugo,国態11,2
A_2_26,A,2,26,kokugo,国態11,4
A_2_27,A,2,27,kokugo,国態11,4
A_2_28,A,2,28,kokugo,国態11,4
A_2_29,A,2,29,kokugo,国態11,4
A_2_30,A,2,30,kokugo,国態11,4
B_1_1,B,1,1,kokugo,国態11,4
B_1_2,B,1,2,kokugo,国態11,3
B_1_3,B,1,3,kokugo,国態11,4
B_1_4,B,1,4,kokugo,国態11,4
B_1_5,B,1,5,kokugo,国態11,4
B_1_6,B,1,6,kokugo,国態11,3
B_1_7,B,1,7,kokugo,国態11,3
B_1_8,B,1,8,kokugo,国態11,4
B_1_9,B,1,9,kokugo,国態11,4
B_1_10,B,1,10,kokugo,国態11,4
B_1_11,B,1,11,kokugo,国態11,4
B_1_12,B,1,12,kokugo,国態11,3
B_1_13,B,1,13,kokugo,国態11,4
B_1_14,B,1,14,kokugo,国態11,3
B_1_15,B,1,15,kokugo,国態11,4
B_1_16,B,1,16,kokugo,国態11,4
B_1_17,B,1,17,kokugo,国態11,3
B_1_18,B,1,18,kokugo,国態11,1
B_1_19,B,1,19,kokugo,国態11,3
B_1_20,B,1,20,kokugo,国態11,3
B_1_21,B,1,21,kokugo,国態11,4
B_1_22,B,1,22,kokugo,国態11,4
B_1_23,B,1,23,kokugo,国態11,3
B_1_24,B,1,24,kokugo,国態11,3
B_1_25,B,1,25,kokugo,国態11,3
B_1_26,B,1,26,kokugo,国態11,4
B_1_27,B,1,27,kokugo,国態11,4
B_1_28,B,1,28,kokugo,国態11,3
B_1_29,B,1,29,kokugo,国態11,3
B_1_30,B,1,30,kokugo,国態11,4
B_2_1,B,2,1,kokugo,国態11,2
B_2_2,B,2,2,kokugo,国態11,4
B_2_3,B,2,3,kokugo,国態11,4
B_2_4,B,2,4,kokugo,国態11,4
B_2_5,B,2,5,kokugo,国態11,4
B_2_6,B,2,6,kokugo,国態11,4
B_2_7,B,2,7,kokugo,国態11,3
B_2_8,B,2,8,kokugo,国態11,3
B_2_9,B,2,9,kokugo,国態11,3
B_2_10,B,2,10,kokugo,国態11,4
B_2_11,B,2,11,kokugo,国態11,3
B_2_12,B,2,12,kokugo,国態11,4
B_2_13,B,2,13,kokugo,国態11,3
B_2_14,B,2,14,kokugo,国態11,3
B_2_15,B,2,15,kokugo,国態11,3
B_2_16,B,2,16,kokugo,国態11,4
B_2_17,B,2,17,kokugo,国態11,3
B_2_18,B,2,18,kokugo,国態11,3
B_2_19,B,2,19,kokugo,国態11,3
B_2_20,B,2,20,kokugo,国態11,1
B_2_21,B,2,21,kokugo,国態11,3
B_2_22,B,2,22,kokugo,国態11,4
B_2_23,B,2,23,kokugo,国態11,4
B_2_24,B,2,24,kokugo,国態11,4
B_2_25,B,2,25,kokugo,国態11,4
B_2_26,B,2,26,kokugo,国態11,4
B_2_27,B,2,27,kokugo,国態11,4
B_2_28,B,2,28,kokugo,国態11,2
B_2_29,B,2,29,kokugo,国態11,4
B_2_30,B,2,30,kokugo,国態11,3
C_1_1,C,1,1,kokugo,国態11,2
C_1_2,C,1,2,kokugo,国態11,2
C_1_3,C,1,3,kokugo,国態11,3
C_1_4,C,1,4,kokugo,国態11,4
C_1_5,C,1,5,kokugo,国態11,3
C_1_6,C,1,6,kokugo,国態11,1
C_1_7,C,1,7,kokugo,国態11,3
C_1_8,C,1,8,kokugo,国態11,3
C_1_9,C,1,9,kokugo,国態11,2
C_1_10,C,1,10,kokugo,国態11,4
C_1_11,C,1,11,kokugo,国態11,2
C_1_12,C,1,12,kokugo,国態11,3
C_1_13,C,1,13,kokugo,国態11,4
C_1_14,C,1,14,kokugo,国態11,2
C_1_15,C,1,15,kokugo,国態11,4
C_1_16,C,1,16,kokugo,国態11,2
C_1_17,C,1,17,kokugo,国態11,2
C_1_18,C,1,18,kokugo,国態11,2
C_1_19,C,1,19,kokugo,国態11,1
C_1_20,C,1,20,kokugo,国態11,2
C_1_21,C,1,21,kokugo,国態11,3
C_1_22,C,1,22,kokugo,国態11,1
C_1_23,C,1,23,kokugo,国態11,4
C_1_24,C,1,24,kokugo,国態11,4
C_1_25,C,1,25,kokugo,国態11,2
C_1_26,C,1,26,kokugo,国態11,3
C_1_27,C,1,27,kokugo,国態11,1
C_1_28,C,1,28,kokugo,国態11,3
C_1_29,C,1,29,kokugo,国態11,3
C_1_30,C,1,30,kokugo,国態11,4
C_2_1,C,2,1,kokugo,国態11,1
C_2_2,C,2,2,kokugo,国態11,2
C_2_3,C,2,3,kokugo,国態11,0
C_2_4,C,2,4,kokugo,国態11,2
C_2_5,C,2,5,kokugo,国態11,2
C_2_6,C,2,6,kokugo,国態11,4
C_2_7,C,2,7,kokugo,国態11,3
C_2_8,C,2,8,kokugo,国態11,4
C_2_9,C,2,9,kokugo,国態11,1
C_2_10,C,2,10,kokugo,国態11,3
C_2_11,C,2,11,kokugo,国態11,3
C_2_12,C,2,12,kokugo,国態11,3
C_2_13,C,2,13,kokugo,国態11,3
C_2_14,C,2,14,kokugo,国態11,4
C_2_15,C,2,15,kokugo,国態11,2
C_2_16,C,2,16,kokugo,国態11,3
C_2_17,C,2,17,kokugo,国態11,3
C_2_18,C,2,18,kokugo,国態11,4
C_2_19,C,2,19,kokugo,国態11,3
C_2_20,C,2,20,kokugo,国態11,4
C_2_21,C,2,21,kokugo,国態11,4
C_2_22,C,2,22,kokugo,国態11,3
C_2_23,C,2,23,kokugo,国態11,3
C_2_24,C,2,24,kokugo,国態11,4
C_2_25,C,2,25,kokugo,国態11,4
C_2_26,C,2,26,kokugo,国態11,4
C_2_27,C,2,27,kokugo,国態11,3
C_2_28,C,2,28,kokugo,国態11,3
C_2_29,C,2,29,kokugo,国態11,4
C_2_30,C,2,30,kokugo,国態11,4
C_1_1,C,1,1,kokugo,国態11,4
C_1_2,C,1,2,kokugo,国態11,4
C_1_3,C,1,3,kokugo,国態11,2
C_1_4,C,1,4,kokugo,国態11,3
C_1_5,C,1,5,kokugo,国態11,3
C_1_6,C,1,6,kokugo,国態11,3
C_1_7,C,1,7,kokugo,国態11,1
C_1_8,C,1,8,kokugo,国態11,4
C_1_9,C,1,9,kokugo,国態11,4
C_1_10,C,1,10,kokugo,国態11,4
C_1_11,C,1,11,kokugo,国態11,3
C_1_12,C,1,12,kokugo,国態11,2
D_1_13,D,1,13,kokugo,国態11,2
D_1_14,D,1,14,kokugo,国態11,4
D_1_15,D,1,15,kokugo,国態11,1
D_1_16,D,1,16,kokugo,国態11,4
D_1_17,D,1,17,kokugo,国態11,3
D_1_18,D,1,18,kokugo,国態11,3
D_1_19,D,1,19,kokugo,国態11,3
D_1_20,D,1,20,kokugo,国態11,1
D_1_21,D,1,21,kokugo,国態11,2
D_1_22,D,1,22,kokugo,国態11,2
D_1_23,D,1,23,kokugo,国態11,2
D_1_24,D,1,24,kokugo,国態11,2
D_1_25,D,1,25,kokugo,国態11,2
D_1_26,D,1,26,kokugo,国態11,3
D_1_27,D,1,27,kokugo,国態11,4
D_1_28,D,1,28,kokugo,国態11,4
D_1_29,D,1,29,kokugo,国態11,3
D_1_30,D,1,30,kokugo,国態11,4
D_2_1,D,2,1,kokugo,国態11,4
D_2_2,D,2,2,kokugo,国態11,3
D_2_3,D,2,3,kokugo,国態11,3
D_2_4,D,2,4,kokugo,国態11,3
D_2_5,D,2,5,kokugo,国態11,3
D_2_6,D,2,6,kokugo,国態11,4
D_2_7,D,2,7,kokugo,国態11,4
D_2_8,D,2,8,kokugo,国態11,3
D_2_9,D,2,9,kokugo,国態11,2
D_2_10,D,2,10,kokugo,国態11,3
D_2_11,D,2,11,kokugo,国態11,4
D_2_12,D,2,12,kokugo,国態11,4
D_2_13,D,2,13,kokugo,国態11,4
D_2_14,D,2,14,kokugo,国態11,3
D_2_15,D,2,15,kokugo,国態11,3
D_2_16,D,2,16,kokugo,国態11,3
D_2_17,D,2,17,kokugo,国態11,2
D_2_18,D,2,18,kokugo,国態11,4
D_2_19,D,2,19,kokugo,国態11,2
D_2_20,D,2,20,kokugo,国態11,3
D_2_21,D,2,21,kokugo,国態11,3
D_2_22,D,2,22,kokugo,国態11,4
D_2_23,D,2,23,kokugo,国態11,3
D_2_24,D,2,24,kokugo,国態11,0
D_2_25,D,2,25,kokugo,国態11,2
D_2_26,D,2,26,kokugo,国態11,4
D_2_27,D,2,27,kokugo,国態11,4
D_2_28,D,2,28,kokugo,国態11,3
D_2_29,D,2,29,kokugo,国態11,2
D_2_30,D,2,30,kokugo,国態11,2
A_1_1,A,1,1,kokugo,国態12,4
A_1_2,A,1,2,kokugo,国態12,2
A_1_3,A,1,3,kokugo,国態12,4
A_1_4,A,1,4,kokugo,国態12,4
A_1_5,A,1,5,kokugo,国態12,3
A_1_6,A,1,6,kokugo,国態12,4
A_1_7,A,1,7,kokugo,国態12,4
A_1_8,A,1,8,kokugo,国態12,3
A_1_9,A,1,9,kokugo,国態12,4
A_1_10,A,1,10,kokugo,国態12,3
A_1_11,A,1,11,kokugo,国態12,4
A_1_12,A,1,12,kokugo,国態12,3
A_1_13,A,1,13,kokugo,国態12,3
A_1_14,A,1,14,kokugo,国態12,4
A_1_15,A,1,15,kokugo,国態12,4
A_1_16,A,1,16,kokugo,国態12,4
A_1_17,A,1,17,kokugo,国態12,3
A_1_18,A,1,18,kokugo,国態12,3
A_1_19,A,1,19,kokugo,国態12,4
A_1_20,A,1,20,kokugo,国態12,4
A_1_21,A,1,21,kokugo,国態12,3
A_1_22,A,1,22,kokugo,国態12,4
A_1_23,A,1,23,kokugo,国態12,4
A_1_24,A,1,24,kokugo,国態12,4
A_1_25,A,1,25,kokugo,国態12,4
A_1_26,A,1,26,kokugo,国態12,4
A_1_27,A,1,27,kokugo,国態12,1
A_1_28,A,1,28,kokugo,国態12,3
A_1_29,A,1,29,kokugo,国態12,4
A_1_30,A,1,30,kokugo,国態12,4
A_2_1,A,2,1,kokugo,国態12,1
A_2_2,A,2,2,kokugo,国態12,3
A_2_3,A,2,3,kokugo,国態12,4
A_2_4,A,2,4,kokugo,国態12,3
A_2_5,A,2,5,kokugo,国態12,3
A_2_6,A,2,6,kokugo,国態12,4
A_2_7,A,2,7,kokugo,国態12,4
A_2_8,A,2,8,kokugo,国態12,4
A_2_9,A,2,9,kokugo,国態12,3
A_2_10,A,2,10,kokugo,国態12,4
A_2_11,A,2,11,kokugo,国態12,4
A_2_12,A,2,12,kokugo,国態12,2
A_2_13,A,2,13,kokugo,国態12,4
A_2_14,A,2,14,kokugo,国態12,4
A_2_15,A,2,15,kokugo,国態12,4
A_2_16,A,2,16,kokugo,国態12,4
A_2_17,A,2,17,kokugo,国態12,4
A_2_18,A,2,18,kokugo,国態12,4
A_2_19,A,2,19,kokugo,国態12,3
A_2_20,A,2,20,kokugo,国態12,4
A_2_21,A,2,21,kokugo,国態12,4
A_2_22,A,2,22,kokugo,国態12,4
A_2_23,A,2,23,kokugo,国態12,4
A_2_24,A,2,24,kokugo,国態12,1
A_2_25,A,2,25,kokugo,国態12,3
A_2_26,A,2,26,kokugo,国態12,4
A_2_27,A,2,27,kokugo,国態12,4
A_2_28,A,2,28,kokugo,国態12,4
A_2_29,A,2,29,kokugo,国態12,4
A_2_30,A,2,30,kokugo,国態12,3
B_1_1,B,1,1,kokugo,国態12,4
B_1_2,B,1,2,kokugo,国態12,3
B_1_3,B,1,3,kokugo,国態12,4
B_1_4,B,1,4,kokugo,国態12,4
B_1_5,B,1,5,kokugo,国態12,3
B_1_6,B,1,6,kokugo,国態12,3
B_1_7,B,1,7,kokugo,国態12,3
B_1_8,B,1,8,kokugo,国態12,4
B_1_9,B,1,9,kokugo,国態12,3
B_1_10,B,1,10,kokugo,国態12,4
B_1_11,B,1,11,kokugo,国態12,4
B_1_12,B,1,12,kokugo,国態12,3
B_1_13,B,1,13,kokugo,国態12,4
B_1_14,B,1,14,kokugo,国態12,4
B_1_15,B,1,15,kokugo,国態12,4
B_1_16,B,1,16,kokugo,国態12,4
B_1_17,B,1,17,kokugo,国態12,3
B_1_18,B,1,18,kokugo,国態12,1
B_1_19,B,1,19,kokugo,国態12,3
B_1_20,B,1,20,kokugo,国態12,3
B_1_21,B,1,21,kokugo,国態12,3
B_1_22,B,1,22,kokugo,国態12,4
B_1_23,B,1,23,kokugo,国態12,2
B_1_24,B,1,24,kokugo,国態12,3
B_1_25,B,1,25,kokugo,国態12,3
B_1_26,B,1,26,kokugo,国態12,4
B_1_27,B,1,27,kokugo,国態12,3
B_1_28,B,1,28,kokugo,国態12,3
B_1_29,B,1,29,kokugo,国態12,3
B_1_30,B,1,30,kokugo,国態12,4
B_2_1,B,2,1,kokugo,国態12,1
B_2_2,B,2,2,kokugo,国態12,4
B_2_3,B,2,3,kokugo,国態12,4
B_2_4,B,2,4,kokugo,国態12,3
B_2_5,B,2,5,kokugo,国態12,4
B_2_6,B,2,6,kokugo,国態12,3
B_2_7,B,2,7,kokugo,国態12,2
B_2_8,B,2,8,kokugo,国態12,3
B_2_9,B,2,9,kokugo,国態12,4
B_2_10,B,2,10,kokugo,国態12,4
B_2_11,B,2,11,kokugo,国態12,4
B_2_12,B,2,12,kokugo,国態12,4
B_2_13,B,2,13,kokugo,国態12,3
B_2_14,B,2,14,kokugo,国態12,4
B_2_15,B,2,15,kokugo,国態12,4
B_2_16,B,2,16,kokugo,国態12,3
B_2_17,B,2,17,kokugo,国態12,3
B_2_18,B,2,18,kokugo,国態12,4
B_2_19,B,2,19,kokugo,国態12,2
B_2_20,B,2,20,kokugo,国態12,1
B_2_21,B,2,21,kokugo,国態12,2
B_2_22,B,2,22,kokugo,国態12,4
B_2_23,B,2,23,kokugo,国態12,3
B_2_24,B,2,24,kokugo,国態12,4
B_2_25,B,2,25,kokugo,国態12,3
B_2_26,B,2,26,kokugo,国態12,4
B_2_27,B,2,27,kokugo,国態12,4
B_2_28,B,2,28,kokugo,国態12,2
B_2_29,B,2,29,kokugo,国態12,4
B_2_30,B,2,30,kokugo,国態12,3
C_1_1,C,1,1,kokugo,国態12,3
C_1_2,C,1,2,kokugo,国態12,1
C_1_3,C,1,3,kokugo,国態12,3
C_1_4,C,1,4,kokugo,国態12,3
C_1_5,C,1,5,kokugo,国態12,3
C_1_6,C,1,6,kokugo,国態12,2
C_1_7,C,1,7,kokugo,国態12,4
C_1_8,C,1,8,kokugo,国態12,4
C_1_9,C,1,9,kokugo,国態12,3
C_1_10,C,1,10,kokugo,国態12,4
C_1_11,C,1,11,kokugo,国態12,4
C_1_12,C,1,12,kokugo,国態12,2
C_1_13,C,1,13,kokugo,国態12,4
C_1_14,C,1,14,kokugo,国態12,2
C_1_15,C,1,15,kokugo,国態12,4
C_1_16,C,1,16,kokugo,国態12,3
C_1_17,C,1,17,kokugo,国態12,2
C_1_18,C,1,18,kokugo,国態12,1
C_1_19,C,1,19,kokugo,国態12,2
C_1_20,C,1,20,kokugo,国態12,3
C_1_21,C,1,21,kokugo,国態12,3
C_1_22,C,1,22,kokugo,国態12,1
C_1_23,C,1,23,kokugo,国態12,4
C_1_24,C,1,24,kokugo,国態12,4
C_1_25,C,1,25,kokugo,国態12,3
C_1_26,C,1,26,kokugo,国態12,3
C_1_27,C,1,27,kokugo,国態12,3
C_1_28,C,1,28,kokugo,国態12,3
C_1_29,C,1,29,kokugo,国態12,3
C_1_30,C,1,30,kokugo,国態12,4
C_2_1,C,2,1,kokugo,国態12,1
C_2_2,C,2,2,kokugo,国態12,2
C_2_3,C,2,3,kokugo,国態12,0
C_2_4,C,2,4,kokugo,国態12,2
C_2_5,C,2,5,kokugo,国態12,2
C_2_6,C,2,6,kokugo,国態12,3
C_2_7,C,2,7,kokugo,国態12,3
C_2_8,C,2,8,kokugo,国態12,3
C_2_9,C,2,9,kokugo,国態12,1
C_2_10,C,2,10,kokugo,国態12,2
C_2_11,C,2,11,kokugo,国態12,3
C_2_12,C,2,12,kokugo,国態12,3
C_2_13,C,2,13,kokugo,国態12,3
C_2_14,C,2,14,kokugo,国態12,4
C_2_15,C,2,15,kokugo,国態12,1
C_2_16,C,2,16,kokugo,国態12,3
C_2_17,C,2,17,kokugo,国態12,3
C_2_18,C,2,18,kokugo,国態12,4
C_2_19,C,2,19,kokugo,国態12,4
C_2_20,C,2,20,kokugo,国態12,4
C_2_21,C,2,21,kokugo,国態12,3
C_2_22,C,2,22,kokugo,国態12,2
C_2_23,C,2,23,kokugo,国態12,3
C_2_24,C,2,24,kokugo,国態12,4
C_2_25,C,2,25,kokugo,国態12,4
C_2_26,C,2,26,kokugo,国態12,3
C_2_27,C,2,27,kokugo,国態12,3
C_2_28,C,2,28,kokugo,国態12,3
C_2_29,C,2,29,kokugo,国態12,4
C_2_30,C,2,30,kokugo,国態12,3
C_1_1,C,1,1,kokugo,国態12,4
C_1_2,C,1,2,kokugo,国態12,3
C_1_3,C,1,3,kokugo,国態12,4
C_1_4,C,1,4,kokugo,国態12,3
C_1_5,C,1,5,kokugo,国態12,3
C_1_6,C,1,6,kokugo,国態12,2
C_1_7,C,1,7,kokugo,国態12,1
C_1_8,C,1,8,kokugo,国態12,4
C_1_9,C,1,9,kokugo,国態12,4
C_1_10,C,1,10,kokugo,国態12,3
C_1_11,C,1,11,kokugo,国態12,3
C_1_12,C,1,12,kokugo,国態12,3
D_1_13,D,1,13,kokugo,国態12,2
D_1_14,D,1,14,kokugo,国態12,4
D_1_15,D,1,15,kokugo,国態12,1
D_1_16,D,1,16,kokugo,国態12,4
D_1_17,D,1,17,kokugo,国態12,4
D_1_18,D,1,18,kokugo,国態12,4
D_1_19,D,1,19,kokugo,国態12,1
D_1_20,D,1,20,kokugo,国態12,3
D_1_21,D,1,21,kokugo,国態12,2
D_1_22,D,1,22,kokugo,国態12,3
D_1_23,D,1,23,kokugo,国態12,3
D_1_24,D,1,24,kokugo,国態12,3
D_1_25,D,1,25,kokugo,国態12,3
D_1_26,D,1,26,kokugo,国態12,4
D_1_27,D,1,27,kokugo,国態12,4
D_1_28,D,1,28,kokugo,国態12,4
D_1_29,D,1,29,kokugo,国態12,2
D_1_30,D,1,30,kokugo,国態12,4
D_2_1,D,2,1,kokugo,国態12,3
D_2_2,D,2,2,kokugo,国態12,3
D_2_3,D,2,3,kokugo,国態12,3
D_2_4,D,2,4,kokugo,国態12,3
D_2_5,D,2,5,kokugo,国態12,2
D_2_6,D,2,6,kokugo,国態12,4
D_2_7,D,2,7,kokugo,国態12,3
D_2_8,D,2,8,kokugo,国態12,3
D_2_9,D,2,9,kokugo,国態12,4
D_2_10,D,2,10,kokugo,国態12,2
D_2_11,D,2,11,kokugo,国態12,4
D_2_12,D,2,12,kokugo,国態12,4
D_2_13,D,2,13,kokugo,国態12,4
D_2_14,D,2,14,kokugo,国態12,3
D_2_15,D,2,15,kokugo,国態12,4
D_2_16,D,2,16,kokugo,国態12,3
D_2_17,D,2,17,kokugo,国態12,1
D_2_18,D,2,18,kokugo,国態12,4
D_2_19,D,2,19,kokugo,国態12,2
D_2_20,D,2,20,kokugo,国態12,4
D_2_21,D,2,21,kokugo,国態12,2
D_2_22,D,2,22,kokugo,国態12,4
D_2_23,D,2,23,kokugo,国態12,4
D_2_24,D,2,24,kokugo,国態12,0
D_2_25,D,2,25,kokugo,国態12,2
D_2_26,D,2,26,kokugo,国態12,4
D_2_27,D,2,27,kokugo,国態12,3
D_2_28,D,2,28,kokugo,国態12,4
D_2_29,D,2,29,kokugo,国態12,2
D_2_30,D,2,30,kokugo,国態12,2
A_1_1,A,1,1,shakai,社態1,4
A_1_2,A,1,2,shakai,社態1,3
A_1_3,A,1,3,shakai,社態1,4
A_1_4,A,1,4,shakai,社態1,4
A_1_5,A,1,5,shakai,社態1,4
A_1_6,A,1,6,shakai,社態1,4
A_1_7,A,1,7,shakai,社態1,4
A_1_8,A,1,8,shakai,社態1,3
A_1_9,A,1,9,shakai,社態1,2
A_1_10,A,1,10,shakai,社態1,3
A_1_11,A,1,11,shakai,社態1,4
A_1_12,A,1,12,shakai,社態1,3
A_1_13,A,1,13,shakai,社態1,2
A_1_14,A,1,14,shakai,社態1,4
A_1_15,A,1,15,shakai,社態1,1
A_1_16,A,1,16,shakai,社態1,4
A_1_17,A,1,17,shakai,社態1,4
A_1_18,A,1,18,shakai,社態1,3
A_1_19,A,1,19,shakai,社態1,4
A_1_20,A,1,20,shakai,社態1,4
A_1_21,A,1,21,shakai,社態1,4
A_1_22,A,1,22,shakai,社態1,4
A_1_23,A,1,23,shakai,社態1,3
A_1_24,A,1,24,shakai,社態1,4
A_1_25,A,1,25,shakai,社態1,4
A_1_26,A,1,26,shakai,社態1,3
A_1_27,A,1,27,shakai,社態1,4
A_1_28,A,1,28,shakai,社態1,4
A_1_29,A,1,29,shakai,社態1,4
A_1_30,A,1,30,shakai,社態1,4
A_2_1,A,2,1,shakai,社態1,4
A_2_2,A,2,2,shakai,社態1,4
A_2_3,A,2,3,shakai,社態1,3
A_2_4,A,2,4,shakai,社態1,4
A_2_5,A,2,5,shakai,社態1,4
A_2_6,A,2,6,shakai,社態1,3
A_2_7,A,2,7,shakai,社態1,4
A_2_8,A,2,8,shakai,社態1,4
A_2_9,A,2,9,shakai,社態1,3
A_2_10,A,2,10,shakai,社態1,4
A_2_11,A,2,11,shakai,社態1,4
A_2_12,A,2,12,shakai,社態1,4
A_2_13,A,2,13,shakai,社態1,4
A_2_14,A,2,14,shakai,社態1,3
A_2_15,A,2,15,shakai,社態1,3
A_2_16,A,2,16,shakai,社態1,4
A_2_17,A,2,17,shakai,社態1,3
A_2_18,A,2,18,shakai,社態1,4
A_2_19,A,2,19,shakai,社態1,3
A_2_20,A,2,20,shakai,社態1,3
A_2_21,A,2,21,shakai,社態1,4
A_2_22,A,2,22,shakai,社態1,4
A_2_23,A,2,23,shakai,社態1,4
A_2_24,A,2,24,shakai,社態1,2
A_2_25,A,2,25,shakai,社態1,2
A_2_26,A,2,26,shakai,社態1,4
A_2_27,A,2,27,shakai,社態1,3
A_2_28,A,2,28,shakai,社態1,3
A_2_29,A,2,29,shakai,社態1,4
A_2_30,A,2,30,shakai,社態1,3
B_1_1,B,1,1,shakai,社態1,4
B_1_2,B,1,2,shakai,社態1,4
B_1_3,B,1,3,shakai,社態1,3
B_1_4,B,1,4,shakai,社態1,4
B_1_5,B,1,5,shakai,社態1,4
B_1_6,B,1,6,shakai,社態1,3
B_1_7,B,1,7,shakai,社態1,4
B_1_8,B,1,8,shakai,社態1,4
B_1_9,B,1,9,shakai,社態1,3
B_1_10,B,1,10,shakai,社態1,4
B_1_11,B,1,11,shakai,社態1,4
B_1_12,B,1,12,shakai,社態1,4
B_1_13,B,1,13,shakai,社態1,4
B_1_14,B,1,14,shakai,社態1,1
B_1_15,B,1,15,shakai,社態1,4
B_1_16,B,1,16,shakai,社態1,4
B_1_17,B,1,17,shakai,社態1,4
B_1_18,B,1,18,shakai,社態1,4
B_1_19,B,1,19,shakai,社態1,3
B_1_20,B,1,20,shakai,社態1,4
B_1_21,B,1,21,shakai,社態1,4
B_1_22,B,1,22,shakai,社態1,4
B_1_23,B,1,23,shakai,社態1,3
B_1_24,B,1,24,shakai,社態1,3
B_1_25,B,1,25,shakai,社態1,4
B_1_26,B,1,26,shakai,社態1,4
B_1_27,B,1,27,shakai,社態1,3
B_1_28,B,1,28,shakai,社態1,3
B_1_29,B,1,29,shakai,社態1,3
B_1_30,B,1,30,shakai,社態1,4
B_2_1,B,2,1,shakai,社態1,4
B_2_2,B,2,2,shakai,社態1,4
B_2_3,B,2,3,shakai,社態1,4
B_2_4,B,2,4,shakai,社態1,4
B_2_5,B,2,5,shakai,社態1,4
B_2_6,B,2,6,shakai,社態1,3
B_2_7,B,2,7,shakai,社態1,4
B_2_8,B,2,8,shakai,社態1,3
B_2_9,B,2,9,shakai,社態1,4
B_2_10,B,2,10,shakai,社態1,4
B_2_11,B,2,11,shakai,社態1,4
B_2_12,B,2,12,shakai,社態1,4
B_2_13,B,2,13,shakai,社態1,4
B_2_14,B,2,14,shakai,社態1,4
B_2_15,B,2,15,shakai,社態1,4
B_2_16,B,2,16,shakai,社態1,3
B_2_17,B,2,17,shakai,社態1,3
B_2_18,B,2,18,shakai,社態1,4
B_2_19,B,2,19,shakai,社態1,3
B_2_20,B,2,20,shakai,社態1,4
B_2_21,B,2,21,shakai,社態1,4
B_2_22,B,2,22,shakai,社態1,4
B_2_23,B,2,23,shakai,社態1,4
B_2_24,B,2,24,shakai,社態1,4
B_2_25,B,2,25,shakai,社態1,3
B_2_26,B,2,26,shakai,社態1,4
B_2_27,B,2,27,shakai,社態1,4
B_2_28,B,2,28,shakai,社態1,4
B_2_29,B,2,29,shakai,社態1,4
B_2_30,B,2,30,shakai,社態1,1
C_1_1,C,1,1,shakai,社態1,3
C_1_2,C,1,2,shakai,社態1,2
C_1_3,C,1,3,shakai,社態1,4
C_1_4,C,1,4,shakai,社態1,3
C_1_5,C,1,5,shakai,社態1,3
C_1_6,C,1,6,shakai,社態1,3
C_1_7,C,1,7,shakai,社態1,3
C_1_8,C,1,8,shakai,社態1,2
C_1_9,C,1,9,shakai,社態1,3
C_1_10,C,1,10,shakai,社態1,4
C_1_11,C,1,11,shakai,社態1,3
C_1_12,C,1,12,shakai,社態1,4
C_1_13,C,1,13,shakai,社態1,3
C_1_14,C,1,14,shakai,社態1,4
C_1_15,C,1,15,shakai,社態1,4
C_1_16,C,1,16,shakai,社態1,3
C_1_17,C,1,17,shakai,社態1,1
C_1_18,C,1,18,shakai,社態1,1
C_1_19,C,1,19,shakai,社態1,1
C_1_21,C,1,21,shakai,社態1,4
C_1_22,C,1,22,shakai,社態1,2
C_1_23,C,1,23,shakai,社態1,2
C_1_24,C,1,24,shakai,社態1,3
C_1_25,C,1,25,shakai,社態1,1
C_1_26,C,1,26,shakai,社態1,3
C_1_27,C,1,27,shakai,社態1,3
C_1_28,C,1,28,shakai,社態1,1
C_1_29,C,1,29,shakai,社態1,2
C_1_30,C,1,30,shakai,社態1,3
C_2_1,C,2,1,shakai,社態1,1
C_2_3,C,2,3,shakai,社態1,1
C_2_4,C,2,4,shakai,社態1,4
C_2_5,C,2,5,shakai,社態1,3
C_2_6,C,2,6,shakai,社態1,4
C_2_7,C,2,7,shakai,社態1,3
C_2_8,C,2,8,shakai,社態1,4
C_2_10,C,2,10,shakai,社態1,2
C_2_11,C,2,11,shakai,社態1,2
C_2_12,C,2,12,shakai,社態1,4
C_2_13,C,2,13,shakai,社態1,3
C_2_14,C,2,14,shakai,社態1,4
C_2_15,C,2,15,shakai,社態1,3
C_2_16,C,2,16,shakai,社態1,1
C_2_17,C,2,17,shakai,社態1,4
C_2_18,C,2,18,shakai,社態1,4
C_2_19,C,2,19,shakai,社態1,2
C_2_20,C,2,20,shakai,社態1,4
C_2_21,C,2,21,shakai,社態1,3
C_2_22,C,2,22,shakai,社態1,3
C_2_23,C,2,23,shakai,社態1,3
C_2_24,C,2,24,shakai,社態1,3
C_2_25,C,2,25,shakai,社態1,4
C_2_26,C,2,26,shakai,社態1,3
C_2_27,C,2,27,shakai,社態1,3
C_2_29,C,2,29,shakai,社態1,2
C_2_30,C,2,30,shakai,社態1,4
C_1_1,C,1,1,shakai,社態1,3
C_1_2,C,1,2,shakai,社態1,4
C_1_3,C,1,3,shakai,社態1,4
C_1_4,C,1,4,shakai,社態1,3
C_1_5,C,1,5,shakai,社態1,2
C_1_6,C,1,6,shakai,社態1,1
C_1_7,C,1,7,shakai,社態1,4
C_1_8,C,1,8,shakai,社態1,3
C_1_9,C,1,9,shakai,社態1,4
C_1_10,C,1,10,shakai,社態1,3
C_1_11,C,1,11,shakai,社態1,4
C_1_12,C,1,12,shakai,社態1,3
D_1_13,D,1,13,shakai,社態1,4
D_1_14,D,1,14,shakai,社態1,3
D_1_15,D,1,15,shakai,社態1,4
D_1_16,D,1,16,shakai,社態1,3
D_1_17,D,1,17,shakai,社態1,3
D_1_18,D,1,18,shakai,社態1,3
D_1_19,D,1,19,shakai,社態1,3
D_1_20,D,1,20,shakai,社態1,3
D_1_21,D,1,21,shakai,社態1,3
D_1_22,D,1,22,shakai,社態1,3
D_1_23,D,1,23,shakai,社態1,3
D_1_24,D,1,24,shakai,社態1,3
D_1_25,D,1,25,shakai,社態1,3
D_1_26,D,1,26,shakai,社態1,3
D_1_27,D,1,27,shakai,社態1,4
D_1_28,D,1,28,shakai,社態1,4
D_1_29,D,1,29,shakai,社態1,4
D_1_30,D,1,30,shakai,社態1,4
D_2_1,D,2,1,shakai,社態1,4
D_2_2,D,2,2,shakai,社態1,4
D_2_3,D,2,3,shakai,社態1,4
D_2_4,D,2,4,shakai,社態1,3
D_2_5,D,2,5,shakai,社態1,2
D_2_6,D,2,6,shakai,社態1,3
D_2_7,D,2,7,shakai,社態1,3
D_2_8,D,2,8,shakai,社態1,2
D_2_9,D,2,9,shakai,社態1,2
D_2_10,D,2,10,shakai,社態1,3
D_2_11,D,2,11,shakai,社態1,3
D_2_12,D,2,12,shakai,社態1,3
D_2_13,D,2,13,shakai,社態1,4
D_2_14,D,2,14,shakai,社態1,1
D_2_15,D,2,15,shakai,社態1,4
D_2_16,D,2,16,shakai,社態1,3
D_2_17,D,2,17,shakai,社態1,4
D_2_18,D,2,18,shakai,社態1,4
D_2_19,D,2,19,shakai,社態1,3
D_2_20,D,2,20,shakai,社態1,3
D_2_21,D,2,21,shakai,社態1,3
D_2_22,D,2,22,shakai,社態1,4
D_2_23,D,2,23,shakai,社態1,4
D_2_24,D,2,24,shakai,社態1,2
D_2_25,D,2,25,shakai,社態1,2
D_2_26,D,2,26,shakai,社態1,4
D_2_27,D,2,27,shakai,社態1,2
D_2_28,D,2,28,shakai,社態1,2
D_2_29,D,2,29,shakai,社態1,2
D_2_30,D,2,30,shakai,社態1,4
A_1_1,A,1,1,shakai,社態2,3
A_1_2,A,1,2,shakai,社態2,3
A_1_3,A,1,3,shakai,社態2,4
A_1_4,A,1,4,shakai,社態2,4
A_1_5,A,1,5,shakai,社態2,3
A_1_6,A,1,6,shakai,社態2,4
A_1_7,A,1,7,shakai,社態2,3
A_1_8,A,1,8,shakai,社態2,3
A_1_9,A,1,9,shakai,社態2,3
A_1_10,A,1,10,shakai,社態2,3
A_1_11,A,1,11,shakai,社態2,4
A_1_12,A,1,12,shakai,社態2,3
A_1_13,A,1,13,shakai,社態2,2
A_1_14,A,1,14,shakai,社態2,4
A_1_15,A,1,15,shakai,社態2,2
A_1_16,A,1,16,shakai,社態2,4
A_1_17,A,1,17,shakai,社態2,3
A_1_18,A,1,18,shakai,社態2,3
A_1_19,A,1,19,shakai,社態2,4
A_1_20,A,1,20,shakai,社態2,3
A_1_21,A,1,21,shakai,社態2,4
A_1_22,A,1,22,shakai,社態2,3
A_1_23,A,1,23,shakai,社態2,3
A_1_24,A,1,24,shakai,社態2,4
A_1_25,A,1,25,shakai,社態2,4
A_1_26,A,1,26,shakai,社態2,3
A_1_27,A,1,27,shakai,社態2,4
A_1_28,A,1,28,shakai,社態2,4
A_1_29,A,1,29,shakai,社態2,4
A_1_30,A,1,30,shakai,社態2,4
A_2_1,A,2,1,shakai,社態2,4
A_2_2,A,2,2,shakai,社態2,3
A_2_3,A,2,3,shakai,社態2,3
A_2_4,A,2,4,shakai,社態2,3
A_2_5,A,2,5,shakai,社態2,4
A_2_6,A,2,6,shakai,社態2,3
A_2_7,A,2,7,shakai,社態2,4
A_2_8,A,2,8,shakai,社態2,4
A_2_9,A,2,9,shakai,社態2,3
A_2_10,A,2,10,shakai,社態2,4
A_2_11,A,2,11,shakai,社態2,4
A_2_12,A,2,12,shakai,社態2,3
A_2_13,A,2,13,shakai,社態2,4
A_2_14,A,2,14,shakai,社態2,3
A_2_15,A,2,15,shakai,社態2,3
A_2_16,A,2,16,shakai,社態2,4
A_2_17,A,2,17,shakai,社態2,3
A_2_18,A,2,18,shakai,社態2,4
A_2_19,A,2,19,shakai,社態2,3
A_2_20,A,2,20,shakai,社態2,4
A_2_21,A,2,21,shakai,社態2,4
A_2_22,A,2,22,shakai,社態2,4
A_2_23,A,2,23,shakai,社態2,4
A_2_24,A,2,24,shakai,社態2,2
A_2_25,A,2,25,shakai,社態2,2
A_2_26,A,2,26,shakai,社態2,4
A_2_27,A,2,27,shakai,社態2,2
A_2_28,A,2,28,shakai,社態2,3
A_2_29,A,2,29,shakai,社態2,4
A_2_30,A,2,30,shakai,社態2,3
B_1_1,B,1,1,shakai,社態2,4
B_1_2,B,1,2,shakai,社態2,3
B_1_3,B,1,3,shakai,社態2,4
B_1_4,B,1,4,shakai,社態2,4
B_1_5,B,1,5,shakai,社態2,4
B_1_6,B,1,6,shakai,社態2,3
B_1_7,B,1,7,shakai,社態2,3
B_1_8,B,1,8,shakai,社態2,4
B_1_9,B,1,9,shakai,社態2,3
B_1_10,B,1,10,shakai,社態2,4
B_1_11,B,1,11,shakai,社態2,4
B_1_12,B,1,12,shakai,社態2,4
B_1_13,B,1,13,shakai,社態2,3
B_1_14,B,1,14,shakai,社態2,1
B_1_15,B,1,15,shakai,社態2,4
B_1_16,B,1,16,shakai,社態2,4
B_1_17,B,1,17,shakai,社態2,3
B_1_18,B,1,18,shakai,社態2,4
B_1_19,B,1,19,shakai,社態2,3
B_1_20,B,1,20,shakai,社態2,3
B_1_21,B,1,21,shakai,社態2,3
B_1_22,B,1,22,shakai,社態2,4
B_1_23,B,1,23,shakai,社態2,3
B_1_24,B,1,24,shakai,社態2,2
B_1_25,B,1,25,shakai,社態2,3
B_1_26,B,1,26,shakai,社態2,3
B_1_27,B,1,27,shakai,社態2,2
B_1_28,B,1,28,shakai,社態2,3
B_1_29,B,1,29,shakai,社態2,2
B_1_30,B,1,30,shakai,社態2,4
B_2_1,B,2,1,shakai,社態2,4
B_2_2,B,2,2,shakai,社態2,4
B_2_3,B,2,3,shakai,社態2,4
B_2_4,B,2,4,shakai,社態2,4
B_2_5,B,2,5,shakai,社態2,4
B_2_6,B,2,6,shakai,社態2,2
B_2_7,B,2,7,shakai,社態2,4
B_2_8,B,2,8,shakai,社態2,3
B_2_9,B,2,9,shakai,社態2,4
B_2_10,B,2,10,shakai,社態2,3
B_2_11,B,2,11,shakai,社態2,3
B_2_12,B,2,12,shakai,社態2,4
B_2_13,B,2,13,shakai,社態2,3
B_2_14,B,2,14,shakai,社態2,3
B_2_15,B,2,15,shakai,社態2,3
B_2_16,B,2,16,shakai,社態2,3
B_2_17,B,2,17,shakai,社態2,3
B_2_18,B,2,18,shakai,社態2,3
B_2_19,B,2,19,shakai,社態2,2
B_2_20,B,2,20,shakai,社態2,3
B_2_21,B,2,21,shakai,社態2,3
B_2_22,B,2,22,shakai,社態2,4
B_2_23,B,2,23,shakai,社態2,4
B_2_24,B,2,24,shakai,社態2,4
B_2_25,B,2,25,shakai,社態2,4
B_2_26,B,2,26,shakai,社態2,4
B_2_27,B,2,27,shakai,社態2,4
B_2_28,B,2,28,shakai,社態2,4
B_2_29,B,2,29,shakai,社態2,4
B_2_30,B,2,30,shakai,社態2,1
C_1_1,C,1,1,shakai,社態2,2
C_1_2,C,1,2,shakai,社態2,3
C_1_3,C,1,3,shakai,社態2,3
C_1_4,C,1,4,shakai,社態2,3
C_1_5,C,1,5,shakai,社態2,3
C_1_6,C,1,6,shakai,社態2,3
C_1_7,C,1,7,shakai,社態2,2
C_1_8,C,1,8,shakai,社態2,2
C_1_9,C,1,9,shakai,社態2,3
C_1_10,C,1,10,shakai,社態2,3
C_1_11,C,1,11,shakai,社態2,3
C_1_12,C,1,12,shakai,社態2,4
C_1_13,C,1,13,shakai,社態2,3
C_1_14,C,1,14,shakai,社態2,4
C_1_15,C,1,15,shakai,社態2,4
C_1_16,C,1,16,shakai,社態2,3
C_1_17,C,1,17,shakai,社態2,1
C_1_18,C,1,18,shakai,社態2,2
C_1_19,C,1,19,shakai,社態2,1
C_1_21,C,1,21,shakai,社態2,3
C_1_22,C,1,22,shakai,社態2,2
C_1_23,C,1,23,shakai,社態2,3
C_1_24,C,1,24,shakai,社態2,3
C_1_25,C,1,25,shakai,社態2,2
C_1_26,C,1,26,shakai,社態2,2
C_1_27,C,1,27,shakai,社態2,2
C_1_28,C,1,28,shakai,社態2,0
C_1_29,C,1,29,shakai,社態2,2
C_1_30,C,1,30,shakai,社態2,3
C_2_1,C,2,1,shakai,社態2,1
C_2_3,C,2,3,shakai,社態2,1
C_2_4,C,2,4,shakai,社態2,4
C_2_5,C,2,5,shakai,社態2,3
C_2_6,C,2,6,shakai,社態2,2
C_2_7,C,2,7,shakai,社態2,3
C_2_8,C,2,8,shakai,社態2,3
C_2_10,C,2,10,shakai,社態2,1
C_2_11,C,2,11,shakai,社態2,2
C_2_12,C,2,12,shakai,社態2,4
C_2_13,C,2,13,shakai,社態2,3
C_2_14,C,2,14,shakai,社態2,4
C_2_15,C,2,15,shakai,社態2,3
C_2_16,C,2,16,shakai,社態2,2
C_2_17,C,2,17,shakai,社態2,4
C_2_18,C,2,18,shakai,社態2,4
C_2_19,C,2,19,shakai,社態2,1
C_2_20,C,2,20,shakai,社態2,3
C_2_21,C,2,21,shakai,社態2,3
C_2_22,C,2,22,shakai,社態2,3
C_2_23,C,2,23,shakai,社態2,3
C_2_24,C,2,24,shakai,社態2,3
C_2_25,C,2,25,shakai,社態2,4
C_2_26,C,2,26,shakai,社態2,3
C_2_27,C,2,27,shakai,社態2,3
C_2_29,C,2,29,shakai,社態2,4
C_2_30,C,2,30,shakai,社態2,3
C_1_1,C,1,1,shakai,社態2,3
C_1_2,C,1,2,shakai,社態2,4
C_1_3,C,1,3,shakai,社態2,3
C_1_4,C,1,4,shakai,社態2,2
C_1_5,C,1,5,shakai,社態2,3
C_1_6,C,1,6,shakai,社態2,2
C_1_7,C,1,7,shakai,社態2,4
C_1_8,C,1,8,shakai,社態2,4
C_1_9,C,1,9,shakai,社態2,4
C_1_10,C,1,10,shakai,社態2,3
C_1_11,C,1,11,shakai,社態2,3
C_1_12,C,1,12,shakai,社態2,2
D_1_13,D,1,13,shakai,社態2,3
D_1_14,D,1,14,shakai,社態2,2
D_1_15,D,1,15,shakai,社態2,4
D_1_16,D,1,16,shakai,社態2,3
D_1_17,D,1,17,shakai,社態2,2
D_1_18,D,1,18,shakai,社態2,3
D_1_19,D,1,19,shakai,社態2,2
D_1_20,D,1,20,shakai,社態2,1
D_1_21,D,1,21,shakai,社態2,2
D_1_22,D,1,22,shakai,社態2,3
D_1_23,D,1,23,shakai,社態2,3
D_1_24,D,1,24,shakai,社態2,2
D_1_25,D,1,25,shakai,社態2,2
D_1_26,D,1,26,shakai,社態2,3
D_1_27,D,1,27,shakai,社態2,4
D_1_28,D,1,28,shakai,社態2,4
D_1_29,D,1,29,shakai,社態2,3
D_1_30,D,1,30,shakai,社態2,4
D_2_1,D,2,1,shakai,社態2,2
D_2_2,D,2,2,shakai,社態2,3
D_2_3,D,2,3,shakai,社態2,2
D_2_4,D,2,4,shakai,社態2,2
D_2_5,D,2,5,shakai,社態2,2
D_2_6,D,2,6,shakai,社態2,3
D_2_7,D,2,7,shakai,社態2,3
D_2_8,D,2,8,shakai,社態2,2
D_2_9,D,2,9,shakai,社態2,2
D_2_10,D,2,10,shakai,社態2,2
D_2_11,D,2,11,shakai,社態2,3
D_2_12,D,2,12,shakai,社態2,3
D_2_13,D,2,13,shakai,社態2,3
D_2_14,D,2,14,shakai,社態2,1
D_2_15,D,2,15,shakai,社態2,4
D_2_16,D,2,16,shakai,社態2,3
D_2_17,D,2,17,shakai,社態2,2
D_2_18,D,2,18,shakai,社態2,4
D_2_19,D,2,19,shakai,社態2,2
D_2_20,D,2,20,shakai,社態2,3
D_2_21,D,2,21,shakai,社態2,2
D_2_22,D,2,22,shakai,社態2,4
D_2_23,D,2,23,shakai,社態2,3
D_2_24,D,2,24,shakai,社態2,2
D_2_25,D,2,25,shakai,社態2,2
D_2_26,D,2,26,shakai,社態2,4
D_2_27,D,2,27,shakai,社態2,2
D_2_28,D,2,28,shakai,社態2,2
D_2_29,D,2,29,shakai,社態2,2
D_2_30,D,2,30,shakai,社態2,2
A_1_1,A,1,1,shakai,社態3,4
A_1_2,A,1,2,shakai,社態3,3
A_1_3,A,1,3,shakai,社態3,4
A_1_4,A,1,4,shakai,社態3,4
A_1_5,A,1,5,shakai,社態3,3
A_1_6,A,1,6,shakai,社態3,4
A_1_7,A,1,7,shakai,社態3,3
A_1_8,A,1,8,shakai,社態3,4
A_1_9,A,1,9,shakai,社態3,3
A_1_10,A,1,10,shakai,社態3,3
A_1_11,A,1,11,shakai,社態3,4
A_1_12,A,1,12,shakai,社態3,3
A_1_13,A,1,13,shakai,社態3,3
A_1_14,A,1,14,shakai,社態3,4
A_1_15,A,1,15,shakai,社態3,3
A_1_16,A,1,16,shakai,社態3,4
A_1_17,A,1,17,shakai,社態3,3
A_1_18,A,1,18,shakai,社態3,4
A_1_19,A,1,19,shakai,社態3,4
A_1_20,A,1,20,shakai,社態3,4
A_1_21,A,1,21,shakai,社態3,4
A_1_22,A,1,22,shakai,社態3,4
A_1_23,A,1,23,shakai,社態3,4
A_1_24,A,1,24,shakai,社態3,4
A_1_25,A,1,25,shakai,社態3,3
A_1_26,A,1,26,shakai,社態3,3
A_1_27,A,1,27,shakai,社態3,4
A_1_28,A,1,28,shakai,社態3,4
A_1_29,A,1,29,shakai,社態3,4
A_1_30,A,1,30,shakai,社態3,4
A_2_1,A,2,1,shakai,社態3,4
A_2_2,A,2,2,shakai,社態3,3
A_2_3,A,2,3,shakai,社態3,3
A_2_4,A,2,4,shakai,社態3,3
A_2_5,A,2,5,shakai,社態3,4
A_2_6,A,2,6,shakai,社態3,3
A_2_7,A,2,7,shakai,社態3,4
A_2_8,A,2,8,shakai,社態3,4
A_2_9,A,2,9,shakai,社態3,4
A_2_10,A,2,10,shakai,社態3,4
A_2_11,A,2,11,shakai,社態3,4
A_2_12,A,2,12,shakai,社態3,3
A_2_13,A,2,13,shakai,社態3,4
A_2_14,A,2,14,shakai,社態3,3
A_2_15,A,2,15,shakai,社態3,4
A_2_16,A,2,16,shakai,社態3,4
A_2_17,A,2,17,shakai,社態3,3
A_2_18,A,2,18,shakai,社態3,0
A_2_19,A,2,19,shakai,社態3,3
A_2_20,A,2,20,shakai,社態3,4
A_2_21,A,2,21,shakai,社態3,4
A_2_22,A,2,22,shakai,社態3,4
A_2_23,A,2,23,shakai,社態3,4
A_2_24,A,2,24,shakai,社態3,2
A_2_25,A,2,25,shakai,社態3,2
A_2_26,A,2,26,shakai,社態3,4
A_2_27,A,2,27,shakai,社態3,3
A_2_28,A,2,28,shakai,社態3,3
A_2_29,A,2,29,shakai,社態3,4
A_2_30,A,2,30,shakai,社態3,3
B_1_1,B,1,1,shakai,社態3,4
B_1_2,B,1,2,shakai,社態3,4
B_1_3,B,1,3,shakai,社態3,4
B_1_4,B,1,4,shakai,社態3,4
B_1_5,B,1,5,shakai,社態3,4
B_1_6,B,1,6,shakai,社態3,3
B_1_7,B,1,7,shakai,社態3,4
B_1_8,B,1,8,shakai,社態3,4
B_1_9,B,1,9,shakai,社態3,4
B_1_10,B,1,10,shakai,社態3,4
B_1_11,B,1,11,shakai,社態3,4
B_1_12,B,1,12,shakai,社態3,4
B_1_13,B,1,13,shakai,社態3,4
B_1_14,B,1,14,shakai,社態3,1
B_1_15,B,1,15,shakai,社態3,4
B_1_16,B,1,16,shakai,社態3,4
B_1_17,B,1,17,shakai,社態3,3
B_1_18,B,1,18,shakai,社態3,4
B_1_19,B,1,19,shakai,社態3,3
B_1_20,B,1,20,shakai,社態3,4
B_1_21,B,1,21,shakai,社態3,4
B_1_22,B,1,22,shakai,社態3,4
B_1_23,B,1,23,shakai,社態3,3
B_1_24,B,1,24,shakai,社態3,3
B_1_25,B,1,25,shakai,社態3,4
B_1_26,B,1,26,shakai,社態3,3
B_1_27,B,1,27,shakai,社態3,3
B_1_28,B,1,28,shakai,社態3,3
B_1_29,B,1,29,shakai,社態3,4
B_1_30,B,1,30,shakai,社態3,4
B_2_1,B,2,1,shakai,社態3,4
B_2_2,B,2,2,shakai,社態3,4
B_2_3,B,2,3,shakai,社態3,4
B_2_4,B,2,4,shakai,社態3,4
B_2_5,B,2,5,shakai,社態3,4
B_2_6,B,2,6,shakai,社態3,4
B_2_7,B,2,7,shakai,社態3,4
B_2_8,B,2,8,shakai,社態3,3
B_2_9,B,2,9,shakai,社態3,4
B_2_10,B,2,10,shakai,社態3,4
B_2_11,B,2,11,shakai,社態3,4
B_2_12,B,2,12,shakai,社態3,4
B_2_13,B,2,13,shakai,社態3,4
B_2_14,B,2,14,shakai,社態3,4
B_2_15,B,2,15,shakai,社態3,2
B_2_16,B,2,16,shakai,社態3,4
B_2_17,B,2,17,shakai,社態3,3
B_2_18,B,2,18,shakai,社態3,4
B_2_19,B,2,19,shakai,社態3,3
B_2_20,B,2,20,shakai,社態3,4
B_2_21,B,2,21,shakai,社態3,4
B_2_22,B,2,22,shakai,社態3,4
B_2_23,B,2,23,shakai,社態3,4
B_2_24,B,2,24,shakai,社態3,4
B_2_25,B,2,25,shakai,社態3,3
B_2_26,B,2,26,shakai,社態3,4
B_2_27,B,2,27,shakai,社態3,4
B_2_28,B,2,28,shakai,社態3,4
B_2_29,B,2,29,shakai,社態3,4
B_2_30,B,2,30,shakai,社態3,3
C_1_1,C,1,1,shakai,社態3,3
C_1_2,C,1,2,shakai,社態3,3
C_1_3,C,1,3,shakai,社態3,3
C_1_4,C,1,4,shakai,社態3,3
C_1_5,C,1,5,shakai,社態3,3
C_1_6,C,1,6,shakai,社態3,3
C_1_7,C,1,7,shakai,社態3,3
C_1_8,C,1,8,shakai,社態3,3
C_1_9,C,1,9,shakai,社態3,4
C_1_10,C,1,10,shakai,社態3,4
C_1_11,C,1,11,shakai,社態3,4
C_1_12,C,1,12,shakai,社態3,4
C_1_13,C,1,13,shakai,社態3,4
C_1_14,C,1,14,shakai,社態3,4
C_1_15,C,1,15,shakai,社態3,4
C_1_16,C,1,16,shakai,社態3,4
C_1_17,C,1,17,shakai,社態3,4
C_1_18,C,1,18,shakai,社態3,1
C_1_19,C,1,19,shakai,社態3,2
C_1_21,C,1,21,shakai,社態3,3
C_1_22,C,1,22,shakai,社態3,3
C_1_23,C,1,23,shakai,社態3,3
C_1_24,C,1,24,shakai,社態3,3
C_1_25,C,1,25,shakai,社態3,3
C_1_26,C,1,26,shakai,社態3,3
C_1_27,C,1,27,shakai,社態3,3
C_1_28,C,1,28,shakai,社態3,4
C_1_29,C,1,29,shakai,社態3,2
C_1_30,C,1,30,shakai,社態3,4
C_2_1,C,2,1,shakai,社態3,1
C_2_3,C,2,3,shakai,社態3,1
C_2_4,C,2,4,shakai,社態3,4
C_2_5,C,2,5,shakai,社態3,3
C_2_6,C,2,6,shakai,社態3,4
C_2_7,C,2,7,shakai,社態3,3
C_2_8,C,2,8,shakai,社態3,4
C_2_10,C,2,10,shakai,社態3,4
C_2_11,C,2,11,shakai,社態3,3
C_2_12,C,2,12,shakai,社態3,4
C_2_13,C,2,13,shakai,社態3,3
C_2_14,C,2,14,shakai,社態3,4
C_2_15,C,2,15,shakai,社態3,4
C_2_16,C,2,16,shakai,社態3,3
C_2_17,C,2,17,shakai,社態3,4
C_2_18,C,2,18,shakai,社態3,4
C_2_19,C,2,19,shakai,社態3,1
C_2_20,C,2,20,shakai,社態3,4
C_2_21,C,2,21,shakai,社態3,4
C_2_22,C,2,22,shakai,社態3,3
C_2_23,C,2,23,shakai,社態3,3
C_2_24,C,2,24,shakai,社態3,3
C_2_25,C,2,25,shakai,社態3,4
C_2_26,C,2,26,shakai,社態3,4
C_2_27,C,2,27,shakai,社態3,3
C_2_29,C,2,29,shakai,社態3,3
C_2_30,C,2,30,shakai,社態3,4
C_1_1,C,1,1,shakai,社態3,3
C_1_2,C,1,2,shakai,社態3,4
C_1_3,C,1,3,shakai,社態3,4
C_1_4,C,1,4,shakai,社態3,3
C_1_5,C,1,5,shakai,社態3,3
C_1_6,C,1,6,shakai,社態3,2
C_1_7,C,1,7,shakai,社態3,4
C_1_8,C,1,8,shakai,社態3,3
C_1_9,C,1,9,shakai,社態3,4
C_1_10,C,1,10,shakai,社態3,3
C_1_11,C,1,11,shakai,社態3,4
C_1_12,C,1,12,shakai,社態3,3
D_1_13,D,1,13,shakai,社態3,4
D_1_14,D,1,14,shakai,社態3,2
D_1_15,D,1,15,shakai,社態3,4
D_1_16,D,1,16,shakai,社態3,4
D_1_17,D,1,17,shakai,社態3,2
D_1_18,D,1,18,shakai,社態3,3
D_1_19,D,1,19,shakai,社態3,2
D_1_20,D,1,20,shakai,社態3,1
D_1_21,D,1,21,shakai,社態3,2
D_1_22,D,1,22,shakai,社態3,3
D_1_23,D,1,23,shakai,社態3,3
D_1_24,D,1,24,shakai,社態3,3
D_1_25,D,1,25,shakai,社態3,3
D_1_26,D,1,26,shakai,社態3,3
D_1_27,D,1,27,shakai,社態3,4
D_1_28,D,1,28,shakai,社態3,4
D_1_29,D,1,29,shakai,社態3,4
D_1_30,D,1,30,shakai,社態3,4
D_2_1,D,2,1,shakai,社態3,3
D_2_2,D,2,2,shakai,社態3,3
D_2_3,D,2,3,shakai,社態3,4
D_2_4,D,2,4,shakai,社態3,2
D_2_5,D,2,5,shakai,社態3,3
D_2_6,D,2,6,shakai,社態3,3
D_2_7,D,2,7,shakai,社態3,3
D_2_8,D,2,8,shakai,社態3,3
D_2_9,D,2,9,shakai,社態3,3
D_2_10,D,2,10,shakai,社態3,3
D_2_11,D,2,11,shakai,社態3,4
D_2_12,D,2,12,shakai,社態3,3
D_2_13,D,2,13,shakai,社態3,3
D_2_14,D,2,14,shakai,社態3,1
D_2_15,D,2,15,shakai,社態3,4
D_2_16,D,2,16,shakai,社態3,3
D_2_17,D,2,17,shakai,社態3,3
D_2_18,D,2,18,shakai,社態3,4
D_2_19,D,2,19,shakai,社態3,2
D_2_20,D,2,20,shakai,社態3,3
D_2_21,D,2,21,shakai,社態3,3
D_2_22,D,2,22,shakai,社態3,4
D_2_23,D,2,23,shakai,社態3,4
D_2_24,D,2,24,shakai,社態3,2
D_2_25,D,2,25,shakai,社態3,2
D_2_26,D,2,26,shakai,社態3,4
D_2_27,D,2,27,shakai,社態3,3
D_2_28,D,2,28,shakai,社態3,2
D_2_29,D,2,29,shakai,社態3,2
D_2_30,D,2,30,shakai,社態3,3
A_1_1,A,1,1,shakai,社態4,4
A_1_2,A,1,2,shakai,社態4,3
A_1_3,A,1,3,shakai,社態4,3
A_1_4,A,1,4,shakai,社態4,4
A_1_5,A,1,5,shakai,社態4,3
A_1_6,A,1,6,shakai,社態4,4
A_1_7,A,1,7,shakai,社態4,4
A_1_8,A,1,8,shakai,社態4,4
A_1_9,A,1,9,shakai,社態4,3
A_1_10,A,1,10,shakai,社態4,3
A_1_11,A,1,11,shakai,社態4,4
A_1_12,A,1,12,shakai,社態4,3
A_1_13,A,1,13,shakai,社態4,2
A_1_14,A,1,14,shakai,社態4,4
A_1_15,A,1,15,shakai,社態4,1
A_1_16,A,1,16,shakai,社態4,4
A_1_17,A,1,17,shakai,社態4,3
A_1_18,A,1,18,shakai,社態4,3
A_1_19,A,1,19,shakai,社態4,4
A_1_20,A,1,20,shakai,社態4,4
A_1_21,A,1,21,shakai,社態4,4
A_1_22,A,1,22,shakai,社態4,4
A_1_23,A,1,23,shakai,社態4,3
A_1_24,A,1,24,shakai,社態4,4
A_1_25,A,1,25,shakai,社態4,4
A_1_26,A,1,26,shakai,社態4,3
A_1_27,A,1,27,shakai,社態4,4
A_1_28,A,1,28,shakai,社態4,3
A_1_29,A,1,29,shakai,社態4,4
A_1_30,A,1,30,shakai,社態4,4
A_2_1,A,2,1,shakai,社態4,4
A_2_2,A,2,2,shakai,社態4,3
A_2_3,A,2,3,shakai,社態4,3
A_2_4,A,2,4,shakai,社態4,4
A_2_5,A,2,5,shakai,社態4,4
A_2_6,A,2,6,shakai,社態4,3
A_2_7,A,2,7,shakai,社態4,4
A_2_8,A,2,8,shakai,社態4,3
A_2_9,A,2,9,shakai,社態4,3
A_2_10,A,2,10,shakai,社態4,4
A_2_11,A,2,11,shakai,社態4,4
A_2_12,A,2,12,shakai,社態4,3
A_2_13,A,2,13,shakai,社態4,4
A_2_14,A,2,14,shakai,社態4,3
A_2_15,A,2,15,shakai,社態4,3
A_2_16,A,2,16,shakai,社態4,4
A_2_17,A,2,17,shakai,社態4,3
A_2_18,A,2,18,shakai,社態4,0
A_2_19,A,2,19,shakai,社態4,3
A_2_20,A,2,20,shakai,社態4,4
A_2_21,A,2,21,shakai,社態4,4
A_2_22,A,2,22,shakai,社態4,4
A_2_23,A,2,23,shakai,社態4,4
A_2_24,A,2,24,shakai,社態4,2
A_2_25,A,2,25,shakai,社態4,2
A_2_26,A,2,26,shakai,社態4,4
A_2_27,A,2,27,shakai,社態4,3
A_2_28,A,2,28,shakai,社態4,3
A_2_29,A,2,29,shakai,社態4,4
A_2_30,A,2,30,shakai,社態4,3
B_1_1,B,1,1,shakai,社態4,4
B_1_2,B,1,2,shakai,社態4,4
B_1_3,B,1,3,shakai,社態4,4
B_1_4,B,1,4,shakai,社態4,4
B_1_5,B,1,5,shakai,社態4,3
B_1_6,B,1,6,shakai,社態4,3
B_1_7,B,1,7,shakai,社態4,3
B_1_8,B,1,8,shakai,社態4,4
B_1_9,B,1,9,shakai,社態4,4
B_1_10,B,1,10,shakai,社態4,4
B_1_11,B,1,11,shakai,社態4,4
B_1_12,B,1,12,shakai,社態4,3
B_1_13,B,1,13,shakai,社態4,4
B_1_14,B,1,14,shakai,社態4,1
B_1_15,B,1,15,shakai,社態4,3
B_1_16,B,1,16,shakai,社態4,4
B_1_17,B,1,17,shakai,社態4,3
B_1_18,B,1,18,shakai,社態4,4
B_1_19,B,1,19,shakai,社態4,2
B_1_20,B,1,20,shakai,社態4,4
B_1_21,B,1,21,shakai,社態4,4
B_1_22,B,1,22,shakai,社態4,4
B_1_23,B,1,23,shakai,社態4,3
B_1_24,B,1,24,shakai,社態4,3
B_1_25,B,1,25,shakai,社態4,4
B_1_26,B,1,26,shakai,社態4,3
B_1_27,B,1,27,shakai,社態4,3
B_1_28,B,1,28,shakai,社態4,3
B_1_29,B,1,29,shakai,社態4,4
B_1_30,B,1,30,shakai,社態4,4
B_2_1,B,2,1,shakai,社態4,4
B_2_2,B,2,2,shakai,社態4,4
B_2_3,B,2,3,shakai,社態4,4
B_2_4,B,2,4,shakai,社態4,3
B_2_5,B,2,5,shakai,社態4,4
B_2_6,B,2,6,shakai,社態4,2
B_2_7,B,2,7,shakai,社態4,4
B_2_8,B,2,8,shakai,社態4,3
B_2_9,B,2,9,shakai,社態4,3
B_2_10,B,2,10,shakai,社態4,4
B_2_11,B,2,11,shakai,社態4,4
B_2_12,B,2,12,shakai,社態4,4
B_2_13,B,2,13,shakai,社態4,4
B_2_14,B,2,14,shakai,社態4,4
B_2_15,B,2,15,shakai,社態4,0
B_2_16,B,2,16,shakai,社態4,3
B_2_17,B,2,17,shakai,社態4,3
B_2_18,B,2,18,shakai,社態4,3
B_2_19,B,2,19,shakai,社態4,2
B_2_20,B,2,20,shakai,社態4,4
B_2_21,B,2,21,shakai,社態4,3
B_2_22,B,2,22,shakai,社態4,4
B_2_23,B,2,23,shakai,社態4,4
B_2_24,B,2,24,shakai,社態4,4
B_2_25,B,2,25,shakai,社態4,4
B_2_26,B,2,26,shakai,社態4,4
B_2_27,B,2,27,shakai,社態4,4
B_2_28,B,2,28,shakai,社態4,4
B_2_29,B,2,29,shakai,社態4,4
B_2_30,B,2,30,shakai,社態4,2
C_1_1,C,1,1,shakai,社態4,3
C_1_2,C,1,2,shakai,社態4,2
C_1_3,C,1,3,shakai,社態4,4
C_1_4,C,1,4,shakai,社態4,2
C_1_5,C,1,5,shakai,社態4,2
C_1_6,C,1,6,shakai,社態4,3
C_1_7,C,1,7,shakai,社態4,3
C_1_8,C,1,8,shakai,社態4,3
C_1_9,C,1,9,shakai,社態4,4
C_1_10,C,1,10,shakai,社態4,2
C_1_11,C,1,11,shakai,社態4,4
C_1_12,C,1,12,shakai,社態4,4
C_1_13,C,1,13,shakai,社態4,4
C_1_14,C,1,14,shakai,社態4,4
C_1_15,C,1,15,shakai,社態4,4
C_1_16,C,1,16,shakai,社態4,3
C_1_17,C,1,17,shakai,社態4,1
C_1_18,C,1,18,shakai,社態4,1
C_1_19,C,1,19,shakai,社態4,1
C_1_21,C,1,21,shakai,社態4,3
C_1_22,C,1,22,shakai,社態4,3
C_1_23,C,1,23,shakai,社態4,3
C_1_24,C,1,24,shakai,社態4,3
C_1_25,C,1,25,shakai,社態4,2
C_1_26,C,1,26,shakai,社態4,2
C_1_27,C,1,27,shakai,社態4,3
C_1_28,C,1,28,shakai,社態4,4
C_1_29,C,1,29,shakai,社態4,2
C_1_30,C,1,30,shakai,社態4,3
C_2_1,C,2,1,shakai,社態4,2
C_2_3,C,2,3,shakai,社態4,2
C_2_4,C,2,4,shakai,社態4,4
C_2_5,C,2,5,shakai,社態4,3
C_2_6,C,2,6,shakai,社態4,4
C_2_7,C,2,7,shakai,社態4,3
C_2_8,C,2,8,shakai,社態4,4
C_2_10,C,2,10,shakai,社態4,3
C_2_11,C,2,11,shakai,社態4,2
C_2_12,C,2,12,shakai,社態4,4
C_2_13,C,2,13,shakai,社態4,3
C_2_14,C,2,14,shakai,社態4,4
C_2_15,C,2,15,shakai,社態4,3
C_2_16,C,2,16,shakai,社態4,2
C_2_17,C,2,17,shakai,社態4,3
C_2_18,C,2,18,shakai,社態4,4
C_2_19,C,2,19,shakai,社態4,1
C_2_20,C,2,20,shakai,社態4,4
C_2_21,C,2,21,shakai,社態4,3
C_2_22,C,2,22,shakai,社態4,3
C_2_23,C,2,23,shakai,社態4,2
C_2_24,C,2,24,shakai,社態4,3
C_2_25,C,2,25,shakai,社態4,4
C_2_26,C,2,26,shakai,社態4,3
C_2_27,C,2,27,shakai,社態4,3
C_2_29,C,2,29,shakai,社態4,3
C_2_30,C,2,30,shakai,社態4,4
C_1_1,C,1,1,shakai,社態4,3
C_1_2,C,1,2,shakai,社態4,4
C_1_3,C,1,3,shakai,社態4,4
C_1_4,C,1,4,shakai,社態4,3
C_1_5,C,1,5,shakai,社態4,2
C_1_6,C,1,6,shakai,社態4,2
C_1_7,C,1,7,shakai,社態4,3
C_1_8,C,1,8,shakai,社態4,3
C_1_9,C,1,9,shakai,社態4,3
C_1_10,C,1,10,shakai,社態4,3
C_1_11,C,1,11,shakai,社態4,3
C_1_12,C,1,12,shakai,社態4,3
D_1_13,D,1,13,shakai,社態4,3
D_1_14,D,1,14,shakai,社態4,3
D_1_15,D,1,15,shakai,社態4,4
D_1_16,D,1,16,shakai,社態4,4
D_1_17,D,1,17,shakai,社態4,2
D_1_18,D,1,18,shakai,社態4,3
D_1_19,D,1,19,shakai,社態4,2
D_1_20,D,1,20,shakai,社態4,1
D_1_21,D,1,21,shakai,社態4,2
D_1_22,D,1,22,shakai,社態4,2
D_1_23,D,1,23,shakai,社態4,3
D_1_24,D,1,24,shakai,社態4,2
D_1_25,D,1,25,shakai,社態4,3
D_1_26,D,1,26,shakai,社態4,3
D_1_27,D,1,27,shakai,社態4,4
D_1_28,D,1,28,shakai,社態4,4
D_1_29,D,1,29,shakai,社態4,3
D_1_30,D,1,30,shakai,社態4,4
D_2_1,D,2,1,shakai,社態4,3
D_2_2,D,2,2,shakai,社態4,3
D_2_3,D,2,3,shakai,社態4,4
D_2_4,D,2,4,shakai,社態4,2
D_2_5,D,2,5,shakai,社態4,3
D_2_6,D,2,6,shakai,社態4,4
D_2_7,D,2,7,shakai,社態4,3
D_2_8,D,2,8,shakai,社態4,3
D_2_9,D,2,9,shakai,社態4,2
D_2_10,D,2,10,shakai,社態4,3
D_2_11,D,2,11,shakai,社態4,3
D_2_12,D,2,12,shakai,社態4,3
D_2_13,D,2,13,shakai,社態4,3
D_2_14,D,2,14,shakai,社態4,1
D_2_15,D,2,15,shakai,社態4,4
D_2_16,D,2,16,shakai,社態4,3
D_2_17,D,2,17,shakai,社態4,3
D_2_18,D,2,18,shakai,社態4,3
D_2_19,D,2,19,shakai,社態4,2
D_2_20,D,2,20,shakai,社態4,3
D_2_21,D,2,21,shakai,社態4,3
D_2_22,D,2,22,shakai,社態4,4
D_2_23,D,2,23,shakai,社態4,4
D_2_24,D,2,24,shakai,社態4,2
D_2_25,D,2,25,shakai,社態4,2
D_2_26,D,2,26,shakai,社態4,3
D_2_27,D,2,27,shakai,社態4,2
D_2_28,D,2,28,shakai,社態4,2
D_2_29,D,2,29,shakai,社態4,2
D_2_30,D,2,30,shakai,社態4,4
A_1_1,A,1,1,shakai,社態5,4
A_1_2,A,1,2,shakai,社態5,3
A_1_3,A,1,3,shakai,社態5,4
A_1_4,A,1,4,shakai,社態5,4
A_1_5,A,1,5,shakai,社態5,4
A_1_6,A,1,6,shakai,社態5,4
A_1_7,A,1,7,shakai,社態5,4
A_1_8,A,1,8,shakai,社態5,3
A_1_9,A,1,9,shakai,社態5,2
A_1_10,A,1,10,shakai,社態5,3
A_1_11,A,1,11,shakai,社態5,4
A_1_12,A,1,12,shakai,社態5,3
A_1_13,A,1,13,shakai,社態5,2
A_1_14,A,1,14,shakai,社態5,4
A_1_15,A,1,15,shakai,社態5,3
A_1_16,A,1,16,shakai,社態5,4
A_1_17,A,1,17,shakai,社態5,3
A_1_18,A,1,18,shakai,社態5,3
A_1_19,A,1,19,shakai,社態5,4
A_1_20,A,1,20,shakai,社態5,4
A_1_21,A,1,21,shakai,社態5,4
A_1_22,A,1,22,shakai,社態5,4
A_1_23,A,1,23,shakai,社態5,3
A_1_24,A,1,24,shakai,社態5,4
A_1_25,A,1,25,shakai,社態5,4
A_1_26,A,1,26,shakai,社態5,3
A_1_27,A,1,27,shakai,社態5,4
A_1_28,A,1,28,shakai,社態5,4
A_1_29,A,1,29,shakai,社態5,4
A_1_30,A,1,30,shakai,社態5,4
A_2_1,A,2,1,shakai,社態5,4
A_2_2,A,2,2,shakai,社態5,4
A_2_3,A,2,3,shakai,社態5,3
A_2_4,A,2,4,shakai,社態5,3
A_2_5,A,2,5,shakai,社態5,4
A_2_6,A,2,6,shakai,社態5,3
A_2_7,A,2,7,shakai,社態5,4
A_2_8,A,2,8,shakai,社態5,4
A_2_9,A,2,9,shakai,社態5,3
A_2_10,A,2,10,shakai,社態5,4
A_2_11,A,2,11,shakai,社態5,4
A_2_12,A,2,12,shakai,社態5,3
A_2_13,A,2,13,shakai,社態5,4
A_2_14,A,2,14,shakai,社態5,3
A_2_15,A,2,15,shakai,社態5,4
A_2_16,A,2,16,shakai,社態5,3
A_2_17,A,2,17,shakai,社態5,3
A_2_18,A,2,18,shakai,社態5,4
A_2_19,A,2,19,shakai,社態5,3
A_2_20,A,2,20,shakai,社態5,4
A_2_21,A,2,21,shakai,社態5,4
A_2_22,A,2,22,shakai,社態5,4
A_2_23,A,2,23,shakai,社態5,4
A_2_24,A,2,24,shakai,社態5,2
A_2_25,A,2,25,shakai,社態5,2
A_2_26,A,2,26,shakai,社態5,4
A_2_27,A,2,27,shakai,社態5,4
A_2_28,A,2,28,shakai,社態5,4
A_2_29,A,2,29,shakai,社態5,4
A_2_30,A,2,30,shakai,社態5,3
B_1_1,B,1,1,shakai,社態5,4
B_1_2,B,1,2,shakai,社態5,4
B_1_3,B,1,3,shakai,社態5,4
B_1_4,B,1,4,shakai,社態5,4
B_1_5,B,1,5,shakai,社態5,4
B_1_6,B,1,6,shakai,社態5,3
B_1_7,B,1,7,shakai,社態5,4
B_1_8,B,1,8,shakai,社態5,4
B_1_9,B,1,9,shakai,社態5,3
B_1_10,B,1,10,shakai,社態5,4
B_1_11,B,1,11,shakai,社態5,4
B_1_12,B,1,12,shakai,社態5,4
B_1_13,B,1,13,shakai,社態5,4
B_1_14,B,1,14,shakai,社態5,1
B_1_15,B,1,15,shakai,社態5,4
B_1_16,B,1,16,shakai,社態5,4
B_1_17,B,1,17,shakai,社態5,3
B_1_18,B,1,18,shakai,社態5,4
B_1_19,B,1,19,shakai,社態5,2
B_1_20,B,1,20,shakai,社態5,4
B_1_21,B,1,21,shakai,社態5,4
B_1_22,B,1,22,shakai,社態5,4
B_1_23,B,1,23,shakai,社態5,2
B_1_24,B,1,24,shakai,社態5,3
B_1_25,B,1,25,shakai,社態5,4
B_1_26,B,1,26,shakai,社態5,3
B_1_27,B,1,27,shakai,社態5,3
B_1_28,B,1,28,shakai,社態5,3
B_1_29,B,1,29,shakai,社態5,4
B_1_30,B,1,30,shakai,社態5,4
B_2_1,B,2,1,shakai,社態5,4
B_2_2,B,2,2,shakai,社態5,4
B_2_3,B,2,3,shakai,社態5,4
B_2_4,B,2,4,shakai,社態5,4
B_2_5,B,2,5,shakai,社態5,4
B_2_6,B,2,6,shakai,社態5,2
B_2_7,B,2,7,shakai,社態5,4
B_2_8,B,2,8,shakai,社態5,3
B_2_9,B,2,9,shakai,社態5,4
B_2_10,B,2,10,shakai,社態5,4
B_2_11,B,2,11,shakai,社態5,4
B_2_12,B,2,12,shakai,社態5,4
B_2_13,B,2,13,shakai,社態5,4
B_2_14,B,2,14,shakai,社態5,4
B_2_15,B,2,15,shakai,社態5,3
B_2_16,B,2,16,shakai,社態5,3
B_2_17,B,2,17,shakai,社態5,3
B_2_18,B,2,18,shakai,社態5,4
B_2_19,B,2,19,shakai,社態5,2
B_2_20,B,2,20,shakai,社態5,4
B_2_21,B,2,21,shakai,社態5,4
B_2_22,B,2,22,shakai,社態5,4
B_2_23,B,2,23,shakai,社態5,4
B_2_24,B,2,24,shakai,社態5,4
B_2_25,B,2,25,shakai,社態5,4
B_2_26,B,2,26,shakai,社態5,4
B_2_27,B,2,27,shakai,社態5,4
B_2_28,B,2,28,shakai,社態5,4
B_2_29,B,2,29,shakai,社態5,4
B_2_30,B,2,30,shakai,社態5,1
C_1_1,C,1,1,shakai,社態5,3
C_1_2,C,1,2,shakai,社態5,1
C_1_3,C,1,3,shakai,社態5,3
C_1_4,C,1,4,shakai,社態5,2
C_1_5,C,1,5,shakai,社態5,3
C_1_6,C,1,6,shakai,社態5,4
C_1_7,C,1,7,shakai,社態5,3
C_1_8,C,1,8,shakai,社態5,2
C_1_9,C,1,9,shakai,社態5,3
C_1_10,C,1,10,shakai,社態5,2
C_1_11,C,1,11,shakai,社態5,4
C_1_12,C,1,12,shakai,社態5,4
C_1_13,C,1,13,shakai,社態5,3
C_1_14,C,1,14,shakai,社態5,4
C_1_15,C,1,15,shakai,社態5,4
C_1_16,C,1,16,shakai,社態5,4
C_1_17,C,1,17,shakai,社態5,1
C_1_18,C,1,18,shakai,社態5,1
C_1_19,C,1,19,shakai,社態5,2
C_1_21,C,1,21,shakai,社態5,3
C_1_22,C,1,22,shakai,社態5,4
C_1_23,C,1,23,shakai,社態5,2
C_1_24,C,1,24,shakai,社態5,3
C_1_25,C,1,25,shakai,社態5,1
C_1_26,C,1,26,shakai,社態5,3
C_1_27,C,1,27,shakai,社態5,3
C_1_28,C,1,28,shakai,社態5,4
C_1_29,C,1,29,shakai,社態5,2
C_1_30,C,1,30,shakai,社態5,3
C_2_1,C,2,1,shakai,社態5,2
C_2_3,C,2,3,shakai,社態5,1
C_2_4,C,2,4,shakai,社態5,4
C_2_5,C,2,5,shakai,社態5,3
C_2_6,C,2,6,shakai,社態5,4
C_2_7,C,2,7,shakai,社態5,3
C_2_8,C,2,8,shakai,社態5,4
C_2_10,C,2,10,shakai,社態5,3
C_2_11,C,2,11,shakai,社態5,2
C_2_12,C,2,12,shakai,社態5,4
C_2_13,C,2,13,shakai,社態5,3
C_2_14,C,2,14,shakai,社態5,4
C_2_15,C,2,15,shakai,社態5,3
C_2_16,C,2,16,shakai,社態5,1
C_2_17,C,2,17,shakai,社態5,3
C_2_18,C,2,18,shakai,社態5,4
C_2_19,C,2,19,shakai,社態5,3
C_2_20,C,2,20,shakai,社態5,3
C_2_21,C,2,21,shakai,社態5,3
C_2_22,C,2,22,shakai,社態5,1
C_2_23,C,2,23,shakai,社態5,3
C_2_24,C,2,24,shakai,社態5,3
C_2_25,C,2,25,shakai,社態5,4
C_2_26,C,2,26,shakai,社態5,4
C_2_27,C,2,27,shakai,社態5,3
C_2_29,C,2,29,shakai,社態5,2
C_2_30,C,2,30,shakai,社態5,4
C_1_1,C,1,1,shakai,社態5,3
C_1_2,C,1,2,shakai,社態5,4
C_1_3,C,1,3,shakai,社態5,4
C_1_4,C,1,4,shakai,社態5,3
C_1_5,C,1,5,shakai,社態5,2
C_1_6,C,1,6,shakai,社態5,2
C_1_7,C,1,7,shakai,社態5,4
C_1_8,C,1,8,shakai,社態5,4
C_1_9,C,1,9,shakai,社態5,4
C_1_10,C,1,10,shakai,社態5,3
C_1_11,C,1,11,shakai,社態5,4
C_1_12,C,1,12,shakai,社態5,2
D_1_13,D,1,13,shakai,社態5,2
D_1_14,D,1,14,shakai,社態5,2
D_1_15,D,1,15,shakai,社態5,4
D_1_16,D,1,16,shakai,社態5,4
D_1_17,D,1,17,shakai,社態5,3
D_1_18,D,1,18,shakai,社態5,4
D_1_19,D,1,19,shakai,社態5,2
D_1_20,D,1,20,shakai,社態5,2
D_1_21,D,1,21,shakai,社態5,2
D_1_22,D,1,22,shakai,社態5,3
D_1_23,D,1,23,shakai,社態5,3
D_1_24,D,1,24,shakai,社態5,3
D_1_25,D,1,25,shakai,社態5,2
D_1_26,D,1,26,shakai,社態5,3
D_1_27,D,1,27,shakai,社態5,4
D_1_28,D,1,28,shakai,社態5,4
D_1_29,D,1,29,shakai,社態5,3
D_1_30,D,1,30,shakai,社態5,4
D_2_1,D,2,1,shakai,社態5,3
D_2_2,D,2,2,shakai,社態5,3
D_2_3,D,2,3,shakai,社態5,4
D_2_4,D,2,4,shakai,社態5,3
D_2_5,D,2,5,shakai,社態5,2
D_2_6,D,2,6,shakai,社態5,4
D_2_7,D,2,7,shakai,社態5,3
D_2_8,D,2,8,shakai,社態5,3
D_2_9,D,2,9,shakai,社態5,3
D_2_10,D,2,10,shakai,社態5,2
D_2_11,D,2,11,shakai,社態5,3
D_2_12,D,2,12,shakai,社態5,3
D_2_13,D,2,13,shakai,社態5,4
D_2_14,D,2,14,shakai,社態5,2
D_2_15,D,2,15,shakai,社態5,4
D_2_16,D,2,16,shakai,社態5,4
D_2_17,D,2,17,shakai,社態5,2
D_2_18,D,2,18,shakai,社態5,4
D_2_19,D,2,19,shakai,社態5,3
D_2_20,D,2,20,shakai,社態5,3
D_2_21,D,2,21,shakai,社態5,2
D_2_22,D,2,22,shakai,社態5,4
D_2_23,D,2,23,shakai,社態5,4
D_2_24,D,2,24,shakai,社態5,2
D_2_25,D,2,25,shakai,社態5,3
D_2_26,D,2,26,shakai,社態5,4
D_2_27,D,2,27,shakai,社態5,3
D_2_28,D,2,28,shakai,社態5,1
D_2_29,D,2,29,shakai,社態5,2
D_2_30,D,2,30,shakai,社態5,4
A_1_1,A,1,1,shakai,社態6,3
A_1_2,A,1,2,shakai,社態6,2
A_1_3,A,1,3,shakai,社態6,4
A_1_4,A,1,4,shakai,社態6,4
A_1_5,A,1,5,shakai,社態6,3
A_1_6,A,1,6,shakai,社態6,4
A_1_7,A,1,7,shakai,社態6,3
A_1_8,A,1,8,shakai,社態6,2
A_1_9,A,1,9,shakai,社態6,3
A_1_10,A,1,10,shakai,社態6,3
A_1_11,A,1,11,shakai,社態6,4
A_1_12,A,1,12,shakai,社態6,3
A_1_13,A,1,13,shakai,社態6,2
A_1_14,A,1,14,shakai,社態6,4
A_1_15,A,1,15,shakai,社態6,2
A_1_16,A,1,16,shakai,社態6,4
A_1_17,A,1,17,shakai,社態6,3
A_1_18,A,1,18,shakai,社態6,4
A_1_19,A,1,19,shakai,社態6,4
A_1_20,A,1,20,shakai,社態6,3
A_1_21,A,1,21,shakai,社態6,4
A_1_22,A,1,22,shakai,社態6,3
A_1_23,A,1,23,shakai,社態6,3
A_1_24,A,1,24,shakai,社態6,4
A_1_25,A,1,25,shakai,社態6,3
A_1_26,A,1,26,shakai,社態6,2
A_1_27,A,1,27,shakai,社態6,4
A_1_28,A,1,28,shakai,社態6,3
A_1_29,A,1,29,shakai,社態6,4
A_1_30,A,1,30,shakai,社態6,4
A_2_1,A,2,1,shakai,社態6,4
A_2_2,A,2,2,shakai,社態6,3
A_2_3,A,2,3,shakai,社態6,3
A_2_4,A,2,4,shakai,社態6,4
A_2_5,A,2,5,shakai,社態6,4
A_2_6,A,2,6,shakai,社態6,3
A_2_7,A,2,7,shakai,社態6,4
A_2_8,A,2,8,shakai,社態6,4
A_2_9,A,2,9,shakai,社態6,3
A_2_10,A,2,10,shakai,社態6,4
A_2_11,A,2,11,shakai,社態6,4
A_2_12,A,2,12,shakai,社態6,2
A_2_13,A,2,13,shakai,社態6,4
A_2_14,A,2,14,shakai,社態6,3
A_2_15,A,2,15,shakai,社態6,3
A_2_16,A,2,16,shakai,社態6,4
A_2_17,A,2,17,shakai,社態6,3
A_2_18,A,2,18,shakai,社態6,4
A_2_19,A,2,19,shakai,社態6,3
A_2_20,A,2,20,shakai,社態6,3
A_2_21,A,2,21,shakai,社態6,4
A_2_22,A,2,22,shakai,社態6,4
A_2_23,A,2,23,shakai,社態6,4
A_2_24,A,2,24,shakai,社態6,2
A_2_25,A,2,25,shakai,社態6,2
A_2_26,A,2,26,shakai,社態6,4
A_2_27,A,2,27,shakai,社態6,3
A_2_28,A,2,28,shakai,社態6,3
A_2_29,A,2,29,shakai,社態6,4
A_2_30,A,2,30,shakai,社態6,2
B_1_1,B,1,1,shakai,社態6,3
B_1_2,B,1,2,shakai,社態6,3
B_1_3,B,1,3,shakai,社態6,3
B_1_4,B,1,4,shakai,社態6,4
B_1_5,B,1,5,shakai,社態6,3
B_1_6,B,1,6,shakai,社態6,3
B_1_7,B,1,7,shakai,社態6,3
B_1_8,B,1,8,shakai,社態6,2
B_1_9,B,1,9,shakai,社態6,3
B_1_10,B,1,10,shakai,社態6,4
B_1_11,B,1,11,shakai,社態6,4
B_1_12,B,1,12,shakai,社態6,4
B_1_13,B,1,13,shakai,社態6,3
B_1_14,B,1,14,shakai,社態6,1
B_1_15,B,1,15,shakai,社態6,4
B_1_16,B,1,16,shakai,社態6,4
B_1_17,B,1,17,shakai,社態6,3
B_1_18,B,1,18,shakai,社態6,4
B_1_19,B,1,19,shakai,社態6,3
B_1_20,B,1,20,shakai,社態6,3
B_1_21,B,1,21,shakai,社態6,3
B_1_22,B,1,22,shakai,社態6,4
B_1_23,B,1,23,shakai,社態6,2
B_1_24,B,1,24,shakai,社態6,2
B_1_25,B,1,25,shakai,社態6,3
B_1_26,B,1,26,shakai,社態6,3
B_1_27,B,1,27,shakai,社態6,3
B_1_28,B,1,28,shakai,社態6,3
B_1_29,B,1,29,shakai,社態6,2
B_1_30,B,1,30,shakai,社態6,4
B_2_1,B,2,1,shakai,社態6,4
B_2_2,B,2,2,shakai,社態6,4
B_2_3,B,2,3,shakai,社態6,4
B_2_4,B,2,4,shakai,社態6,4
B_2_5,B,2,5,shakai,社態6,4
B_2_6,B,2,6,shakai,社態6,3
B_2_7,B,2,7,shakai,社態6,4
B_2_8,B,2,8,shakai,社態6,3
B_2_9,B,2,9,shakai,社態6,4
B_2_10,B,2,10,shakai,社態6,4
B_2_11,B,2,11,shakai,社態6,3
B_2_12,B,2,12,shakai,社態6,4
B_2_13,B,2,13,shakai,社態6,4
B_2_14,B,2,14,shakai,社態6,3
B_2_15,B,2,15,shakai,社態6,3
B_2_16,B,2,16,shakai,社態6,3
B_2_17,B,2,17,shakai,社態6,3
B_2_18,B,2,18,shakai,社態6,3
B_2_19,B,2,19,shakai,社態6,3
B_2_20,B,2,20,shakai,社態6,3
B_2_21,B,2,21,shakai,社態6,4
B_2_22,B,2,22,shakai,社態6,4
B_2_23,B,2,23,shakai,社態6,4
B_2_24,B,2,24,shakai,社態6,4
B_2_25,B,2,25,shakai,社態6,4
B_2_26,B,2,26,shakai,社態6,4
B_2_27,B,2,27,shakai,社態6,4
B_2_28,B,2,28,shakai,社態6,4
B_2_29,B,2,29,shakai,社態6,4
B_2_30,B,2,30,shakai,社態6,1
C_1_1,C,1,1,shakai,社態6,2
C_1_2,C,1,2,shakai,社態6,2
C_1_3,C,1,3,shakai,社態6,3
C_1_4,C,1,4,shakai,社態6,2
C_1_5,C,1,5,shakai,社態6,2
C_1_6,C,1,6,shakai,社態6,3
C_1_7,C,1,7,shakai,社態6,3
C_1_8,C,1,8,shakai,社態6,2
C_1_9,C,1,9,shakai,社態6,3
C_1_10,C,1,10,shakai,社態6,3
C_1_11,C,1,11,shakai,社態6,4
C_1_12,C,1,12,shakai,社態6,4
C_1_13,C,1,13,shakai,社態6,3
C_1_14,C,1,14,shakai,社態6,4
C_1_15,C,1,15,shakai,社態6,4
C_1_16,C,1,16,shakai,社態6,3
C_1_17,C,1,17,shakai,社態6,1
C_1_18,C,1,18,shakai,社態6,1
C_1_19,C,1,19,shakai,社態6,2
C_1_21,C,1,21,shakai,社態6,3
C_1_22,C,1,22,shakai,社態6,1
C_1_23,C,1,23,shakai,社態6,3
C_1_24,C,1,24,shakai,社態6,3
C_1_25,C,1,25,shakai,社態6,3
C_1_26,C,1,26,shakai,社態6,2
C_1_27,C,1,27,shakai,社態6,1
C_1_28,C,1,28,shakai,社態6,4
C_1_29,C,1,29,shakai,社態6,3
C_1_30,C,1,30,shakai,社態6,2
C_2_1,C,2,1,shakai,社態6,1
C_2_3,C,2,3,shakai,社態6,1
C_2_4,C,2,4,shakai,社態6,4
C_2_5,C,2,5,shakai,社態6,3
C_2_6,C,2,6,shakai,社態6,2
C_2_7,C,2,7,shakai,社態6,3
C_2_8,C,2,8,shakai,社態6,2
C_2_10,C,2,10,shakai,社態6,2
C_2_11,C,2,11,shakai,社態6,3
C_2_12,C,2,12,shakai,社態6,4
C_2_13,C,2,13,shakai,社態6,3
C_2_14,C,2,14,shakai,社態6,4
C_2_15,C,2,15,shakai,社態6,3
C_2_16,C,2,16,shakai,社態6,1
C_2_17,C,2,17,shakai,社態6,2
C_2_18,C,2,18,shakai,社態6,4
C_2_19,C,2,19,shakai,社態6,2
C_2_20,C,2,20,shakai,社態6,3
C_2_21,C,2,21,shakai,社態6,2
C_2_22,C,2,22,shakai,社態6,1
C_2_23,C,2,23,shakai,社態6,3
C_2_24,C,2,24,shakai,社態6,3
C_2_25,C,2,25,shakai,社態6,3
C_2_26,C,2,26,shakai,社態6,4
C_2_27,C,2,27,shakai,社態6,2
C_2_29,C,2,29,shakai,社態6,3
C_2_30,C,2,30,shakai,社態6,3
C_1_1,C,1,1,shakai,社態6,2
C_1_2,C,1,2,shakai,社態6,3
C_1_3,C,1,3,shakai,社態6,4
C_1_4,C,1,4,shakai,社態6,2
C_1_5,C,1,5,shakai,社態6,3
C_1_6,C,1,6,shakai,社態6,2
C_1_7,C,1,7,shakai,社態6,3
C_1_8,C,1,8,shakai,社態6,4
C_1_9,C,1,9,shakai,社態6,4
C_1_10,C,1,10,shakai,社態6,3
C_1_11,C,1,11,shakai,社態6,2
C_1_12,C,1,12,shakai,社態6,3
D_1_13,D,1,13,shakai,社態6,3
D_1_14,D,1,14,shakai,社態6,2
D_1_15,D,1,15,shakai,社態6,4
D_1_16,D,1,16,shakai,社態6,3
D_1_17,D,1,17,shakai,社態6,2
D_1_18,D,1,18,shakai,社態6,2
D_1_19,D,1,19,shakai,社態6,2
D_1_20,D,1,20,shakai,社態6,1
D_1_21,D,1,21,shakai,社態6,2
D_1_22,D,1,22,shakai,社態6,2
D_1_23,D,1,23,shakai,社態6,3
D_1_24,D,1,24,shakai,社態6,2
D_1_25,D,1,25,shakai,社態6,2
D_1_26,D,1,26,shakai,社態6,2
D_1_27,D,1,27,shakai,社態6,4
D_1_28,D,1,28,shakai,社態6,4
D_1_29,D,1,29,shakai,社態6,3
D_1_30,D,1,30,shakai,社態6,4
D_2_1,D,2,1,shakai,社態6,3
D_2_2,D,2,2,shakai,社態6,3
D_2_3,D,2,3,shakai,社態6,2
D_2_4,D,2,4,shakai,社態6,2
D_2_5,D,2,5,shakai,社態6,3
D_2_6,D,2,6,shakai,社態6,4
D_2_7,D,2,7,shakai,社態6,3
D_2_8,D,2,8,shakai,社態6,2
D_2_9,D,2,9,shakai,社態6,2
D_2_10,D,2,10,shakai,社態6,2
D_2_11,D,2,11,shakai,社態6,3
D_2_12,D,2,12,shakai,社態6,3
D_2_13,D,2,13,shakai,社態6,3
D_2_14,D,2,14,shakai,社態6,1
D_2_15,D,2,15,shakai,社態6,4
D_2_16,D,2,16,shakai,社態6,3
D_2_17,D,2,17,shakai,社態6,2
D_2_18,D,2,18,shakai,社態6,4
D_2_19,D,2,19,shakai,社態6,2
D_2_20,D,2,20,shakai,社態6,3
D_2_21,D,2,21,shakai,社態6,1
D_2_22,D,2,22,shakai,社態6,4
D_2_23,D,2,23,shakai,社態6,4
D_2_24,D,2,24,shakai,社態6,2
D_2_25,D,2,25,shakai,社態6,2
D_2_26,D,2,26,shakai,社態6,4
D_2_27,D,2,27,shakai,社態6,1
D_2_28,D,2,28,shakai,社態6,2
D_2_29,D,2,29,shakai,社態6,2
D_2_30,D,2,30,shakai,社態6,2
A_1_1,A,1,1,shakai,社態7,3
A_1_2,A,1,2,shakai,社態7,3
A_1_3,A,1,3,shakai,社態7,3
A_1_4,A,1,4,shakai,社態7,4
A_1_5,A,1,5,shakai,社態7,3
A_1_6,A,1,6,shakai,社態7,4
A_1_7,A,1,7,shakai,社態7,3
A_1_8,A,1,8,shakai,社態7,3
A_1_9,A,1,9,shakai,社態7,3
A_1_10,A,1,10,shakai,社態7,3
A_1_11,A,1,11,shakai,社態7,4
A_1_12,A,1,12,shakai,社態7,3
A_1_13,A,1,13,shakai,社態7,2
A_1_14,A,1,14,shakai,社態7,4
A_1_15,A,1,15,shakai,社態7,1
A_1_16,A,1,16,shakai,社態7,4
A_1_17,A,1,17,shakai,社態7,3
A_1_18,A,1,18,shakai,社態7,4
A_1_19,A,1,19,shakai,社態7,3
A_1_20,A,1,20,shakai,社態7,3
A_1_21,A,1,21,shakai,社態7,4
A_1_22,A,1,22,shakai,社態7,2
A_1_23,A,1,23,shakai,社態7,3
A_1_24,A,1,24,shakai,社態7,4
A_1_25,A,1,25,shakai,社態7,3
A_1_26,A,1,26,shakai,社態7,2
A_1_27,A,1,27,shakai,社態7,4
A_1_28,A,1,28,shakai,社態7,2
A_1_29,A,1,29,shakai,社態7,4
A_1_30,A,1,30,shakai,社態7,4
A_2_1,A,2,1,shakai,社態7,4
A_2_2,A,2,2,shakai,社態7,4
A_2_3,A,2,3,shakai,社態7,4
A_2_4,A,2,4,shakai,社態7,4
A_2_5,A,2,5,shakai,社態7,4
A_2_6,A,2,6,shakai,社態7,3
A_2_7,A,2,7,shakai,社態7,4
A_2_8,A,2,8,shakai,社態7,4
A_2_9,A,2,9,shakai,社態7,3
A_2_10,A,2,10,shakai,社態7,4
A_2_11,A,2,11,shakai,社態7,4
A_2_12,A,2,12,shakai,社態7,2
A_2_13,A,2,13,shakai,社態7,4
A_2_14,A,2,14,shakai,社態7,3
A_2_15,A,2,15,shakai,社態7,2
A_2_16,A,2,16,shakai,社態7,2
A_2_17,A,2,17,shakai,社態7,3
A_2_18,A,2,18,shakai,社態7,4
A_2_19,A,2,19,shakai,社態7,3
A_2_20,A,2,20,shakai,社態7,4
A_2_21,A,2,21,shakai,社態7,3
A_2_22,A,2,22,shakai,社態7,4
A_2_23,A,2,23,shakai,社態7,4
A_2_24,A,2,24,shakai,社態7,2
A_2_25,A,2,25,shakai,社態7,2
A_2_26,A,2,26,shakai,社態7,4
A_2_27,A,2,27,shakai,社態7,2
A_2_28,A,2,28,shakai,社態7,3
A_2_29,A,2,29,shakai,社態7,4
A_2_30,A,2,30,shakai,社態7,2
B_1_1,B,1,1,shakai,社態7,3
B_1_2,B,1,2,shakai,社態7,4
B_1_3,B,1,3,shakai,社態7,4
B_1_4,B,1,4,shakai,社態7,4
B_1_5,B,1,5,shakai,社態7,4
B_1_6,B,1,6,shakai,社態7,3
B_1_7,B,1,7,shakai,社態7,3
B_1_8,B,1,8,shakai,社態7,4
B_1_9,B,1,9,shakai,社態7,3
B_1_10,B,1,10,shakai,社態7,4
B_1_11,B,1,11,shakai,社態7,4
B_1_12,B,1,12,shakai,社態7,4
B_1_13,B,1,13,shakai,社態7,4
B_1_14,B,1,14,shakai,社態7,1
B_1_15,B,1,15,shakai,社態7,4
B_1_16,B,1,16,shakai,社態7,4
B_1_17,B,1,17,shakai,社態7,3
B_1_18,B,1,18,shakai,社態7,4
B_1_19,B,1,19,shakai,社態7,3
B_1_20,B,1,20,shakai,社態7,3
B_1_21,B,1,21,shakai,社態7,4
B_1_22,B,1,22,shakai,社態7,4
B_1_23,B,1,23,shakai,社態7,3
B_1_24,B,1,24,shakai,社態7,2
B_1_25,B,1,25,shakai,社態7,4
B_1_26,B,1,26,shakai,社態7,3
B_1_27,B,1,27,shakai,社態7,3
B_1_28,B,1,28,shakai,社態7,3
B_1_29,B,1,29,shakai,社態7,3
B_1_30,B,1,30,shakai,社態7,2
B_2_1,B,2,1,shakai,社態7,4
B_2_2,B,2,2,shakai,社態7,4
B_2_3,B,2,3,shakai,社態7,2
B_2_4,B,2,4,shakai,社態7,3
B_2_5,B,2,5,shakai,社態7,4
B_2_6,B,2,6,shakai,社態7,2
B_2_7,B,2,7,shakai,社態7,4
B_2_8,B,2,8,shakai,社態7,3
B_2_9,B,2,9,shakai,社態7,4
B_2_10,B,2,10,shakai,社態7,4
B_2_11,B,2,11,shakai,社態7,4
B_2_12,B,2,12,shakai,社態7,4
B_2_13,B,2,13,shakai,社態7,4
B_2_14,B,2,14,shakai,社態7,3
B_2_15,B,2,15,shakai,社態7,3
B_2_16,B,2,16,shakai,社態7,2
B_2_17,B,2,17,shakai,社態7,3
B_2_18,B,2,18,shakai,社態7,3
B_2_19,B,2,19,shakai,社態7,2
B_2_20,B,2,20,shakai,社態7,3
B_2_21,B,2,21,shakai,社態7,2
B_2_22,B,2,22,shakai,社態7,4
B_2_23,B,2,23,shakai,社態7,4
B_2_24,B,2,24,shakai,社態7,4
B_2_25,B,2,25,shakai,社態7,4
B_2_26,B,2,26,shakai,社態7,4
B_2_27,B,2,27,shakai,社態7,2
B_2_28,B,2,28,shakai,社態7,4
B_2_29,B,2,29,shakai,社態7,4
B_2_30,B,2,30,shakai,社態7,2
C_1_1,C,1,1,shakai,社態7,2
C_1_2,C,1,2,shakai,社態7,2
C_1_3,C,1,3,shakai,社態7,3
C_1_4,C,1,4,shakai,社態7,2
C_1_5,C,1,5,shakai,社態7,3
C_1_6,C,1,6,shakai,社態7,4
C_1_7,C,1,7,shakai,社態7,3
C_1_8,C,1,8,shakai,社態7,3
C_1_9,C,1,9,shakai,社態7,3
C_1_10,C,1,10,shakai,社態7,4
C_1_11,C,1,11,shakai,社態7,4
C_1_12,C,1,12,shakai,社態7,4
C_1_13,C,1,13,shakai,社態7,4
C_1_14,C,1,14,shakai,社態7,4
C_1_15,C,1,15,shakai,社態7,4
C_1_16,C,1,16,shakai,社態7,4
C_1_17,C,1,17,shakai,社態7,1
C_1_18,C,1,18,shakai,社態7,1
C_1_19,C,1,19,shakai,社態7,2
C_1_21,C,1,21,shakai,社態7,3
C_1_22,C,1,22,shakai,社態7,4
C_1_23,C,1,23,shakai,社態7,3
C_1_24,C,1,24,shakai,社態7,4
C_1_25,C,1,25,shakai,社態7,2
C_1_26,C,1,26,shakai,社態7,3
C_1_27,C,1,27,shakai,社態7,1
C_1_28,C,1,28,shakai,社態7,4
C_1_29,C,1,29,shakai,社態7,3
C_1_30,C,1,30,shakai,社態7,3
C_2_1,C,2,1,shakai,社態7,1
C_2_3,C,2,3,shakai,社態7,1
C_2_4,C,2,4,shakai,社態7,4
C_2_5,C,2,5,shakai,社態7,3
C_2_6,C,2,6,shakai,社態7,3
C_2_7,C,2,7,shakai,社態7,2
C_2_8,C,2,8,shakai,社態7,3
C_2_10,C,2,10,shakai,社態7,2
C_2_11,C,2,11,shakai,社態7,2
C_2_12,C,2,12,shakai,社態7,4
C_2_13,C,2,13,shakai,社態7,3
C_2_14,C,2,14,shakai,社態7,4
C_2_15,C,2,15,shakai,社態7,3
C_2_16,C,2,16,shakai,社態7,4
C_2_17,C,2,17,shakai,社態7,2
C_2_18,C,2,18,shakai,社態7,4
C_2_19,C,2,19,shakai,社態7,2
C_2_20,C,2,20,shakai,社態7,3
C_2_21,C,2,21,shakai,社態7,3
C_2_22,C,2,22,shakai,社態7,2
C_2_23,C,2,23,shakai,社態7,3
C_2_24,C,2,24,shakai,社態7,4
C_2_25,C,2,25,shakai,社態7,4
C_2_26,C,2,26,shakai,社態7,3
C_2_27,C,2,27,shakai,社態7,2
C_2_29,C,2,29,shakai,社態7,4
C_2_30,C,2,30,shakai,社態7,3
C_1_1,C,1,1,shakai,社態7,3
C_1_2,C,1,2,shakai,社態7,4
C_1_3,C,1,3,shakai,社態7,4
C_1_4,C,1,4,shakai,社態7,3
C_1_5,C,1,5,shakai,社態7,3
C_1_6,C,1,6,shakai,社態7,2
C_1_7,C,1,7,shakai,社態7,3
C_1_8,C,1,8,shakai,社態7,3
C_1_9,C,1,9,shakai,社態7,4
C_1_10,C,1,10,shakai,社態7,4
C_1_11,C,1,11,shakai,社態7,4
C_1_12,C,1,12,shakai,社態7,3
D_1_13,D,1,13,shakai,社態7,3
D_1_14,D,1,14,shakai,社態7,2
D_1_15,D,1,15,shakai,社態7,4
D_1_16,D,1,16,shakai,社態7,4
D_1_17,D,1,17,shakai,社態7,2
D_1_18,D,1,18,shakai,社態7,4
D_1_19,D,1,19,shakai,社態7,2
D_1_20,D,1,20,shakai,社態7,1
D_1_21,D,1,21,shakai,社態7,2
D_1_22,D,1,22,shakai,社態7,2
D_1_23,D,1,23,shakai,社態7,3
D_1_24,D,1,24,shakai,社態7,3
D_1_25,D,1,25,shakai,社態7,2
D_1_26,D,1,26,shakai,社態7,2
D_1_27,D,1,27,shakai,社態7,4
D_1_28,D,1,28,shakai,社態7,4
D_1_29,D,1,29,shakai,社態7,3
D_1_30,D,1,30,shakai,社態7,4
D_2_1,D,2,1,shakai,社態7,2
D_2_2,D,2,2,shakai,社態7,3
D_2_3,D,2,3,shakai,社態7,2
D_2_4,D,2,4,shakai,社態7,3
D_2_5,D,2,5,shakai,社態7,2
D_2_6,D,2,6,shakai,社態7,4
D_2_7,D,2,7,shakai,社態7,2
D_2_8,D,2,8,shakai,社態7,2
D_2_9,D,2,9,shakai,社態7,2
D_2_10,D,2,10,shakai,社態7,1
D_2_11,D,2,11,shakai,社態7,3
D_2_12,D,2,12,shakai,社態7,2
D_2_13,D,2,13,shakai,社態7,4
D_2_14,D,2,14,shakai,社態7,2
D_2_15,D,2,15,shakai,社態7,4
D_2_16,D,2,16,shakai,社態7,3
D_2_17,D,2,17,shakai,社態7,2
D_2_18,D,2,18,shakai,社態7,4
D_2_19,D,2,19,shakai,社態7,3
D_2_20,D,2,20,shakai,社態7,3
D_2_21,D,2,21,shakai,社態7,1
D_2_22,D,2,22,shakai,社態7,4
D_2_23,D,2,23,shakai,社態7,4
D_2_24,D,2,24,shakai,社態7,2
D_2_25,D,2,25,shakai,社態7,2
D_2_26,D,2,26,shakai,社態7,3
D_2_27,D,2,27,shakai,社態7,3
D_2_28,D,2,28,shakai,社態7,2
D_2_29,D,2,29,shakai,社態7,3
D_2_30,D,2,30,shakai,社態7,4
A_1_1,A,1,1,shakai,社態8,4
A_1_2,A,1,2,shakai,社態8,3
A_1_3,A,1,3,shakai,社態8,4
A_1_4,A,1,4,shakai,社態8,4
A_1_5,A,1,5,shakai,社態8,4
A_1_6,A,1,6,shakai,社態8,4
A_1_7,A,1,7,shakai,社態8,4
A_1_8,A,1,8,shakai,社態8,4
A_1_9,A,1,9,shakai,社態8,3
A_1_10,A,1,10,shakai,社態8,3
A_1_11,A,1,11,shakai,社態8,4
A_1_12,A,1,12,shakai,社態8,4
A_1_13,A,1,13,shakai,社態8,3
A_1_14,A,1,14,shakai,社態8,4
A_1_15,A,1,15,shakai,社態8,1
A_1_16,A,1,16,shakai,社態8,4
A_1_17,A,1,17,shakai,社態8,4
A_1_18,A,1,18,shakai,社態8,4
A_1_19,A,1,19,shakai,社態8,4
A_1_20,A,1,20,shakai,社態8,4
A_1_21,A,1,21,shakai,社態8,4
A_1_22,A,1,22,shakai,社態8,4
A_1_23,A,1,23,shakai,社態8,4
A_1_24,A,1,24,shakai,社態8,4
A_1_25,A,1,25,shakai,社態8,4
A_1_26,A,1,26,shakai,社態8,3
A_1_27,A,1,27,shakai,社態8,4
A_1_28,A,1,28,shakai,社態8,4
A_1_29,A,1,29,shakai,社態8,4
A_1_30,A,1,30,shakai,社態8,4
A_2_1,A,2,1,shakai,社態8,4
A_2_2,A,2,2,shakai,社態8,4
A_2_3,A,2,3,shakai,社態8,4
A_2_4,A,2,4,shakai,社態8,3
A_2_5,A,2,5,shakai,社態8,4
A_2_6,A,2,6,shakai,社態8,4
A_2_7,A,2,7,shakai,社態8,4
A_2_8,A,2,8,shakai,社態8,4
A_2_9,A,2,9,shakai,社態8,4
A_2_10,A,2,10,shakai,社態8,4
A_2_11,A,2,11,shakai,社態8,4
A_2_12,A,2,12,shakai,社態8,3
A_2_13,A,2,13,shakai,社態8,4
A_2_14,A,2,14,shakai,社態8,4
A_2_15,A,2,15,shakai,社態8,4
A_2_16,A,2,16,shakai,社態8,4
A_2_17,A,2,17,shakai,社態8,3
A_2_18,A,2,18,shakai,社態8,4
A_2_19,A,2,19,shakai,社態8,3
A_2_20,A,2,20,shakai,社態8,4
A_2_21,A,2,21,shakai,社態8,4
A_2_22,A,2,22,shakai,社態8,4
A_2_23,A,2,23,shakai,社態8,4
A_2_24,A,2,24,shakai,社態8,2
A_2_25,A,2,25,shakai,社態8,3
A_2_26,A,2,26,shakai,社態8,4
A_2_27,A,2,27,shakai,社態8,4
A_2_28,A,2,28,shakai,社態8,3
A_2_29,A,2,29,shakai,社態8,4
A_2_30,A,2,30,shakai,社態8,4
B_1_1,B,1,1,shakai,社態8,4
B_1_2,B,1,2,shakai,社態8,4
B_1_3,B,1,3,shakai,社態8,3
B_1_4,B,1,4,shakai,社態8,4
B_1_5,B,1,5,shakai,社態8,4
B_1_6,B,1,6,shakai,社態8,3
B_1_7,B,1,7,shakai,社態8,4
B_1_8,B,1,8,shakai,社態8,4
B_1_9,B,1,9,shakai,社態8,4
B_1_10,B,1,10,shakai,社態8,4
B_1_11,B,1,11,shakai,社態8,4
B_1_12,B,1,12,shakai,社態8,4
B_1_13,B,1,13,shakai,社態8,4
B_1_14,B,1,14,shakai,社態8,1
B_1_15,B,1,15,shakai,社態8,4
B_1_16,B,1,16,shakai,社態8,4
B_1_17,B,1,17,shakai,社態8,3
B_1_18,B,1,18,shakai,社態8,4
B_1_19,B,1,19,shakai,社態8,4
B_1_20,B,1,20,shakai,社態8,4
B_1_21,B,1,21,shakai,社態8,4
B_1_22,B,1,22,shakai,社態8,4
B_1_23,B,1,23,shakai,社態8,3
B_1_24,B,1,24,shakai,社態8,3
B_1_25,B,1,25,shakai,社態8,4
B_1_26,B,1,26,shakai,社態8,3
B_1_27,B,1,27,shakai,社態8,4
B_1_28,B,1,28,shakai,社態8,3
B_1_29,B,1,29,shakai,社態8,3
B_1_30,B,1,30,shakai,社態8,4
B_2_1,B,2,1,shakai,社態8,4
B_2_2,B,2,2,shakai,社態8,4
B_2_3,B,2,3,shakai,社態8,4
B_2_4,B,2,4,shakai,社態8,4
B_2_5,B,2,5,shakai,社態8,4
B_2_6,B,2,6,shakai,社態8,3
B_2_7,B,2,7,shakai,社態8,4
B_2_8,B,2,8,shakai,社態8,3
B_2_9,B,2,9,shakai,社態8,4
B_2_10,B,2,10,shakai,社態8,4
B_2_11,B,2,11,shakai,社態8,3
B_2_12,B,2,12,shakai,社態8,4
B_2_13,B,2,13,shakai,社態8,4
B_2_14,B,2,14,shakai,社態8,4
B_2_15,B,2,15,shakai,社態8,4
B_2_16,B,2,16,shakai,社態8,3
B_2_17,B,2,17,shakai,社態8,3
B_2_18,B,2,18,shakai,社態8,3
B_2_19,B,2,19,shakai,社態8,2
B_2_20,B,2,20,shakai,社態8,4
B_2_21,B,2,21,shakai,社態8,4
B_2_22,B,2,22,shakai,社態8,4
B_2_23,B,2,23,shakai,社態8,4
B_2_24,B,2,24,shakai,社態8,4
B_2_25,B,2,25,shakai,社態8,4
B_2_26,B,2,26,shakai,社態8,4
B_2_27,B,2,27,shakai,社態8,4
B_2_28,B,2,28,shakai,社態8,4
B_2_29,B,2,29,shakai,社態8,4
B_2_30,B,2,30,shakai,社態8,2
C_1_1,C,1,1,shakai,社態8,3
C_1_2,C,1,2,shakai,社態8,2
C_1_3,C,1,3,shakai,社態8,3
C_1_4,C,1,4,shakai,社態8,3
C_1_5,C,1,5,shakai,社態8,3
C_1_6,C,1,6,shakai,社態8,4
C_1_7,C,1,7,shakai,社態8,3
C_1_8,C,1,8,shakai,社態8,3
C_1_9,C,1,9,shakai,社態8,4
C_1_10,C,1,10,shakai,社態8,2
C_1_11,C,1,11,shakai,社態8,4
C_1_12,C,1,12,shakai,社態8,4
C_1_13,C,1,13,shakai,社態8,4
C_1_14,C,1,14,shakai,社態8,4
C_1_15,C,1,15,shakai,社態8,4
C_1_16,C,1,16,shakai,社態8,4
C_1_17,C,1,17,shakai,社態8,2
C_1_18,C,1,18,shakai,社態8,2
C_1_19,C,1,19,shakai,社態8,2
C_1_21,C,1,21,shakai,社態8,3
C_1_22,C,1,22,shakai,社態8,3
C_1_23,C,1,23,shakai,社態8,3
C_1_24,C,1,24,shakai,社態8,4
C_1_25,C,1,25,shakai,社態8,3
C_1_26,C,1,26,shakai,社態8,3
C_1_27,C,1,27,shakai,社態8,4
C_1_28,C,1,28,shakai,社態8,4
C_1_29,C,1,29,shakai,社態8,3
C_1_30,C,1,30,shakai,社態8,3
C_2_1,C,2,1,shakai,社態8,3
C_2_3,C,2,3,shakai,社態8,2
C_2_4,C,2,4,shakai,社態8,4
C_2_5,C,2,5,shakai,社態8,3
C_2_6,C,2,6,shakai,社態8,4
C_2_7,C,2,7,shakai,社態8,4
C_2_8,C,2,8,shakai,社態8,4
C_2_10,C,2,10,shakai,社態8,4
C_2_11,C,2,11,shakai,社態8,2
C_2_12,C,2,12,shakai,社態8,4
C_2_13,C,2,13,shakai,社態8,3
C_2_14,C,2,14,shakai,社態8,4
C_2_15,C,2,15,shakai,社態8,4
C_2_16,C,2,16,shakai,社態8,3
C_2_17,C,2,17,shakai,社態8,3
C_2_18,C,2,18,shakai,社態8,4
C_2_19,C,2,19,shakai,社態8,1
C_2_20,C,2,20,shakai,社態8,4
C_2_21,C,2,21,shakai,社態8,3
C_2_22,C,2,22,shakai,社態8,3
C_2_23,C,2,23,shakai,社態8,3
C_2_24,C,2,24,shakai,社態8,4
C_2_25,C,2,25,shakai,社態8,4
C_2_26,C,2,26,shakai,社態8,3
C_2_27,C,2,27,shakai,社態8,3
C_2_29,C,2,29,shakai,社態8,3
C_2_30,C,2,30,shakai,社態8,4
C_1_1,C,1,1,shakai,社態8,3
C_1_2,C,1,2,shakai,社態8,4
C_1_3,C,1,3,shakai,社態8,4
C_1_4,C,1,4,shakai,社態8,3
C_1_5,C,1,5,shakai,社態8,2
C_1_6,C,1,6,shakai,社態8,2
C_1_7,C,1,7,shakai,社態8,4
C_1_8,C,1,8,shakai,社態8,4
C_1_9,C,1,9,shakai,社態8,4
C_1_10,C,1,10,shakai,社態8,3
C_1_11,C,1,11,shakai,社態8,4
C_1_12,C,1,12,shakai,社態8,3
D_1_13,D,1,13,shakai,社態8,3
D_1_14,D,1,14,shakai,社態8,2
D_1_15,D,1,15,shakai,社態8,4
D_1_16,D,1,16,shakai,社態8,3
D_1_17,D,1,17,shakai,社態8,4
D_1_18,D,1,18,shakai,社態8,4
D_1_19,D,1,19,shakai,社態8,2
D_1_20,D,1,20,shakai,社態8,1
D_1_21,D,1,21,shakai,社態8,2
D_1_22,D,1,22,shakai,社態8,3
D_1_23,D,1,23,shakai,社態8,4
D_1_24,D,1,24,shakai,社態8,3
D_1_25,D,1,25,shakai,社態8,3
D_1_26,D,1,26,shakai,社態8,4
D_1_27,D,1,27,shakai,社態8,4
D_1_28,D,1,28,shakai,社態8,4
D_1_29,D,1,29,shakai,社態8,3
D_1_30,D,1,30,shakai,社態8,4
D_2_1,D,2,1,shakai,社態8,4
D_2_2,D,2,2,shakai,社態8,3
D_2_3,D,2,3,shakai,社態8,4
D_2_4,D,2,4,shakai,社態8,3
D_2_5,D,2,5,shakai,社態8,3
D_2_6,D,2,6,shakai,社態8,4
D_2_7,D,2,7,shakai,社態8,4
D_2_8,D,2,8,shakai,社態8,2
D_2_9,D,2,9,shakai,社態8,4
D_2_10,D,2,10,shakai,社態8,3
D_2_11,D,2,11,shakai,社態8,4
D_2_12,D,2,12,shakai,社態8,4
D_2_13,D,2,13,shakai,社態8,4
D_2_14,D,2,14,shakai,社態8,3
D_2_15,D,2,15,shakai,社態8,4
D_2_16,D,2,16,shakai,社態8,3
D_2_17,D,2,17,shakai,社態8,3
D_2_18,D,2,18,shakai,社態8,4
D_2_19,D,2,19,shakai,社態8,2
D_2_20,D,2,20,shakai,社態8,3
D_2_21,D,2,21,shakai,社態8,3
D_2_22,D,2,22,shakai,社態8,4
D_2_23,D,2,23,shakai,社態8,4
D_2_24,D,2,24,shakai,社態8,2
D_2_25,D,2,25,shakai,社態8,3
D_2_26,D,2,26,shakai,社態8,4
D_2_27,D,2,27,shakai,社態8,2
D_2_28,D,2,28,shakai,社態8,1
D_2_29,D,2,29,shakai,社態8,2
D_2_30,D,2,30,shakai,社態8,3
A_1_1,A,1,1,shakai,社態9,3
A_1_2,A,1,2,shakai,社態9,3
A_1_3,A,1,3,shakai,社態9,4
A_1_4,A,1,4,shakai,社態9,4
A_1_5,A,1,5,shakai,社態9,3
A_1_6,A,1,6,shakai,社態9,4
A_1_7,A,1,7,shakai,社態9,4
A_1_8,A,1,8,shakai,社態9,3
A_1_9,A,1,9,shakai,社態9,4
A_1_10,A,1,10,shakai,社態9,3
A_1_11,A,1,11,shakai,社態9,4
A_1_12,A,1,12,shakai,社態9,3
A_1_13,A,1,13,shakai,社態9,2
A_1_14,A,1,14,shakai,社態9,3
A_1_15,A,1,15,shakai,社態9,1
A_1_16,A,1,16,shakai,社態9,4
A_1_17,A,1,17,shakai,社態9,4
A_1_18,A,1,18,shakai,社態9,4
A_1_19,A,1,19,shakai,社態9,4
A_1_20,A,1,20,shakai,社態9,4
A_1_21,A,1,21,shakai,社態9,4
A_1_22,A,1,22,shakai,社態9,3
A_1_23,A,1,23,shakai,社態9,4
A_1_24,A,1,24,shakai,社態9,4
A_1_25,A,1,25,shakai,社態9,4
A_1_26,A,1,26,shakai,社態9,3
A_1_27,A,1,27,shakai,社態9,4
A_1_28,A,1,28,shakai,社態9,4
A_1_29,A,1,29,shakai,社態9,4
A_1_30,A,1,30,shakai,社態9,4
A_2_1,A,2,1,shakai,社態9,4
A_2_2,A,2,2,shakai,社態9,3
A_2_3,A,2,3,shakai,社態9,4
A_2_4,A,2,4,shakai,社態9,3
A_2_5,A,2,5,shakai,社態9,4
A_2_6,A,2,6,shakai,社態9,3
A_2_7,A,2,7,shakai,社態9,4
A_2_8,A,2,8,shakai,社態9,4
A_2_9,A,2,9,shakai,社態9,2
A_2_10,A,2,10,shakai,社態9,4
A_2_11,A,2,11,shakai,社態9,4
A_2_12,A,2,12,shakai,社態9,3
A_2_13,A,2,13,shakai,社態9,4
A_2_14,A,2,14,shakai,社態9,4
A_2_15,A,2,15,shakai,社態9,3
A_2_16,A,2,16,shakai,社態9,4
A_2_17,A,2,17,shakai,社態9,3
A_2_18,A,2,18,shakai,社態9,4
A_2_19,A,2,19,shakai,社態9,3
A_2_20,A,2,20,shakai,社態9,4
A_2_21,A,2,21,shakai,社態9,4
A_2_22,A,2,22,shakai,社態9,4
A_2_23,A,2,23,shakai,社態9,4
A_2_24,A,2,24,shakai,社態9,2
A_2_25,A,2,25,shakai,社態9,3
A_2_26,A,2,26,shakai,社態9,4
A_2_27,A,2,27,shakai,社態9,4
A_2_28,A,2,28,shakai,社態9,3
A_2_29,A,2,29,shakai,社態9,4
A_2_30,A,2,30,shakai,社態9,3
B_1_1,B,1,1,shakai,社態9,4
B_1_2,B,1,2,shakai,社態9,4
B_1_3,B,1,3,shakai,社態9,4
B_1_4,B,1,4,shakai,社態9,4
B_1_5,B,1,5,shakai,社態9,4
B_1_6,B,1,6,shakai,社態9,3
B_1_7,B,1,7,shakai,社態9,4
B_1_8,B,1,8,shakai,社態9,4
B_1_9,B,1,9,shakai,社態9,3
B_1_10,B,1,10,shakai,社態9,4
B_1_11,B,1,11,shakai,社態9,4
B_1_12,B,1,12,shakai,社態9,4
B_1_13,B,1,13,shakai,社態9,4
B_1_14,B,1,14,shakai,社態9,1
B_1_15,B,1,15,shakai,社態9,3
B_1_16,B,1,16,shakai,社態9,4
B_1_17,B,1,17,shakai,社態9,3
B_1_18,B,1,18,shakai,社態9,4
B_1_19,B,1,19,shakai,社態9,3
B_1_20,B,1,20,shakai,社態9,4
B_1_21,B,1,21,shakai,社態9,4
B_1_22,B,1,22,shakai,社態9,4
B_1_23,B,1,23,shakai,社態9,2
B_1_24,B,1,24,shakai,社態9,3
B_1_25,B,1,25,shakai,社態9,4
B_1_26,B,1,26,shakai,社態9,3
B_1_27,B,1,27,shakai,社態9,3
B_1_28,B,1,28,shakai,社態9,3
B_1_29,B,1,29,shakai,社態9,3
B_1_30,B,1,30,shakai,社態9,4
B_2_1,B,2,1,shakai,社態9,4
B_2_2,B,2,2,shakai,社態9,3
B_2_3,B,2,3,shakai,社態9,4
B_2_4,B,2,4,shakai,社態9,3
B_2_5,B,2,5,shakai,社態9,4
B_2_6,B,2,6,shakai,社態9,2
B_2_7,B,2,7,shakai,社態9,4
B_2_8,B,2,8,shakai,社態9,3
B_2_9,B,2,9,shakai,社態9,4
B_2_10,B,2,10,shakai,社態9,4
B_2_11,B,2,11,shakai,社態9,4
B_2_12,B,2,12,shakai,社態9,4
B_2_13,B,2,13,shakai,社態9,4
B_2_14,B,2,14,shakai,社態9,4
B_2_15,B,2,15,shakai,社態9,3
B_2_16,B,2,16,shakai,社態9,3
B_2_17,B,2,17,shakai,社態9,3
B_2_18,B,2,18,shakai,社態9,3
B_2_19,B,2,19,shakai,社態9,2
B_2_20,B,2,20,shakai,社態9,4
B_2_21,B,2,21,shakai,社態9,4
B_2_22,B,2,22,shakai,社態9,4
B_2_23,B,2,23,shakai,社態9,4
B_2_24,B,2,24,shakai,社態9,4
B_2_25,B,2,25,shakai,社態9,1
B_2_26,B,2,26,shakai,社態9,4
B_2_27,B,2,27,shakai,社態9,4
B_2_28,B,2,28,shakai,社態9,4
B_2_29,B,2,29,shakai,社態9,4
B_2_30,B,2,30,shakai,社態9,1
C_1_1,C,1,1,shakai,社態9,2
C_1_2,C,1,2,shakai,社態9,2
C_1_3,C,1,3,shakai,社態9,4
C_1_4,C,1,4,shakai,社態9,2
C_1_5,C,1,5,shakai,社態9,2
C_1_6,C,1,6,shakai,社態9,4
C_1_7,C,1,7,shakai,社態9,3
C_1_8,C,1,8,shakai,社態9,2
C_1_9,C,1,9,shakai,社態9,3
C_1_10,C,1,10,shakai,社態9,3
C_1_11,C,1,11,shakai,社態9,3
C_1_12,C,1,12,shakai,社態9,4
C_1_13,C,1,13,shakai,社態9,4
C_1_14,C,1,14,shakai,社態9,4
C_1_15,C,1,15,shakai,社態9,4
C_1_16,C,1,16,shakai,社態9,3
C_1_17,C,1,17,shakai,社態9,1
C_1_18,C,1,18,shakai,社態9,4
C_1_19,C,1,19,shakai,社態9,1
C_1_21,C,1,21,shakai,社態9,3
C_1_22,C,1,22,shakai,社態9,4
C_1_23,C,1,23,shakai,社態9,2
C_1_24,C,1,24,shakai,社態9,4
C_1_25,C,1,25,shakai,社態9,1
C_1_26,C,1,26,shakai,社態9,2
C_1_27,C,1,27,shakai,社態9,3
C_1_28,C,1,28,shakai,社態9,4
C_1_29,C,1,29,shakai,社態9,3
C_1_30,C,1,30,shakai,社態9,3
C_2_1,C,2,1,shakai,社態9,2
C_2_3,C,2,3,shakai,社態9,2
C_2_4,C,2,4,shakai,社態9,4
C_2_5,C,2,5,shakai,社態9,3
C_2_6,C,2,6,shakai,社態9,4
C_2_7,C,2,7,shakai,社態9,3
C_2_8,C,2,8,shakai,社態9,4
C_2_10,C,2,10,shakai,社態9,2
C_2_11,C,2,11,shakai,社態9,2
C_2_12,C,2,12,shakai,社態9,4
C_2_13,C,2,13,shakai,社態9,3
C_2_14,C,2,14,shakai,社態9,4
C_2_15,C,2,15,shakai,社態9,3
C_2_16,C,2,16,shakai,社態9,1
C_2_17,C,2,17,shakai,社態9,3
C_2_18,C,2,18,shakai,社態9,4
C_2_19,C,2,19,shakai,社態9,1
C_2_20,C,2,20,shakai,社態9,3
C_2_21,C,2,21,shakai,社態9,2
C_2_22,C,2,22,shakai,社態9,2
C_2_23,C,2,23,shakai,社態9,3
C_2_24,C,2,24,shakai,社態9,3
C_2_25,C,2,25,shakai,社態9,4
C_2_26,C,2,26,shakai,社態9,4
C_2_27,C,2,27,shakai,社態9,2
C_2_29,C,2,29,shakai,社態9,2
C_2_30,C,2,30,shakai,社態9,3
C_1_1,C,1,1,shakai,社態9,3
C_1_2,C,1,2,shakai,社態9,3
C_1_3,C,1,3,shakai,社態9,4
C_1_4,C,1,4,shakai,社態9,2
C_1_5,C,1,5,shakai,社態9,2
C_1_6,C,1,6,shakai,社態9,2
C_1_7,C,1,7,shakai,社態9,4
C_1_8,C,1,8,shakai,社態9,4
C_1_9,C,1,9,shakai,社態9,4
C_1_10,C,1,10,shakai,社態9,3
C_1_11,C,1,11,shakai,社態9,4
C_1_12,C,1,12,shakai,社態9,3
D_1_13,D,1,13,shakai,社態9,2
D_1_14,D,1,14,shakai,社態9,3
D_1_15,D,1,15,shakai,社態9,4
D_1_16,D,1,16,shakai,社態9,3
D_1_17,D,1,17,shakai,社態9,3
D_1_18,D,1,18,shakai,社態9,3
D_1_19,D,1,19,shakai,社態9,2
D_1_20,D,1,20,shakai,社態9,1
D_1_21,D,1,21,shakai,社態9,2
D_1_22,D,1,22,shakai,社態9,3
D_1_23,D,1,23,shakai,社態9,3
D_1_24,D,1,24,shakai,社態9,3
D_1_25,D,1,25,shakai,社態9,2
D_1_26,D,1,26,shakai,社態9,4
D_1_27,D,1,27,shakai,社態9,4
D_1_28,D,1,28,shakai,社態9,4
D_1_29,D,1,29,shakai,社態9,3
D_1_30,D,1,30,shakai,社態9,4
D_2_1,D,2,1,shakai,社態9,2
D_2_2,D,2,2,shakai,社態9,3
D_2_3,D,2,3,shakai,社態9,4
D_2_4,D,2,4,shakai,社態9,2
D_2_5,D,2,5,shakai,社態9,3
D_2_6,D,2,6,shakai,社態9,4
D_2_7,D,2,7,shakai,社態9,3
D_2_8,D,2,8,shakai,社態9,2
D_2_9,D,2,9,shakai,社態9,2
D_2_10,D,2,10,shakai,社態9,3
D_2_11,D,2,11,shakai,社態9,3
D_2_12,D,2,12,shakai,社態9,3
D_2_13,D,2,13,shakai,社態9,4
D_2_14,D,2,14,shakai,社態9,2
D_2_15,D,2,15,shakai,社態9,4
D_2_16,D,2,16,shakai,社態9,3
D_2_17,D,2,17,shakai,社態9,2
D_2_18,D,2,18,shakai,社態9,4
D_2_19,D,2,19,shakai,社態9,2
D_2_20,D,2,20,shakai,社態9,3
D_2_21,D,2,21,shakai,社態9,2
D_2_22,D,2,22,shakai,社態9,4
D_2_23,D,2,23,shakai,社態9,4
D_2_24,D,2,24,shakai,社態9,2
D_2_25,D,2,25,shakai,社態9,2
D_2_26,D,2,26,shakai,社態9,4
D_2_27,D,2,27,shakai,社態9,2
D_2_28,D,2,28,shakai,社態9,2
D_2_29,D,2,29,shakai,社態9,2
D_2_30,D,2,30,shakai,社態9,4
A_1_1,A,1,1,shakai,社態10,3
A_1_2,A,1,2,shakai,社態10,3
A_1_3,A,1,3,shakai,社態10,4
A_1_4,A,1,4,shakai,社態10,4
A_1_5,A,1,5,shakai,社態10,2
A_1_6,A,1,6,shakai,社態10,4
A_1_7,A,1,7,shakai,社態10,3
A_1_8,A,1,8,shakai,社態10,3
A_1_9,A,1,9,shakai,社態10,3
A_1_10,A,1,10,shakai,社態10,3
A_1_11,A,1,11,shakai,社態10,4
A_1_12,A,1,12,shakai,社態10,4
A_1_13,A,1,13,shakai,社態10,2
A_1_14,A,1,14,shakai,社態10,4
A_1_15,A,1,15,shakai,社態10,2
A_1_16,A,1,16,shakai,社態10,4
A_1_17,A,1,17,shakai,社態10,4
A_1_18,A,1,18,shakai,社態10,4
A_1_19,A,1,19,shakai,社態10,4
A_1_20,A,1,20,shakai,社態10,4
A_1_21,A,1,21,shakai,社態10,4
A_1_22,A,1,22,shakai,社態10,3
A_1_23,A,1,23,shakai,社態10,3
A_1_24,A,1,24,shakai,社態10,4
A_1_25,A,1,25,shakai,社態10,4
A_1_26,A,1,26,shakai,社態10,3
A_1_27,A,1,27,shakai,社態10,4
A_1_28,A,1,28,shakai,社態10,4
A_1_29,A,1,29,shakai,社態10,4
A_1_30,A,1,30,shakai,社態10,4
A_2_1,A,2,1,shakai,社態10,4
A_2_2,A,2,2,shakai,社態10,3
A_2_3,A,2,3,shakai,社態10,4
A_2_4,A,2,4,shakai,社態10,4
A_2_5,A,2,5,shakai,社態10,4
A_2_6,A,2,6,shakai,社態10,3
A_2_7,A,2,7,shakai,社態10,4
A_2_8,A,2,8,shakai,社態10,4
A_2_9,A,2,9,shakai,社態10,4
A_2_10,A,2,10,shakai,社態10,4
A_2_11,A,2,11,shakai,社態10,4
A_2_12,A,2,12,shakai,社態10,3
A_2_13,A,2,13,shakai,社態10,4
A_2_14,A,2,14,shakai,社態10,3
A_2_15,A,2,15,shakai,社態10,3
A_2_16,A,2,16,shakai,社態10,3
A_2_17,A,2,17,shakai,社態10,3
A_2_18,A,2,18,shakai,社態10,4
A_2_19,A,2,19,shakai,社態10,3
A_2_20,A,2,20,shakai,社態10,3
A_2_21,A,2,21,shakai,社態10,4
A_2_22,A,2,22,shakai,社態10,4
A_2_23,A,2,23,shakai,社態10,4
A_2_24,A,2,24,shakai,社態10,2
A_2_25,A,2,25,shakai,社態10,2
A_2_26,A,2,26,shakai,社態10,4
A_2_27,A,2,27,shakai,社態10,3
A_2_28,A,2,28,shakai,社態10,3
A_2_29,A,2,29,shakai,社態10,4
A_2_30,A,2,30,shakai,社態10,3
B_1_1,B,1,1,shakai,社態10,4
B_1_2,B,1,2,shakai,社態10,4
B_1_3,B,1,3,shakai,社態10,4
B_1_4,B,1,4,shakai,社態10,4
B_1_5,B,1,5,shakai,社態10,4
B_1_6,B,1,6,shakai,社態10,3
B_1_7,B,1,7,shakai,社態10,3
B_1_8,B,1,8,shakai,社態10,4
B_1_9,B,1,9,shakai,社態10,3
B_1_10,B,1,10,shakai,社態10,4
B_1_11,B,1,11,shakai,社態10,4
B_1_12,B,1,12,shakai,社態10,4
B_1_13,B,1,13,shakai,社態10,4
B_1_14,B,1,14,shakai,社態10,1
B_1_15,B,1,15,shakai,社態10,3
B_1_16,B,1,16,shakai,社態10,4
B_1_17,B,1,17,shakai,社態10,3
B_1_18,B,1,18,shakai,社態10,4
B_1_19,B,1,19,shakai,社態10,3
B_1_20,B,1,20,shakai,社態10,3
B_1_21,B,1,21,shakai,社態10,3
B_1_22,B,1,22,shakai,社態10,4
B_1_23,B,1,23,shakai,社態10,2
B_1_24,B,1,24,shakai,社態10,3
B_1_25,B,1,25,shakai,社態10,3
B_1_26,B,1,26,shakai,社態10,3
B_1_27,B,1,27,shakai,社態10,3
B_1_28,B,1,28,shakai,社態10,3
B_1_29,B,1,29,shakai,社態10,3
B_1_30,B,1,30,shakai,社態10,4
B_2_1,B,2,1,shakai,社態10,4
B_2_2,B,2,2,shakai,社態10,4
B_2_3,B,2,3,shakai,社態10,4
B_2_4,B,2,4,shakai,社態10,3
B_2_5,B,2,5,shakai,社態10,4
B_2_6,B,2,6,shakai,社態10,3
B_2_7,B,2,7,shakai,社態10,4
B_2_8,B,2,8,shakai,社態10,4
B_2_9,B,2,9,shakai,社態10,4
B_2_10,B,2,10,shakai,社態10,4
B_2_11,B,2,11,shakai,社態10,3
B_2_12,B,2,12,shakai,社態10,4
B_2_13,B,2,13,shakai,社態10,4
B_2_14,B,2,14,shakai,社態10,4
B_2_15,B,2,15,shakai,社態10,3
B_2_16,B,2,16,shakai,社態10,4
B_2_17,B,2,17,shakai,社態10,3
B_2_18,B,2,18,shakai,社態10,4
B_2_19,B,2,19,shakai,社態10,3
B_2_20,B,2,20,shakai,社態10,3
B_2_21,B,2,21,shakai,社態10,3
B_2_22,B,2,22,shakai,社態10,4
B_2_23,B,2,23,shakai,社態10,4
B_2_24,B,2,24,shakai,社態10,4
B_2_25,B,2,25,shakai,社態10,3
B_2_26,B,2,26,shakai,社態10,4
B_2_27,B,2,27,shakai,社態10,4
B_2_28,B,2,28,shakai,社態10,4
B_2_29,B,2,29,shakai,社態10,4
B_2_30,B,2,30,shakai,社態10,1
C_1_1,C,1,1,shakai,社態10,2
C_1_2,C,1,2,shakai,社態10,2
C_1_3,C,1,3,shakai,社態10,4
C_1_4,C,1,4,shakai,社態10,3
C_1_5,C,1,5,shakai,社態10,3
C_1_6,C,1,6,shakai,社態10,4
C_1_7,C,1,7,shakai,社態10,3
C_1_8,C,1,8,shakai,社態10,2
C_1_9,C,1,9,shakai,社態10,3
C_1_10,C,1,10,shakai,社態10,2
C_1_11,C,1,11,shakai,社態10,4
C_1_12,C,1,12,shakai,社態10,4
C_1_13,C,1,13,shakai,社態10,4
C_1_14,C,1,14,shakai,社態10,4
C_1_15,C,1,15,shakai,社態10,4
C_1_16,C,1,16,shakai,社態10,3
C_1_17,C,1,17,shakai,社態10,1
C_1_18,C,1,18,shakai,社態10,2
C_1_19,C,1,19,shakai,社態10,1
C_1_21,C,1,21,shakai,社態10,3
C_1_22,C,1,22,shakai,社態10,2
C_1_23,C,1,23,shakai,社態10,3
C_1_24,C,1,24,shakai,社態10,4
C_1_25,C,1,25,shakai,社態10,2
C_1_26,C,1,26,shakai,社態10,2
C_1_27,C,1,27,shakai,社態10,3
C_1_28,C,1,28,shakai,社態10,4
C_1_29,C,1,29,shakai,社態10,3
C_1_30,C,1,30,shakai,社態10,3
C_2_1,C,2,1,shakai,社態10,1
C_2_3,C,2,3,shakai,社態10,1
C_2_4,C,2,4,shakai,社態10,4
C_2_5,C,2,5,shakai,社態10,3
C_2_6,C,2,6,shakai,社態10,3
C_2_7,C,2,7,shakai,社態10,3
C_2_8,C,2,8,shakai,社態10,4
C_2_10,C,2,10,shakai,社態10,2
C_2_11,C,2,11,shakai,社態10,2
C_2_12,C,2,12,shakai,社態10,4
C_2_13,C,2,13,shakai,社態10,3
C_2_14,C,2,14,shakai,社態10,4
C_2_15,C,2,15,shakai,社態10,3
C_2_16,C,2,16,shakai,社態10,3
C_2_17,C,2,17,shakai,社態10,3
C_2_18,C,2,18,shakai,社態10,4
C_2_19,C,2,19,shakai,社態10,1
C_2_20,C,2,20,shakai,社態10,4
C_2_21,C,2,21,shakai,社態10,2
C_2_22,C,2,22,shakai,社態10,3
C_2_23,C,2,23,shakai,社態10,3
C_2_24,C,2,24,shakai,社態10,3
C_2_25,C,2,25,shakai,社態10,4
C_2_26,C,2,26,shakai,社態10,3
C_2_27,C,2,27,shakai,社態10,3
C_2_29,C,2,29,shakai,社態10,3
C_2_30,C,2,30,shakai,社態10,3
C_1_1,C,1,1,shakai,社態10,3
C_1_2,C,1,2,shakai,社態10,4
C_1_3,C,1,3,shakai,社態10,4
C_1_4,C,1,4,shakai,社態10,3
C_1_5,C,1,5,shakai,社態10,3
C_1_6,C,1,6,shakai,社態10,3
C_1_7,C,1,7,shakai,社態10,4
C_1_8,C,1,8,shakai,社態10,4
C_1_9,C,1,9,shakai,社態10,4
C_1_10,C,1,10,shakai,社態10,3
C_1_11,C,1,11,shakai,社態10,4
C_1_12,C,1,12,shakai,社態10,2
D_1_13,D,1,13,shakai,社態10,3
D_1_14,D,1,14,shakai,社態10,3
D_1_15,D,1,15,shakai,社態10,4
D_1_16,D,1,16,shakai,社態10,4
D_1_17,D,1,17,shakai,社態10,3
D_1_18,D,1,18,shakai,社態10,4
D_1_19,D,1,19,shakai,社態10,2
D_1_20,D,1,20,shakai,社態10,1
D_1_21,D,1,21,shakai,社態10,2
D_1_22,D,1,22,shakai,社態10,3
D_1_23,D,1,23,shakai,社態10,3
D_1_24,D,1,24,shakai,社態10,3
D_1_25,D,1,25,shakai,社態10,3
D_1_26,D,1,26,shakai,社態10,3
D_1_27,D,1,27,shakai,社態10,4
D_1_28,D,1,28,shakai,社態10,4
D_1_29,D,1,29,shakai,社態10,3
D_1_30,D,1,30,shakai,社態10,4
D_2_1,D,2,1,shakai,社態10,3
D_2_2,D,2,2,shakai,社態10,3
D_2_3,D,2,3,shakai,社態10,2
D_2_4,D,2,4,shakai,社態10,2
D_2_5,D,2,5,shakai,社態10,2
D_2_6,D,2,6,shakai,社態10,3
D_2_7,D,2,7,shakai,社態10,3
D_2_8,D,2,8,shakai,社態10,2
D_2_9,D,2,9,shakai,社態10,3
D_2_10,D,2,10,shakai,社態10,2
D_2_11,D,2,11,shakai,社態10,3
D_2_12,D,2,12,shakai,社態10,3
D_2_13,D,2,13,shakai,社態10,4
D_2_14,D,2,14,shakai,社態10,1
D_2_15,D,2,15,shakai,社態10,4
D_2_16,D,2,16,shakai,社態10,3
D_2_17,D,2,17,shakai,社態10,2
D_2_18,D,2,18,shakai,社態10,4
D_2_19,D,2,19,shakai,社態10,2
D_2_20,D,2,20,shakai,社態10,3
D_2_21,D,2,21,shakai,社態10,2
D_2_22,D,2,22,shakai,社態10,3
D_2_23,D,2,23,shakai,社態10,4
D_2_24,D,2,24,shakai,社態10,2
D_2_25,D,2,25,shakai,社態10,3
D_2_26,D,2,26,shakai,社態10,4
D_2_27,D,2,27,shakai,社態10,3
D_2_28,D,2,28,shakai,社態10,2
D_2_29,D,2,29,shakai,社態10,3
D_2_30,D,2,30,shakai,社態10,3
A_1_1,A,1,1,shakai,社態11,4
A_1_2,A,1,2,shakai,社態11,3
A_1_3,A,1,3,shakai,社態11,4
A_1_4,A,1,4,shakai,社態11,4
A_1_5,A,1,5,shakai,社態11,3
A_1_6,A,1,6,shakai,社態11,4
A_1_7,A,1,7,shakai,社態11,3
A_1_8,A,1,8,shakai,社態11,4
A_1_9,A,1,9,shakai,社態11,2
A_1_10,A,1,10,shakai,社態11,3
A_1_11,A,1,11,shakai,社態11,4
A_1_12,A,1,12,shakai,社態11,4
A_1_13,A,1,13,shakai,社態11,2
A_1_14,A,1,14,shakai,社態11,4
A_1_15,A,1,15,shakai,社態11,3
A_1_16,A,1,16,shakai,社態11,4
A_1_17,A,1,17,shakai,社態11,4
A_1_18,A,1,18,shakai,社態11,4
A_1_19,A,1,19,shakai,社態11,4
A_1_20,A,1,20,shakai,社態11,4
A_1_21,A,1,21,shakai,社態11,4
A_1_22,A,1,22,shakai,社態11,3
A_1_23,A,1,23,shakai,社態11,4
A_1_24,A,1,24,shakai,社態11,4
A_1_25,A,1,25,shakai,社態11,3
A_1_26,A,1,26,shakai,社態11,3
A_1_27,A,1,27,shakai,社態11,4
A_1_28,A,1,28,shakai,社態11,4
A_1_29,A,1,29,shakai,社態11,4
A_1_30,A,1,30,shakai,社態11,4
A_2_1,A,2,1,shakai,社態11,4
A_2_2,A,2,2,shakai,社態11,4
A_2_3,A,2,3,shakai,社態11,4
A_2_4,A,2,4,shakai,社態11,3
A_2_5,A,2,5,shakai,社態11,4
A_2_6,A,2,6,shakai,社態11,3
A_2_7,A,2,7,shakai,社態11,4
A_2_8,A,2,8,shakai,社態11,4
A_2_9,A,2,9,shakai,社態11,4
A_2_10,A,2,10,shakai,社態11,4
A_2_11,A,2,11,shakai,社態11,4
A_2_12,A,2,12,shakai,社態11,3
A_2_13,A,2,13,shakai,社態11,4
A_2_14,A,2,14,shakai,社態11,3
A_2_15,A,2,15,shakai,社態11,3
A_2_16,A,2,16,shakai,社態11,4
A_2_17,A,2,17,shakai,社態11,3
A_2_18,A,2,18,shakai,社態11,4
A_2_19,A,2,19,shakai,社態11,3
A_2_20,A,2,20,shakai,社態11,3
A_2_21,A,2,21,shakai,社態11,4
A_2_22,A,2,22,shakai,社態11,4
A_2_23,A,2,23,shakai,社態11,4
A_2_24,A,2,24,shakai,社態11,2
A_2_25,A,2,25,shakai,社態11,2
A_2_26,A,2,26,shakai,社態11,4
A_2_27,A,2,27,shakai,社態11,2
A_2_28,A,2,28,shakai,社態11,3
A_2_29,A,2,29,shakai,社態11,4
A_2_30,A,2,30,shakai,社態11,3
B_1_1,B,1,1,shakai,社態11,4
B_1_2,B,1,2,shakai,社態11,4
B_1_3,B,1,3,shakai,社態11,4
B_1_4,B,1,4,shakai,社態11,4
B_1_5,B,1,5,shakai,社態11,4
B_1_6,B,1,6,shakai,社態11,3
B_1_7,B,1,7,shakai,社態11,4
B_1_8,B,1,8,shakai,社態11,4
B_1_9,B,1,9,shakai,社態11,4
B_1_10,B,1,10,shakai,社態11,4
B_1_11,B,1,11,shakai,社態11,4
B_1_12,B,1,12,shakai,社態11,4
B_1_13,B,1,13,shakai,社態11,4
B_1_14,B,1,14,shakai,社態11,1
B_1_15,B,1,15,shakai,社態11,4
B_1_16,B,1,16,shakai,社態11,4
B_1_17,B,1,17,shakai,社態11,3
B_1_18,B,1,18,shakai,社態11,4
B_1_19,B,1,19,shakai,社態11,3
B_1_20,B,1,20,shakai,社態11,4
B_1_21,B,1,21,shakai,社態11,4
B_1_22,B,1,22,shakai,社態11,4
B_1_23,B,1,23,shakai,社態11,3
B_1_24,B,1,24,shakai,社態11,3
B_1_25,B,1,25,shakai,社態11,4
B_1_26,B,1,26,shakai,社態11,3
B_1_27,B,1,27,shakai,社態11,4
B_1_28,B,1,28,shakai,社態11,3
B_1_29,B,1,29,shakai,社態11,3
B_1_30,B,1,30,shakai,社態11,4
B_2_1,B,2,1,shakai,社態11,4
B_2_2,B,2,2,shakai,社態11,4
B_2_3,B,2,3,shakai,社態11,4
B_2_4,B,2,4,shakai,社態11,4
B_2_5,B,2,5,shakai,社態11,4
B_2_6,B,2,6,shakai,社態11,4
B_2_7,B,2,7,shakai,社態11,4
B_2_8,B,2,8,shakai,社態11,3
B_2_9,B,2,9,shakai,社態11,4
B_2_10,B,2,10,shakai,社態11,4
B_2_11,B,2,11,shakai,社態11,4
B_2_12,B,2,12,shakai,社態11,4
B_2_13,B,2,13,shakai,社態11,4
B_2_14,B,2,14,shakai,社態11,3
B_2_15,B,2,15,shakai,社態11,3
B_2_16,B,2,16,shakai,社態11,4
B_2_17,B,2,17,shakai,社態11,2
B_2_18,B,2,18,shakai,社態11,3
B_2_19,B,2,19,shakai,社態11,1
B_2_20,B,2,20,shakai,社態11,4
B_2_21,B,2,21,shakai,社態11,4
B_2_22,B,2,22,shakai,社態11,4
B_2_23,B,2,23,shakai,社態11,4
B_2_24,B,2,24,shakai,社態11,4
B_2_25,B,2,25,shakai,社態11,4
B_2_26,B,2,26,shakai,社態11,4
B_2_27,B,2,27,shakai,社態11,4
B_2_28,B,2,28,shakai,社態11,4
B_2_29,B,2,29,shakai,社態11,4
B_2_30,B,2,30,shakai,社態11,2
C_1_1,C,1,1,shakai,社態11,2
C_1_2,C,1,2,shakai,社態11,2
C_1_3,C,1,3,shakai,社態11,3
C_1_4,C,1,4,shakai,社態11,3
C_1_5,C,1,5,shakai,社態11,3
C_1_6,C,1,6,shakai,社態11,4
C_1_7,C,1,7,shakai,社態11,3
C_1_8,C,1,8,shakai,社態11,2
C_1_9,C,1,9,shakai,社態11,3
C_1_10,C,1,10,shakai,社態11,4
C_1_11,C,1,11,shakai,社態11,3
C_1_12,C,1,12,shakai,社態11,4
C_1_13,C,1,13,shakai,社態11,4
C_1_14,C,1,14,shakai,社態11,4
C_1_15,C,1,15,shakai,社態11,4
C_1_16,C,1,16,shakai,社態11,4
C_1_17,C,1,17,shakai,社態11,1
C_1_18,C,1,18,shakai,社態11,1
C_1_19,C,1,19,shakai,社態11,1
C_1_21,C,1,21,shakai,社態11,3
C_1_22,C,1,22,shakai,社態11,3
C_1_23,C,1,23,shakai,社態11,3
C_1_24,C,1,24,shakai,社態11,4
C_1_25,C,1,25,shakai,社態11,3
C_1_26,C,1,26,shakai,社態11,3
C_1_27,C,1,27,shakai,社態11,3
C_1_28,C,1,28,shakai,社態11,4
C_1_29,C,1,29,shakai,社態11,3
C_1_30,C,1,30,shakai,社態11,4
C_2_1,C,2,1,shakai,社態11,1
C_2_3,C,2,3,shakai,社態11,1
C_2_4,C,2,4,shakai,社態11,4
C_2_5,C,2,5,shakai,社態11,3
C_2_6,C,2,6,shakai,社態11,4
C_2_7,C,2,7,shakai,社態11,3
C_2_8,C,2,8,shakai,社態11,4
C_2_10,C,2,10,shakai,社態11,2
C_2_11,C,2,11,shakai,社態11,3
C_2_12,C,2,12,shakai,社態11,4
C_2_13,C,2,13,shakai,社態11,3
C_2_14,C,2,14,shakai,社態11,4
C_2_15,C,2,15,shakai,社態11,4
C_2_16,C,2,16,shakai,社態11,3
C_2_17,C,2,17,shakai,社態11,3
C_2_18,C,2,18,shakai,社態11,4
C_2_19,C,2,19,shakai,社態11,2
C_2_20,C,2,20,shakai,社態11,4
C_2_21,C,2,21,shakai,社態11,4
C_2_22,C,2,22,shakai,社態11,2
C_2_23,C,2,23,shakai,社態11,3
C_2_24,C,2,24,shakai,社態11,3
C_2_25,C,2,25,shakai,社態11,4
C_2_26,C,2,26,shakai,社態11,3
C_2_27,C,2,27,shakai,社態11,3
C_2_29,C,2,29,shakai,社態11,4
C_2_30,C,2,30,shakai,社態11,4
C_1_1,C,1,1,shakai,社態11,3
C_1_2,C,1,2,shakai,社態11,4
C_1_3,C,1,3,shakai,社態11,4
C_1_4,C,1,4,shakai,社態11,2
C_1_5,C,1,5,shakai,社態11,3
C_1_6,C,1,6,shakai,社態11,2
C_1_7,C,1,7,shakai,社態11,3
C_1_8,C,1,8,shakai,社態11,4
C_1_9,C,1,9,shakai,社態11,4
C_1_10,C,1,10,shakai,社態11,3
C_1_11,C,1,11,shakai,社態11,3
C_1_12,C,1,12,shakai,社態11,2
D_1_13,D,1,13,shakai,社態11,3
D_1_14,D,1,14,shakai,社態11,2
D_1_15,D,1,15,shakai,社態11,4
D_1_16,D,1,16,shakai,社態11,3
D_1_17,D,1,17,shakai,社態11,3
D_1_18,D,1,18,shakai,社態11,3
D_1_19,D,1,19,shakai,社態11,2
D_1_20,D,1,20,shakai,社態11,1
D_1_21,D,1,21,shakai,社態11,2
D_1_22,D,1,22,shakai,社態11,3
D_1_23,D,1,23,shakai,社態11,3
D_1_24,D,1,24,shakai,社態11,2
D_1_25,D,1,25,shakai,社態11,3
D_1_26,D,1,26,shakai,社態11,4
D_1_27,D,1,27,shakai,社態11,4
D_1_28,D,1,28,shakai,社態11,4
D_1_29,D,1,29,shakai,社態11,2
D_1_30,D,1,30,shakai,社態11,4
D_2_1,D,2,1,shakai,社態11,2
D_2_2,D,2,2,shakai,社態11,3
D_2_3,D,2,3,shakai,社態11,3
D_2_4,D,2,4,shakai,社態11,3
D_2_5,D,2,5,shakai,社態11,2
D_2_6,D,2,6,shakai,社態11,4
D_2_7,D,2,7,shakai,社態11,3
D_2_8,D,2,8,shakai,社態11,2
D_2_9,D,2,9,shakai,社態11,4
D_2_10,D,2,10,shakai,社態11,3
D_2_11,D,2,11,shakai,社態11,4
D_2_12,D,2,12,shakai,社態11,4
D_2_13,D,2,13,shakai,社態11,3
D_2_14,D,2,14,shakai,社態11,2
D_2_15,D,2,15,shakai,社態11,4
D_2_16,D,2,16,shakai,社態11,3
D_2_17,D,2,17,shakai,社態11,3
D_2_18,D,2,18,shakai,社態11,4
D_2_19,D,2,19,shakai,社態11,2
D_2_20,D,2,20,shakai,社態11,3
D_2_21,D,2,21,shakai,社態11,2
D_2_22,D,2,22,shakai,社態11,4
D_2_23,D,2,23,shakai,社態11,4
D_2_24,D,2,24,shakai,社態11,2
D_2_25,D,2,25,shakai,社態11,2
D_2_26,D,2,26,shakai,社態11,4
D_2_27,D,2,27,shakai,社態11,3
D_2_28,D,2,28,shakai,社態11,1
D_2_29,D,2,29,shakai,社態11,3
D_2_30,D,2,30,shakai,社態11,4
A_1_1,A,1,1,shakai,社態12,4
A_1_2,A,1,2,shakai,社態12,3
A_1_3,A,1,3,shakai,社態12,3
A_1_4,A,1,4,shakai,社態12,4
A_1_5,A,1,5,shakai,社態12,3
A_1_6,A,1,6,shakai,社態12,4
A_1_7,A,1,7,shakai,社態12,4
A_1_8,A,1,8,shakai,社態12,3
A_1_9,A,1,9,shakai,社態12,2
A_1_10,A,1,10,shakai,社態12,3
A_1_11,A,1,11,shakai,社態12,4
A_1_12,A,1,12,shakai,社態12,3
A_1_13,A,1,13,shakai,社態12,3
A_1_14,A,1,14,shakai,社態12,4
A_1_15,A,1,15,shakai,社態12,3
A_1_16,A,1,16,shakai,社態12,4
A_1_17,A,1,17,shakai,社態12,4
A_1_18,A,1,18,shakai,社態12,3
A_1_19,A,1,19,shakai,社態12,4
A_1_20,A,1,20,shakai,社態12,3
A_1_21,A,1,21,shakai,社態12,4
A_1_22,A,1,22,shakai,社態12,4
A_1_23,A,1,23,shakai,社態12,3
A_1_24,A,1,24,shakai,社態12,4
A_1_25,A,1,25,shakai,社態12,4
A_1_26,A,1,26,shakai,社態12,3
A_1_27,A,1,27,shakai,社態12,4
A_1_28,A,1,28,shakai,社態12,4
A_1_29,A,1,29,shakai,社態12,4
A_1_30,A,1,30,shakai,社態12,4
A_2_1,A,2,1,shakai,社態12,4
A_2_2,A,2,2,shakai,社態12,3
A_2_3,A,2,3,shakai,社態12,4
A_2_4,A,2,4,shakai,社態12,3
A_2_5,A,2,5,shakai,社態12,4
A_2_6,A,2,6,shakai,社態12,3
A_2_7,A,2,7,shakai,社態12,4
A_2_8,A,2,8,shakai,社態12,3
A_2_9,A,2,9,shakai,社態12,2
A_2_10,A,2,10,shakai,社態12,4
A_2_11,A,2,11,shakai,社態12,4
A_2_12,A,2,12,shakai,社態12,3
A_2_13,A,2,13,shakai,社態12,4
A_2_14,A,2,14,shakai,社態12,3
A_2_15,A,2,15,shakai,社態12,3
A_2_16,A,2,16,shakai,社態12,4
A_2_17,A,2,17,shakai,社態12,3
A_2_18,A,2,18,shakai,社態12,4
A_2_19,A,2,19,shakai,社態12,3
A_2_20,A,2,20,shakai,社態12,4
A_2_21,A,2,21,shakai,社態12,4
A_2_22,A,2,22,shakai,社態12,4
A_2_23,A,2,23,shakai,社態12,4
A_2_24,A,2,24,shakai,社態12,2
A_2_25,A,2,25,shakai,社態12,3
A_2_26,A,2,26,shakai,社態12,4
A_2_27,A,2,27,shakai,社態12,3
A_2_28,A,2,28,shakai,社態12,3
A_2_29,A,2,29,shakai,社態12,4
A_2_30,A,2,30,shakai,社態12,4
B_1_1,B,1,1,shakai,社態12,3
B_1_2,B,1,2,shakai,社態12,4
B_1_3,B,1,3,shakai,社態12,3
B_1_4,B,1,4,shakai,社態12,4
B_1_5,B,1,5,shakai,社態12,3
B_1_6,B,1,6,shakai,社態12,3
B_1_7,B,1,7,shakai,社態12,3
B_1_8,B,1,8,shakai,社態12,4
B_1_9,B,1,9,shakai,社態12,3
B_1_10,B,1,10,shakai,社態12,4
B_1_11,B,1,11,shakai,社態12,4
B_1_12,B,1,12,shakai,社態12,4
B_1_13,B,1,13,shakai,社態12,4
B_1_14,B,1,14,shakai,社態12,1
B_1_15,B,1,15,shakai,社態12,4
B_1_16,B,1,16,shakai,社態12,4
B_1_17,B,1,17,shakai,社態12,3
B_1_18,B,1,18,shakai,社態12,4
B_1_19,B,1,19,shakai,社態12,2
B_1_20,B,1,20,shakai,社態12,3
B_1_21,B,1,21,shakai,社態12,3
B_1_22,B,1,22,shakai,社態12,4
B_1_23,B,1,23,shakai,社態12,3
B_1_24,B,1,24,shakai,社態12,3
B_1_25,B,1,25,shakai,社態12,3
B_1_26,B,1,26,shakai,社態12,3
B_1_27,B,1,27,shakai,社態12,2
B_1_28,B,1,28,shakai,社態12,3
B_1_29,B,1,29,shakai,社態12,3
B_1_30,B,1,30,shakai,社態12,4
B_2_1,B,2,1,shakai,社態12,4
B_2_2,B,2,2,shakai,社態12,4
B_2_3,B,2,3,shakai,社態12,4
B_2_4,B,2,4,shakai,社態12,2
B_2_5,B,2,5,shakai,社態12,4
B_2_6,B,2,6,shakai,社態12,3
B_2_7,B,2,7,shakai,社態12,4
B_2_8,B,2,8,shakai,社態12,3
B_2_9,B,2,9,shakai,社態12,3
B_2_10,B,2,10,shakai,社態12,4
B_2_11,B,2,11,shakai,社態12,3
B_2_12,B,2,12,shakai,社態12,4
B_2_13,B,2,13,shakai,社態12,4
B_2_14,B,2,14,shakai,社態12,3
B_2_15,B,2,15,shakai,社態12,3
B_2_16,B,2,16,shakai,社態12,3
B_2_17,B,2,17,shakai,社態12,3
B_2_18,B,2,18,shakai,社態12,4
B_2_19,B,2,19,shakai,社態12,2
B_2_20,B,2,20,shakai,社態12,4
B_2_21,B,2,21,shakai,社態12,4
B_2_22,B,2,22,shakai,社態12,4
B_2_23,B,2,23,shakai,社態12,3
B_2_24,B,2,24,shakai,社態12,3
B_2_25,B,2,25,shakai,社態12,4
B_2_26,B,2,26,shakai,社態12,4
B_2_27,B,2,27,shakai,社態12,4
B_2_28,B,2,28,shakai,社態12,4
B_2_29,B,2,29,shakai,社態12,4
B_2_30,B,2,30,shakai,社態12,1
C_1_1,C,1,1,shakai,社態12,2
C_1_2,C,1,2,shakai,社態12,2
C_1_3,C,1,3,shakai,社態12,3
C_1_4,C,1,4,shakai,社態12,2
C_1_5,C,1,5,shakai,社態12,2
C_1_6,C,1,6,shakai,社態12,4
C_1_7,C,1,7,shakai,社態12,3
C_1_8,C,1,8,shakai,社態12,2
C_1_9,C,1,9,shakai,社態12,4
C_1_10,C,1,10,shakai,社態12,4
C_1_11,C,1,11,shakai,社態12,2
C_1_12,C,1,12,shakai,社態12,4
C_1_13,C,1,13,shakai,社態12,4
C_1_14,C,1,14,shakai,社態12,4
C_1_15,C,1,15,shakai,社態12,4
C_1_16,C,1,16,shakai,社態12,4
C_1_17,C,1,17,shakai,社態12,2
C_1_18,C,1,18,shakai,社態12,1
C_1_19,C,1,19,shakai,社態12,2
C_1_21,C,1,21,shakai,社態12,3
C_1_22,C,1,22,shakai,社態12,1
C_1_23,C,1,23,shakai,社態12,3
C_1_24,C,1,24,shakai,社態12,4
C_1_25,C,1,25,shakai,社態12,1
C_1_26,C,1,26,shakai,社態12,2
C_1_27,C,1,27,shakai,社態12,1
C_1_28,C,1,28,shakai,社態12,4
C_1_29,C,1,29,shakai,社態12,3
C_1_30,C,1,30,shakai,社態12,2
C_2_1,C,2,1,shakai,社態12,1
C_2_3,C,2,3,shakai,社態12,0
C_2_4,C,2,4,shakai,社態12,4
C_2_5,C,2,5,shakai,社態12,3
C_2_6,C,2,6,shakai,社態12,4
C_2_7,C,2,7,shakai,社態12,3
C_2_8,C,2,8,shakai,社態12,3
C_2_10,C,2,10,shakai,社態12,2
C_2_11,C,2,11,shakai,社態12,2
C_2_12,C,2,12,shakai,社態12,4
C_2_13,C,2,13,shakai,社態12,3
C_2_14,C,2,14,shakai,社態12,4
C_2_15,C,2,15,shakai,社態12,3
C_2_16,C,2,16,shakai,社態12,1
C_2_17,C,2,17,shakai,社態12,3
C_2_18,C,2,18,shakai,社態12,4
C_2_19,C,2,19,shakai,社態12,2
C_2_20,C,2,20,shakai,社態12,4
C_2_21,C,2,21,shakai,社態12,2
C_2_22,C,2,22,shakai,社態12,2
C_2_23,C,2,23,shakai,社態12,3
C_2_24,C,2,24,shakai,社態12,3
C_2_25,C,2,25,shakai,社態12,4
C_2_26,C,2,26,shakai,社態12,4
C_2_27,C,2,27,shakai,社態12,2
C_2_29,C,2,29,shakai,社態12,3
C_2_30,C,2,30,shakai,社態12,3
C_1_1,C,1,1,shakai,社態12,3
C_1_2,C,1,2,shakai,社態12,4
C_1_3,C,1,3,shakai,社態12,4
C_1_4,C,1,4,shakai,社態12,3
C_1_5,C,1,5,shakai,社態12,3
C_1_6,C,1,6,shakai,社態12,2
C_1_7,C,1,7,shakai,社態12,4
C_1_8,C,1,8,shakai,社態12,4
C_1_9,C,1,9,shakai,社態12,3
C_1_10,C,1,10,shakai,社態12,3
C_1_11,C,1,11,shakai,社態12,4
C_1_12,C,1,12,shakai,社態12,3
D_1_13,D,1,13,shakai,社態12,1
D_1_14,D,1,14,shakai,社態12,3
D_1_15,D,1,15,shakai,社態12,3
D_1_16,D,1,16,shakai,社態12,3
D_1_17,D,1,17,shakai,社態12,3
D_1_18,D,1,18,shakai,社態12,4
D_1_19,D,1,19,shakai,社態12,2
D_1_20,D,1,20,shakai,社態12,3
D_1_21,D,1,21,shakai,社態12,2
D_1_22,D,1,22,shakai,社態12,2
D_1_23,D,1,23,shakai,社態12,3
D_1_24,D,1,24,shakai,社態12,3
D_1_25,D,1,25,shakai,社態12,2
D_1_26,D,1,26,shakai,社態12,4
D_1_27,D,1,27,shakai,社態12,4
D_1_28,D,1,28,shakai,社態12,4
D_1_29,D,1,29,shakai,社態12,2
D_1_30,D,1,30,shakai,社態12,4
D_2_1,D,2,1,shakai,社態12,2
D_2_2,D,2,2,shakai,社態12,3
D_2_3,D,2,3,shakai,社態12,3
D_2_4,D,2,4,shakai,社態12,2
D_2_5,D,2,5,shakai,社態12,3
D_2_6,D,2,6,shakai,社態12,4
D_2_7,D,2,7,shakai,社態12,3
D_2_8,D,2,8,shakai,社態12,3
D_2_9,D,2,9,shakai,社態12,3
D_2_10,D,2,10,shakai,社態12,2
D_2_11,D,2,11,shakai,社態12,3
D_2_12,D,2,12,shakai,社態12,3
D_2_13,D,2,13,shakai,社態12,4
D_2_14,D,2,14,shakai,社態12,4
D_2_15,D,2,15,shakai,社態12,4
D_2_16,D,2,16,shakai,社態12,3
D_2_17,D,2,17,shakai,社態12,2
D_2_18,D,2,18,shakai,社態12,4
D_2_19,D,2,19,shakai,社態12,2
D_2_20,D,2,20,shakai,社態12,3
D_2_21,D,2,21,shakai,社態12,2
D_2_22,D,2,22,shakai,社態12,4
D_2_23,D,2,23,shakai,社態12,4
D_2_24,D,2,24,shakai,社態12,2
D_2_25,D,2,25,shakai,社態12,2
D_2_26,D,2,26,shakai,社態12,4
D_2_27,D,2,27,shakai,社態12,3
D_2_28,D,2,28,shakai,社態12,2
D_2_29,D,2,29,shakai,社態12,2
D_2_30,D,2,30,shakai,社態12,4
A_1_1,A,1,1,sugaku,数態1,3
A_1_2,A,1,2,sugaku,数態1,3
A_1_3,A,1,3,sugaku,数態1,3
A_1_4,A,1,4,sugaku,数態1,4
A_1_5,A,1,5,sugaku,数態1,3
A_1_6,A,1,6,sugaku,数態1,4
A_1_7,A,1,7,sugaku,数態1,2
A_1_8,A,1,8,sugaku,数態1,3
A_1_9,A,1,9,sugaku,数態1,4
A_1_10,A,1,10,sugaku,数態1,3
A_1_11,A,1,11,sugaku,数態1,4
A_1_12,A,1,12,sugaku,数態1,3
A_1_13,A,1,13,sugaku,数態1,3
A_1_14,A,1,14,sugaku,数態1,3
A_1_15,A,1,15,sugaku,数態1,2
A_1_16,A,1,16,sugaku,数態1,4
A_1_17,A,1,17,sugaku,数態1,3
A_1_18,A,1,18,sugaku,数態1,4
A_1_19,A,1,19,sugaku,数態1,4
A_1_20,A,1,20,sugaku,数態1,3
A_1_21,A,1,21,sugaku,数態1,4
A_1_22,A,1,22,sugaku,数態1,3
A_1_23,A,1,23,sugaku,数態1,4
A_1_24,A,1,24,sugaku,数態1,4
A_1_25,A,1,25,sugaku,数態1,4
A_1_26,A,1,26,sugaku,数態1,3
A_1_27,A,1,27,sugaku,数態1,4
A_1_28,A,1,28,sugaku,数態1,4
A_1_29,A,1,29,sugaku,数態1,4
A_1_30,A,1,30,sugaku,数態1,3
A_2_1,A,2,1,sugaku,数態1,4
A_2_2,A,2,2,sugaku,数態1,3
A_2_3,A,2,3,sugaku,数態1,3
A_2_4,A,2,4,sugaku,数態1,4
A_2_5,A,2,5,sugaku,数態1,4
A_2_6,A,2,6,sugaku,数態1,3
A_2_7,A,2,7,sugaku,数態1,4
A_2_8,A,2,8,sugaku,数態1,4
A_2_9,A,2,9,sugaku,数態1,3
A_2_10,A,2,10,sugaku,数態1,1
A_2_11,A,2,11,sugaku,数態1,4
A_2_12,A,2,12,sugaku,数態1,2
A_2_13,A,2,13,sugaku,数態1,4
A_2_14,A,2,14,sugaku,数態1,3
A_2_15,A,2,15,sugaku,数態1,3
A_2_16,A,2,16,sugaku,数態1,4
A_2_17,A,2,17,sugaku,数態1,3
A_2_18,A,2,18,sugaku,数態1,4
A_2_19,A,2,19,sugaku,数態1,3
A_2_20,A,2,20,sugaku,数態1,3
A_2_21,A,2,21,sugaku,数態1,4
A_2_22,A,2,22,sugaku,数態1,4
A_2_23,A,2,23,sugaku,数態1,4
A_2_24,A,2,24,sugaku,数態1,4
A_2_25,A,2,25,sugaku,数態1,3
A_2_26,A,2,26,sugaku,数態1,4
A_2_27,A,2,27,sugaku,数態1,2
A_2_28,A,2,28,sugaku,数態1,3
A_2_29,A,2,29,sugaku,数態1,4
A_2_30,A,2,30,sugaku,数態1,4
B_1_1,B,1,1,sugaku,数態1,3
B_1_2,B,1,2,sugaku,数態1,2
B_1_3,B,1,3,sugaku,数態1,3
B_1_4,B,1,4,sugaku,数態1,4
B_1_5,B,1,5,sugaku,数態1,3
B_1_6,B,1,6,sugaku,数態1,3
B_1_7,B,1,7,sugaku,数態1,4
B_1_8,B,1,8,sugaku,数態1,4
B_1_9,B,1,9,sugaku,数態1,2
B_1_10,B,1,10,sugaku,数態1,2
B_1_11,B,1,11,sugaku,数態1,4
B_1_12,B,1,12,sugaku,数態1,4
B_1_13,B,1,13,sugaku,数態1,4
B_1_14,B,1,14,sugaku,数態1,2
B_1_15,B,1,15,sugaku,数態1,1
B_1_16,B,1,16,sugaku,数態1,3
B_1_17,B,1,17,sugaku,数態1,3
B_1_18,B,1,18,sugaku,数態1,4
B_1_19,B,1,19,sugaku,数態1,3
B_1_20,B,1,20,sugaku,数態1,2
B_1_21,B,1,21,sugaku,数態1,4
B_1_22,B,1,22,sugaku,数態1,3
B_1_23,B,1,23,sugaku,数態1,3
B_1_24,B,1,24,sugaku,数態1,2
B_1_25,B,1,25,sugaku,数態1,3
B_1_26,B,1,26,sugaku,数態1,3
B_1_27,B,1,27,sugaku,数態1,3
B_1_28,B,1,28,sugaku,数態1,3
B_1_29,B,1,29,sugaku,数態1,2
B_1_30,B,1,30,sugaku,数態1,4
B_2_1,B,2,1,sugaku,数態1,4
B_2_2,B,2,2,sugaku,数態1,3
B_2_3,B,2,3,sugaku,数態1,4
B_2_4,B,2,4,sugaku,数態1,4
B_2_5,B,2,5,sugaku,数態1,4
B_2_6,B,2,6,sugaku,数態1,3
B_2_7,B,2,7,sugaku,数態1,4
B_2_8,B,2,8,sugaku,数態1,3
B_2_9,B,2,9,sugaku,数態1,4
B_2_10,B,2,10,sugaku,数態1,3
B_2_11,B,2,11,sugaku,数態1,3
B_2_12,B,2,12,sugaku,数態1,4
B_2_13,B,2,13,sugaku,数態1,4
B_2_14,B,2,14,sugaku,数態1,3
B_2_15,B,2,15,sugaku,数態1,3
B_2_16,B,2,16,sugaku,数態1,3
B_2_17,B,2,17,sugaku,数態1,3
B_2_18,B,2,18,sugaku,数態1,4
B_2_19,B,2,19,sugaku,数態1,3
B_2_20,B,2,20,sugaku,数態1,4
B_2_21,B,2,21,sugaku,数態1,3
B_2_22,B,2,22,sugaku,数態1,4
B_2_23,B,2,23,sugaku,数態1,3
B_2_24,B,2,24,sugaku,数態1,4
B_2_25,B,2,25,sugaku,数態1,4
B_2_26,B,2,26,sugaku,数態1,3
B_2_27,B,2,27,sugaku,数態1,4
B_2_28,B,2,28,sugaku,数態1,4
B_2_29,B,2,29,sugaku,数態1,4
B_2_30,B,2,30,sugaku,数態1,2
C_1_1,C,1,1,sugaku,数態1,3
C_1_2,C,1,2,sugaku,数態1,3
C_1_3,C,1,3,sugaku,数態1,4
C_1_4,C,1,4,sugaku,数態1,4
C_1_5,C,1,5,sugaku,数態1,2
C_1_6,C,1,6,sugaku,数態1,4
C_1_7,C,1,7,sugaku,数態1,3
C_1_8,C,1,8,sugaku,数態1,2
C_1_9,C,1,9,sugaku,数態1,4
C_1_10,C,1,10,sugaku,数態1,4
C_1_11,C,1,11,sugaku,数態1,1
C_1_12,C,1,12,sugaku,数態1,4
C_1_13,C,1,13,sugaku,数態1,3
C_1_14,C,1,14,sugaku,数態1,4
C_1_15,C,1,15,sugaku,数態1,4
C_1_16,C,1,16,sugaku,数態1,2
C_1_17,C,1,17,sugaku,数態1,1
C_1_18,C,1,18,sugaku,数態1,1
C_1_19,C,1,19,sugaku,数態1,1
C_1_20,C,1,20,sugaku,数態1,4
C_1_21,C,1,21,sugaku,数態1,4
C_1_22,C,1,22,sugaku,数態1,2
C_1_23,C,1,23,sugaku,数態1,1
C_1_24,C,1,24,sugaku,数態1,3
C_1_25,C,1,25,sugaku,数態1,4
C_1_26,C,1,26,sugaku,数態1,2
C_1_27,C,1,27,sugaku,数態1,3
C_1_28,C,1,28,sugaku,数態1,2
C_1_29,C,1,29,sugaku,数態1,2
C_1_30,C,1,30,sugaku,数態1,2
C_2_1,C,2,1,sugaku,数態1,2
C_2_2,C,2,2,sugaku,数態1,3
C_2_3,C,2,3,sugaku,数態1,4
C_2_4,C,2,4,sugaku,数態1,4
C_2_5,C,2,5,sugaku,数態1,3
C_2_6,C,2,6,sugaku,数態1,4
C_2_7,C,2,7,sugaku,数態1,3
C_2_8,C,2,8,sugaku,数態1,4
C_2_9,C,2,9,sugaku,数態1,4
C_2_10,C,2,10,sugaku,数態1,2
C_2_11,C,2,11,sugaku,数態1,3
C_2_12,C,2,12,sugaku,数態1,4
C_2_13,C,2,13,sugaku,数態1,3
C_2_14,C,2,14,sugaku,数態1,4
C_2_15,C,2,15,sugaku,数態1,4
C_2_16,C,2,16,sugaku,数態1,2
C_2_17,C,2,17,sugaku,数態1,3
C_2_18,C,2,18,sugaku,数態1,4
C_2_19,C,2,19,sugaku,数態1,3
C_2_20,C,2,20,sugaku,数態1,2
C_2_21,C,2,21,sugaku,数態1,1
C_2_22,C,2,22,sugaku,数態1,1
C_2_23,C,2,23,sugaku,数態1,3
C_2_24,C,2,24,sugaku,数態1,3
C_2_25,C,2,25,sugaku,数態1,3
C_2_26,C,2,26,sugaku,数態1,3
C_2_27,C,2,27,sugaku,数態1,3
C_2_28,C,2,28,sugaku,数態1,3
C_2_29,C,2,29,sugaku,数態1,2
C_2_30,C,2,30,sugaku,数態1,2
C_1_1,C,1,1,sugaku,数態1,2
C_1_2,C,1,2,sugaku,数態1,4
C_1_3,C,1,3,sugaku,数態1,4
C_1_4,C,1,4,sugaku,数態1,2
C_1_5,C,1,5,sugaku,数態1,3
C_1_6,C,1,6,sugaku,数態1,1
C_1_7,C,1,7,sugaku,数態1,2
C_1_8,C,1,8,sugaku,数態1,2
C_1_9,C,1,9,sugaku,数態1,4
C_1_10,C,1,10,sugaku,数態1,2
C_1_11,C,1,11,sugaku,数態1,4
C_1_12,C,1,12,sugaku,数態1,3
D_1_13,D,1,13,sugaku,数態1,2
D_1_14,D,1,14,sugaku,数態1,3
D_1_15,D,1,15,sugaku,数態1,4
D_1_16,D,1,16,sugaku,数態1,4
D_1_17,D,1,17,sugaku,数態1,3
D_1_18,D,1,18,sugaku,数態1,2
D_1_19,D,1,19,sugaku,数態1,2
D_1_20,D,1,20,sugaku,数態1,3
D_1_21,D,1,21,sugaku,数態1,2
D_1_22,D,1,22,sugaku,数態1,2
D_1_23,D,1,23,sugaku,数態1,2
D_1_24,D,1,24,sugaku,数態1,3
D_1_25,D,1,25,sugaku,数態1,2
D_1_26,D,1,26,sugaku,数態1,3
D_1_27,D,1,27,sugaku,数態1,3
D_1_28,D,1,28,sugaku,数態1,4
D_1_29,D,1,29,sugaku,数態1,3
D_1_30,D,1,30,sugaku,数態1,4
D_2_1,D,2,1,sugaku,数態1,3
D_2_2,D,2,2,sugaku,数態1,3
D_2_3,D,2,3,sugaku,数態1,1
D_2_4,D,2,4,sugaku,数態1,3
D_2_5,D,2,5,sugaku,数態1,2
D_2_6,D,2,6,sugaku,数態1,4
D_2_7,D,2,7,sugaku,数態1,3
D_2_8,D,2,8,sugaku,数態1,3
D_2_9,D,2,9,sugaku,数態1,3
D_2_10,D,2,10,sugaku,数態1,3
D_2_11,D,2,11,sugaku,数態1,3
D_2_12,D,2,12,sugaku,数態1,3
D_2_13,D,2,13,sugaku,数態1,4
D_2_14,D,2,14,sugaku,数態1,3
D_2_15,D,2,15,sugaku,数態1,4
D_2_16,D,2,16,sugaku,数態1,3
D_2_17,D,2,17,sugaku,数態1,3
D_2_18,D,2,18,sugaku,数態1,4
D_2_19,D,2,19,sugaku,数態1,3
D_2_20,D,2,20,sugaku,数態1,4
D_2_21,D,2,21,sugaku,数態1,3
D_2_22,D,2,22,sugaku,数態1,4
D_2_23,D,2,23,sugaku,数態1,4
D_2_24,D,2,24,sugaku,数態1,4
D_2_25,D,2,25,sugaku,数態1,2
D_2_26,D,2,26,sugaku,数態1,4
D_2_27,D,2,27,sugaku,数態1,1
D_2_28,D,2,28,sugaku,数態1,1
D_2_29,D,2,29,sugaku,数態1,2
D_2_30,D,2,30,sugaku,数態1,4
A_1_1,A,1,1,sugaku,数態2,3
A_1_2,A,1,2,sugaku,数態2,2
A_1_3,A,1,3,sugaku,数態2,3
A_1_4,A,1,4,sugaku,数態2,4
A_1_5,A,1,5,sugaku,数態2,3
A_1_6,A,1,6,sugaku,数態2,4
A_1_7,A,1,7,sugaku,数態2,3
A_1_8,A,1,8,sugaku,数態2,3
A_1_9,A,1,9,sugaku,数態2,4
A_1_10,A,1,10,sugaku,数態2,3
A_1_11,A,1,11,sugaku,数態2,4
A_1_12,A,1,12,sugaku,数態2,3
A_1_13,A,1,13,sugaku,数態2,2
A_1_14,A,1,14,sugaku,数態2,3
A_1_15,A,1,15,sugaku,数態2,2
A_1_16,A,1,16,sugaku,数態2,4
A_1_17,A,1,17,sugaku,数態2,3
A_1_18,A,1,18,sugaku,数態2,4
A_1_19,A,1,19,sugaku,数態2,4
A_1_20,A,1,20,sugaku,数態2,2
A_1_21,A,1,21,sugaku,数態2,4
A_1_22,A,1,22,sugaku,数態2,2
A_1_23,A,1,23,sugaku,数態2,4
A_1_24,A,1,24,sugaku,数態2,4
A_1_25,A,1,25,sugaku,数態2,4
A_1_26,A,1,26,sugaku,数態2,3
A_1_27,A,1,27,sugaku,数態2,4
A_1_28,A,1,28,sugaku,数態2,4
A_1_29,A,1,29,sugaku,数態2,4
A_1_30,A,1,30,sugaku,数態2,3
A_2_1,A,2,1,sugaku,数態2,4
A_2_2,A,2,2,sugaku,数態2,3
A_2_3,A,2,3,sugaku,数態2,3
A_2_4,A,2,4,sugaku,数態2,4
A_2_5,A,2,5,sugaku,数態2,4
A_2_6,A,2,6,sugaku,数態2,3
A_2_7,A,2,7,sugaku,数態2,4
A_2_8,A,2,8,sugaku,数態2,4
A_2_9,A,2,9,sugaku,数態2,3
A_2_10,A,2,10,sugaku,数態2,1
A_2_11,A,2,11,sugaku,数態2,4
A_2_12,A,2,12,sugaku,数態2,3
A_2_13,A,2,13,sugaku,数態2,4
A_2_14,A,2,14,sugaku,数態2,4
A_2_15,A,2,15,sugaku,数態2,3
A_2_16,A,2,16,sugaku,数態2,4
A_2_17,A,2,17,sugaku,数態2,3
A_2_18,A,2,18,sugaku,数態2,4
A_2_19,A,2,19,sugaku,数態2,4
A_2_20,A,2,20,sugaku,数態2,4
A_2_21,A,2,21,sugaku,数態2,4
A_2_22,A,2,22,sugaku,数態2,4
A_2_23,A,2,23,sugaku,数態2,4
A_2_24,A,2,24,sugaku,数態2,3
A_2_25,A,2,25,sugaku,数態2,2
A_2_26,A,2,26,sugaku,数態2,4
A_2_27,A,2,27,sugaku,数態2,3
A_2_28,A,2,28,sugaku,数態2,3
A_2_29,A,2,29,sugaku,数態2,4
A_2_30,A,2,30,sugaku,数態2,4
B_1_1,B,1,1,sugaku,数態2,3
B_1_2,B,1,2,sugaku,数態2,2
B_1_3,B,1,3,sugaku,数態2,3
B_1_4,B,1,4,sugaku,数態2,4
B_1_5,B,1,5,sugaku,数態2,4
B_1_6,B,1,6,sugaku,数態2,3
B_1_7,B,1,7,sugaku,数態2,3
B_1_8,B,1,8,sugaku,数態2,4
B_1_9,B,1,9,sugaku,数態2,3
B_1_10,B,1,10,sugaku,数態2,3
B_1_11,B,1,11,sugaku,数態2,4
B_1_12,B,1,12,sugaku,数態2,4
B_1_13,B,1,13,sugaku,数態2,3
B_1_14,B,1,14,sugaku,数態2,2
B_1_15,B,1,15,sugaku,数態2,4
B_1_16,B,1,16,sugaku,数態2,4
B_1_17,B,1,17,sugaku,数態2,3
B_1_18,B,1,18,sugaku,数態2,4
B_1_19,B,1,19,sugaku,数態2,3
B_1_20,B,1,20,sugaku,数態2,2
B_1_21,B,1,21,sugaku,数態2,3
B_1_22,B,1,22,sugaku,数態2,4
B_1_23,B,1,23,sugaku,数態2,2
B_1_24,B,1,24,sugaku,数態2,2
B_1_25,B,1,25,sugaku,数態2,3
B_1_26,B,1,26,sugaku,数態2,3
B_1_27,B,1,27,sugaku,数態2,3
B_1_28,B,1,28,sugaku,数態2,3
B_1_29,B,1,29,sugaku,数態2,2
B_1_30,B,1,30,sugaku,数態2,4
B_2_1,B,2,1,sugaku,数態2,4
B_2_2,B,2,2,sugaku,数態2,4
B_2_3,B,2,3,sugaku,数態2,4
B_2_4,B,2,4,sugaku,数態2,4
B_2_5,B,2,5,sugaku,数態2,4
B_2_6,B,2,6,sugaku,数態2,3
B_2_7,B,2,7,sugaku,数態2,2
B_2_8,B,2,8,sugaku,数態2,3
B_2_9,B,2,9,sugaku,数態2,3
B_2_10,B,2,10,sugaku,数態2,3
B_2_11,B,2,11,sugaku,数態2,2
B_2_12,B,2,12,sugaku,数態2,4
B_2_13,B,2,13,sugaku,数態2,4
B_2_14,B,2,14,sugaku,数態2,2
B_2_15,B,2,15,sugaku,数態2,3
B_2_16,B,2,16,sugaku,数態2,3
B_2_17,B,2,17,sugaku,数態2,3
B_2_18,B,2,18,sugaku,数態2,4
B_2_19,B,2,19,sugaku,数態2,3
B_2_20,B,2,20,sugaku,数態2,3
B_2_21,B,2,21,sugaku,数態2,4
B_2_22,B,2,22,sugaku,数態2,4
B_2_23,B,2,23,sugaku,数態2,4
B_2_24,B,2,24,sugaku,数態2,4
B_2_25,B,2,25,sugaku,数態2,4
B_2_26,B,2,26,sugaku,数態2,3
B_2_27,B,2,27,sugaku,数態2,4
B_2_28,B,2,28,sugaku,数態2,4
B_2_29,B,2,29,sugaku,数態2,4
B_2_30,B,2,30,sugaku,数態2,2
C_1_1,C,1,1,sugaku,数態2,2
C_1_2,C,1,2,sugaku,数態2,3
C_1_3,C,1,3,sugaku,数態2,3
C_1_4,C,1,4,sugaku,数態2,4
C_1_5,C,1,5,sugaku,数態2,3
C_1_6,C,1,6,sugaku,数態2,4
C_1_7,C,1,7,sugaku,数態2,2
C_1_8,C,1,8,sugaku,数態2,2
C_1_9,C,1,9,sugaku,数態2,3
C_1_10,C,1,10,sugaku,数態2,4
C_1_11,C,1,11,sugaku,数態2,2
C_1_12,C,1,12,sugaku,数態2,4
C_1_13,C,1,13,sugaku,数態2,4
C_1_14,C,1,14,sugaku,数態2,4
C_1_15,C,1,15,sugaku,数態2,4
C_1_16,C,1,16,sugaku,数態2,3
C_1_17,C,1,17,sugaku,数態2,2
C_1_18,C,1,18,sugaku,数態2,1
C_1_19,C,1,19,sugaku,数態2,2
C_1_20,C,1,20,sugaku,数態2,4
C_1_21,C,1,21,sugaku,数態2,3
C_1_22,C,1,22,sugaku,数態2,3
C_1_23,C,1,23,sugaku,数態2,1
C_1_24,C,1,24,sugaku,数態2,4
C_1_25,C,1,25,sugaku,数態2,3
C_1_26,C,1,26,sugaku,数態2,3
C_1_27,C,1,27,sugaku,数態2,3
C_1_28,C,1,28,sugaku,数態2,3
C_1_29,C,1,29,sugaku,数態2,2
C_1_30,C,1,30,sugaku,数態2,3
C_2_1,C,2,1,sugaku,数態2,1
C_2_2,C,2,2,sugaku,数態2,3
C_2_3,C,2,3,sugaku,数態2,4
C_2_4,C,2,4,sugaku,数態2,3
C_2_5,C,2,5,sugaku,数態2,3
C_2_6,C,2,6,sugaku,数態2,2
C_2_7,C,2,7,sugaku,数態2,3
C_2_8,C,2,8,sugaku,数態2,3
C_2_9,C,2,9,sugaku,数態2,4
C_2_10,C,2,10,sugaku,数態2,3
C_2_11,C,2,11,sugaku,数態2,3
C_2_12,C,2,12,sugaku,数態2,4
C_2_13,C,2,13,sugaku,数態2,2
C_2_14,C,2,14,sugaku,数態2,4
C_2_15,C,2,15,sugaku,数態2,4
C_2_16,C,2,16,sugaku,数態2,3
C_2_17,C,2,17,sugaku,数態2,2
C_2_18,C,2,18,sugaku,数態2,4
C_2_19,C,2,19,sugaku,数態2,1
C_2_20,C,2,20,sugaku,数態2,3
C_2_21,C,2,21,sugaku,数態2,3
C_2_22,C,2,22,sugaku,数態2,2
C_2_23,C,2,23,sugaku,数態2,2
C_2_24,C,2,24,sugaku,数態2,3
C_2_25,C,2,25,sugaku,数態2,3
C_2_26,C,2,26,sugaku,数態2,3
C_2_27,C,2,27,sugaku,数態2,3
C_2_28,C,2,28,sugaku,数態2,3
C_2_29,C,2,29,sugaku,数態2,3
C_2_30,C,2,30,sugaku,数態2,3
C_1_1,C,1,1,sugaku,数態2,2
C_1_2,C,1,2,sugaku,数態2,4
C_1_3,C,1,3,sugaku,数態2,3
C_1_4,C,1,4,sugaku,数態2,2
C_1_5,C,1,5,sugaku,数態2,3
C_1_6,C,1,6,sugaku,数態2,2
C_1_7,C,1,7,sugaku,数態2,2
C_1_8,C,1,8,sugaku,数態2,4
C_1_9,C,1,9,sugaku,数態2,4
C_1_10,C,1,10,sugaku,数態2,3
C_1_11,C,1,11,sugaku,数態2,3
C_1_12,C,1,12,sugaku,数態2,3
D_1_13,D,1,13,sugaku,数態2,2
D_1_14,D,1,14,sugaku,数態2,2
D_1_15,D,1,15,sugaku,数態2,4
D_1_16,D,1,16,sugaku,数態2,4
D_1_17,D,1,17,sugaku,数態2,2
D_1_18,D,1,18,sugaku,数態2,3
D_1_19,D,1,19,sugaku,数態2,2
D_1_20,D,1,20,sugaku,数態2,1
D_1_21,D,1,21,sugaku,数態2,3
D_1_22,D,1,22,sugaku,数態2,3
D_1_23,D,1,23,sugaku,数態2,2
D_1_24,D,1,24,sugaku,数態2,2
D_1_25,D,1,25,sugaku,数態2,2
D_1_26,D,1,26,sugaku,数態2,3
D_1_27,D,1,27,sugaku,数態2,4
D_1_28,D,1,28,sugaku,数態2,4
D_1_29,D,1,29,sugaku,数態2,2
D_1_30,D,1,30,sugaku,数態2,4
D_2_1,D,2,1,sugaku,数態2,2
D_2_2,D,2,2,sugaku,数態2,3
D_2_3,D,2,3,sugaku,数態2,2
D_2_4,D,2,4,sugaku,数態2,3
D_2_5,D,2,5,sugaku,数態2,2
D_2_6,D,2,6,sugaku,数態2,3
D_2_7,D,2,7,sugaku,数態2,3
D_2_8,D,2,8,sugaku,数態2,2
D_2_9,D,2,9,sugaku,数態2,2
D_2_10,D,2,10,sugaku,数態2,3
D_2_11,D,2,11,sugaku,数態2,3
D_2_12,D,2,12,sugaku,数態2,3
D_2_13,D,2,13,sugaku,数態2,3
D_2_14,D,2,14,sugaku,数態2,3
D_2_15,D,2,15,sugaku,数態2,4
D_2_16,D,2,16,sugaku,数態2,3
D_2_17,D,2,17,sugaku,数態2,2
D_2_18,D,2,18,sugaku,数態2,4
D_2_19,D,2,19,sugaku,数態2,2
D_2_20,D,2,20,sugaku,数態2,4
D_2_21,D,2,21,sugaku,数態2,2
D_2_22,D,2,22,sugaku,数態2,3
D_2_23,D,2,23,sugaku,数態2,3
D_2_24,D,2,24,sugaku,数態2,3
D_2_25,D,2,25,sugaku,数態2,2
D_2_26,D,2,26,sugaku,数態2,4
D_2_27,D,2,27,sugaku,数態2,2
D_2_28,D,2,28,sugaku,数態2,2
D_2_29,D,2,29,sugaku,数態2,2
D_2_30,D,2,30,sugaku,数態2,3
A_1_1,A,1,1,sugaku,数態3,4
A_1_2,A,1,2,sugaku,数態3,3
A_1_3,A,1,3,sugaku,数態3,3
A_1_4,A,1,4,sugaku,数態3,4
A_1_5,A,1,5,sugaku,数態3,3
A_1_6,A,1,6,sugaku,数態3,4
A_1_7,A,1,7,sugaku,数態3,3
A_1_8,A,1,8,sugaku,数態3,4
A_1_9,A,1,9,sugaku,数態3,4
A_1_10,A,1,10,sugaku,数態3,3
A_1_11,A,1,11,sugaku,数態3,4
A_1_12,A,1,12,sugaku,数態3,3
A_1_13,A,1,13,sugaku,数態3,3
A_1_14,A,1,14,sugaku,数態3,3
A_1_15,A,1,15,sugaku,数態3,3
A_1_16,A,1,16,sugaku,数態3,4
A_1_17,A,1,17,sugaku,数態3,3
A_1_18,A,1,18,sugaku,数態3,4
A_1_19,A,1,19,sugaku,数態3,4
A_1_20,A,1,20,sugaku,数態3,3
A_1_21,A,1,21,sugaku,数態3,4
A_1_22,A,1,22,sugaku,数態3,4
A_1_23,A,1,23,sugaku,数態3,4
A_1_24,A,1,24,sugaku,数態3,4
A_1_25,A,1,25,sugaku,数態3,4
A_1_26,A,1,26,sugaku,数態3,3
A_1_27,A,1,27,sugaku,数態3,4
A_1_28,A,1,28,sugaku,数態3,4
A_1_29,A,1,29,sugaku,数態3,4
A_1_30,A,1,30,sugaku,数態3,3
A_2_1,A,2,1,sugaku,数態3,4
A_2_2,A,2,2,sugaku,数態3,3
A_2_3,A,2,3,sugaku,数態3,3
A_2_4,A,2,4,sugaku,数態3,3
A_2_5,A,2,5,sugaku,数態3,4
A_2_6,A,2,6,sugaku,数態3,3
A_2_7,A,2,7,sugaku,数態3,4
A_2_8,A,2,8,sugaku,数態3,4
A_2_9,A,2,9,sugaku,数態3,4
A_2_10,A,2,10,sugaku,数態3,1
A_2_11,A,2,11,sugaku,数態3,4
A_2_12,A,2,12,sugaku,数態3,3
A_2_13,A,2,13,sugaku,数態3,4
A_2_14,A,2,14,sugaku,数態3,3
A_2_15,A,2,15,sugaku,数態3,3
A_2_16,A,2,16,sugaku,数態3,4
A_2_17,A,2,17,sugaku,数態3,3
A_2_18,A,2,18,sugaku,数態3,4
A_2_19,A,2,19,sugaku,数態3,3
A_2_20,A,2,20,sugaku,数態3,4
A_2_21,A,2,21,sugaku,数態3,4
A_2_22,A,2,22,sugaku,数態3,4
A_2_23,A,2,23,sugaku,数態3,4
A_2_24,A,2,24,sugaku,数態3,3
A_2_25,A,2,25,sugaku,数態3,4
A_2_26,A,2,26,sugaku,数態3,4
A_2_27,A,2,27,sugaku,数態3,3
A_2_28,A,2,28,sugaku,数態3,3
A_2_29,A,2,29,sugaku,数態3,4
A_2_30,A,2,30,sugaku,数態3,4
B_1_1,B,1,1,sugaku,数態3,4
B_1_2,B,1,2,sugaku,数態3,3
B_1_3,B,1,3,sugaku,数態3,4
B_1_4,B,1,4,sugaku,数態3,4
B_1_5,B,1,5,sugaku,数態3,4
B_1_6,B,1,6,sugaku,数態3,3
B_1_7,B,1,7,sugaku,数態3,3
B_1_8,B,1,8,sugaku,数態3,4
B_1_9,B,1,9,sugaku,数態3,4
B_1_10,B,1,10,sugaku,数態3,3
B_1_11,B,1,11,sugaku,数態3,4
B_1_12,B,1,12,sugaku,数態3,4
B_1_13,B,1,13,sugaku,数態3,4
B_1_14,B,1,14,sugaku,数態3,2
B_1_15,B,1,15,sugaku,数態3,4
B_1_16,B,1,16,sugaku,数態3,3
B_1_17,B,1,17,sugaku,数態3,3
B_1_18,B,1,18,sugaku,数態3,4
B_1_19,B,1,19,sugaku,数態3,3
B_1_20,B,1,20,sugaku,数態3,4
B_1_21,B,1,21,sugaku,数態3,4
B_1_22,B,1,22,sugaku,数態3,4
B_1_23,B,1,23,sugaku,数態3,3
B_1_24,B,1,24,sugaku,数態3,2
B_1_25,B,1,25,sugaku,数態3,3
B_1_26,B,1,26,sugaku,数態3,3
B_1_27,B,1,27,sugaku,数態3,3
B_1_28,B,1,28,sugaku,数態3,3
B_1_29,B,1,29,sugaku,数態3,3
B_1_30,B,1,30,sugaku,数態3,4
B_2_1,B,2,1,sugaku,数態3,4
B_2_2,B,2,2,sugaku,数態3,3
B_2_3,B,2,3,sugaku,数態3,4
B_2_4,B,2,4,sugaku,数態3,4
B_2_5,B,2,5,sugaku,数態3,4
B_2_6,B,2,6,sugaku,数態3,4
B_2_7,B,2,7,sugaku,数態3,3
B_2_8,B,2,8,sugaku,数態3,3
B_2_9,B,2,9,sugaku,数態3,3
B_2_10,B,2,10,sugaku,数態3,4
B_2_11,B,2,11,sugaku,数態3,3
B_2_12,B,2,12,sugaku,数態3,4
B_2_13,B,2,13,sugaku,数態3,4
B_2_14,B,2,14,sugaku,数態3,1
B_2_15,B,2,15,sugaku,数態3,4
B_2_16,B,2,16,sugaku,数態3,4
B_2_17,B,2,17,sugaku,数態3,3
B_2_18,B,2,18,sugaku,数態3,4
B_2_19,B,2,19,sugaku,数態3,4
B_2_20,B,2,20,sugaku,数態3,4
B_2_21,B,2,21,sugaku,数態3,4
B_2_22,B,2,22,sugaku,数態3,4
B_2_23,B,2,23,sugaku,数態3,4
B_2_24,B,2,24,sugaku,数態3,4
B_2_25,B,2,25,sugaku,数態3,4
B_2_26,B,2,26,sugaku,数態3,4
B_2_27,B,2,27,sugaku,数態3,4
B_2_28,B,2,28,sugaku,数態3,4
B_2_29,B,2,29,sugaku,数態3,4
B_2_30,B,2,30,sugaku,数態3,3
C_1_1,C,1,1,sugaku,数態3,3
C_1_2,C,1,2,sugaku,数態3,4
C_1_3,C,1,3,sugaku,数態3,4
C_1_4,C,1,4,sugaku,数態3,4
C_1_5,C,1,5,sugaku,数態3,3
C_1_6,C,1,6,sugaku,数態3,4
C_1_7,C,1,7,sugaku,数態3,3
C_1_8,C,1,8,sugaku,数態3,3
C_1_9,C,1,9,sugaku,数態3,4
C_1_10,C,1,10,sugaku,数態3,4
C_1_11,C,1,11,sugaku,数態3,4
C_1_12,C,1,12,sugaku,数態3,4
C_1_13,C,1,13,sugaku,数態3,4
C_1_14,C,1,14,sugaku,数態3,4
C_1_15,C,1,15,sugaku,数態3,4
C_1_16,C,1,16,sugaku,数態3,3
C_1_17,C,1,17,sugaku,数態3,3
C_1_18,C,1,18,sugaku,数態3,3
C_1_19,C,1,19,sugaku,数態3,3
C_1_20,C,1,20,sugaku,数態3,4
C_1_21,C,1,21,sugaku,数態3,3
C_1_22,C,1,22,sugaku,数態3,4
C_1_23,C,1,23,sugaku,数態3,1
C_1_24,C,1,24,sugaku,数態3,4
C_1_25,C,1,25,sugaku,数態3,3
C_1_26,C,1,26,sugaku,数態3,2
C_1_27,C,1,27,sugaku,数態3,3
C_1_28,C,1,28,sugaku,数態3,4
C_1_29,C,1,29,sugaku,数態3,2
C_1_30,C,1,30,sugaku,数態3,3
C_2_1,C,2,1,sugaku,数態3,2
C_2_2,C,2,2,sugaku,数態3,3
C_2_3,C,2,3,sugaku,数態3,4
C_2_4,C,2,4,sugaku,数態3,2
C_2_5,C,2,5,sugaku,数態3,3
C_2_6,C,2,6,sugaku,数態3,4
C_2_7,C,2,7,sugaku,数態3,2
C_2_8,C,2,8,sugaku,数態3,3
C_2_9,C,2,9,sugaku,数態3,4
C_2_10,C,2,10,sugaku,数態3,2
C_2_11,C,2,11,sugaku,数態3,3
C_2_12,C,2,12,sugaku,数態3,4
C_2_13,C,2,13,sugaku,数態3,3
C_2_14,C,2,14,sugaku,数態3,4
C_2_15,C,2,15,sugaku,数態3,4
C_2_16,C,2,16,sugaku,数態3,3
C_2_17,C,2,17,sugaku,数態3,4
C_2_18,C,2,18,sugaku,数態3,4
C_2_19,C,2,19,sugaku,数態3,2
C_2_20,C,2,20,sugaku,数態3,3
C_2_21,C,2,21,sugaku,数態3,4
C_2_22,C,2,22,sugaku,数態3,3
C_2_23,C,2,23,sugaku,数態3,3
C_2_24,C,2,24,sugaku,数態3,4
C_2_25,C,2,25,sugaku,数態3,4
C_2_26,C,2,26,sugaku,数態3,3
C_2_27,C,2,27,sugaku,数態3,3
C_2_28,C,2,28,sugaku,数態3,2
C_2_29,C,2,29,sugaku,数態3,3
C_2_30,C,2,30,sugaku,数態3,3
C_1_1,C,1,1,sugaku,数態3,3
C_1_2,C,1,2,sugaku,数態3,4
C_1_3,C,1,3,sugaku,数態3,3
C_1_4,C,1,4,sugaku,数態3,3
C_1_5,C,1,5,sugaku,数態3,3
C_1_6,C,1,6,sugaku,数態3,3
C_1_7,C,1,7,sugaku,数態3,2
C_1_8,C,1,8,sugaku,数態3,3
C_1_9,C,1,9,sugaku,数態3,4
C_1_10,C,1,10,sugaku,数態3,3
C_1_11,C,1,11,sugaku,数態3,4
C_1_12,C,1,12,sugaku,数態3,3
D_1_13,D,1,13,sugaku,数態3,3
D_1_14,D,1,14,sugaku,数態3,3
D_1_15,D,1,15,sugaku,数態3,4
D_1_16,D,1,16,sugaku,数態3,4
D_1_17,D,1,17,sugaku,数態3,4
D_1_18,D,1,18,sugaku,数態3,3
D_1_19,D,1,19,sugaku,数態3,2
D_1_20,D,1,20,sugaku,数態3,1
D_1_21,D,1,21,sugaku,数態3,3
D_1_22,D,1,22,sugaku,数態3,3
D_1_23,D,1,23,sugaku,数態3,3
D_1_24,D,1,24,sugaku,数態3,3
D_1_25,D,1,25,sugaku,数態3,3
D_1_26,D,1,26,sugaku,数態3,3
D_1_27,D,1,27,sugaku,数態3,4
D_1_28,D,1,28,sugaku,数態3,4
D_1_29,D,1,29,sugaku,数態3,3
D_1_30,D,1,30,sugaku,数態3,4
D_2_1,D,2,1,sugaku,数態3,3
D_2_2,D,2,2,sugaku,数態3,3
D_2_3,D,2,3,sugaku,数態3,4
D_2_4,D,2,4,sugaku,数態3,3
D_2_5,D,2,5,sugaku,数態3,3
D_2_6,D,2,6,sugaku,数態3,4
D_2_7,D,2,7,sugaku,数態3,3
D_2_8,D,2,8,sugaku,数態3,3
D_2_9,D,2,9,sugaku,数態3,4
D_2_10,D,2,10,sugaku,数態3,3
D_2_11,D,2,11,sugaku,数態3,4
D_2_12,D,2,12,sugaku,数態3,3
D_2_13,D,2,13,sugaku,数態3,4
D_2_14,D,2,14,sugaku,数態3,3
D_2_15,D,2,15,sugaku,数態3,4
D_2_16,D,2,16,sugaku,数態3,3
D_2_17,D,2,17,sugaku,数態3,2
D_2_18,D,2,18,sugaku,数態3,4
D_2_19,D,2,19,sugaku,数態3,3
D_2_20,D,2,20,sugaku,数態3,4
D_2_21,D,2,21,sugaku,数態3,3
D_2_22,D,2,22,sugaku,数態3,4
D_2_23,D,2,23,sugaku,数態3,4
D_2_24,D,2,24,sugaku,数態3,2
D_2_25,D,2,25,sugaku,数態3,2
D_2_26,D,2,26,sugaku,数態3,4
D_2_27,D,2,27,sugaku,数態3,2
D_2_28,D,2,28,sugaku,数態3,1
D_2_29,D,2,29,sugaku,数態3,3
D_2_30,D,2,30,sugaku,数態3,4
A_1_1,A,1,1,sugaku,数態4,3
A_1_2,A,1,2,sugaku,数態4,3
A_1_3,A,1,3,sugaku,数態4,1
A_1_4,A,1,4,sugaku,数態4,4
A_1_5,A,1,5,sugaku,数態4,3
A_1_6,A,1,6,sugaku,数態4,4
A_1_7,A,1,7,sugaku,数態4,3
A_1_8,A,1,8,sugaku,数態4,4
A_1_9,A,1,9,sugaku,数態4,4
A_1_10,A,1,10,sugaku,数態4,3
A_1_11,A,1,11,sugaku,数態4,4
A_1_12,A,1,12,sugaku,数態4,3
A_1_13,A,1,13,sugaku,数態4,3
A_1_14,A,1,14,sugaku,数態4,3
A_1_15,A,1,15,sugaku,数態4,1
A_1_16,A,1,16,sugaku,数態4,4
A_1_17,A,1,17,sugaku,数態4,3
A_1_18,A,1,18,sugaku,数態4,3
A_1_19,A,1,19,sugaku,数態4,4
A_1_20,A,1,20,sugaku,数態4,2
A_1_21,A,1,21,sugaku,数態4,4
A_1_22,A,1,22,sugaku,数態4,3
A_1_23,A,1,23,sugaku,数態4,3
A_1_24,A,1,24,sugaku,数態4,4
A_1_25,A,1,25,sugaku,数態4,4
A_1_26,A,1,26,sugaku,数態4,3
A_1_27,A,1,27,sugaku,数態4,4
A_1_28,A,1,28,sugaku,数態4,3
A_1_29,A,1,29,sugaku,数態4,4
A_1_30,A,1,30,sugaku,数態4,3
A_2_1,A,2,1,sugaku,数態4,4
A_2_2,A,2,2,sugaku,数態4,3
A_2_3,A,2,3,sugaku,数態4,3
A_2_4,A,2,4,sugaku,数態4,4
A_2_5,A,2,5,sugaku,数態4,4
A_2_6,A,2,6,sugaku,数態4,3
A_2_7,A,2,7,sugaku,数態4,4
A_2_8,A,2,8,sugaku,数態4,4
A_2_9,A,2,9,sugaku,数態4,3
A_2_10,A,2,10,sugaku,数態4,1
A_2_11,A,2,11,sugaku,数態4,4
A_2_12,A,2,12,sugaku,数態4,2
A_2_13,A,2,13,sugaku,数態4,4
A_2_14,A,2,14,sugaku,数態4,3
A_2_15,A,2,15,sugaku,数態4,3
A_2_16,A,2,16,sugaku,数態4,4
A_2_17,A,2,17,sugaku,数態4,3
A_2_18,A,2,18,sugaku,数態4,4
A_2_19,A,2,19,sugaku,数態4,3
A_2_20,A,2,20,sugaku,数態4,3
A_2_21,A,2,21,sugaku,数態4,4
A_2_22,A,2,22,sugaku,数態4,4
A_2_23,A,2,23,sugaku,数態4,4
A_2_24,A,2,24,sugaku,数態4,3
A_2_25,A,2,25,sugaku,数態4,2
A_2_26,A,2,26,sugaku,数態4,4
A_2_27,A,2,27,sugaku,数態4,2
A_2_28,A,2,28,sugaku,数態4,3
A_2_29,A,2,29,sugaku,数態4,4
A_2_30,A,2,30,sugaku,数態4,4
B_1_1,B,1,1,sugaku,数態4,3
B_1_2,B,1,2,sugaku,数態4,3
B_1_3,B,1,3,sugaku,数態4,3
B_1_4,B,1,4,sugaku,数態4,4
B_1_5,B,1,5,sugaku,数態4,4
B_1_6,B,1,6,sugaku,数態4,3
B_1_7,B,1,7,sugaku,数態4,4
B_1_8,B,1,8,sugaku,数態4,4
B_1_9,B,1,9,sugaku,数態4,4
B_1_10,B,1,10,sugaku,数態4,3
B_1_11,B,1,11,sugaku,数態4,4
B_1_12,B,1,12,sugaku,数態4,3
B_1_13,B,1,13,sugaku,数態4,4
B_1_14,B,1,14,sugaku,数態4,2
B_1_15,B,1,15,sugaku,数態4,2
B_1_16,B,1,16,sugaku,数態4,3
B_1_17,B,1,17,sugaku,数態4,3
B_1_18,B,1,18,sugaku,数態4,4
B_1_19,B,1,19,sugaku,数態4,3
B_1_20,B,1,20,sugaku,数態4,3
B_1_21,B,1,21,sugaku,数態4,4
B_1_22,B,1,22,sugaku,数態4,2
B_1_23,B,1,23,sugaku,数態4,3
B_1_24,B,1,24,sugaku,数態4,2
B_1_25,B,1,25,sugaku,数態4,3
B_1_26,B,1,26,sugaku,数態4,2
B_1_27,B,1,27,sugaku,数態4,3
B_1_28,B,1,28,sugaku,数態4,3
B_1_29,B,1,29,sugaku,数態4,2
B_1_30,B,1,30,sugaku,数態4,4
B_2_1,B,2,1,sugaku,数態4,4
B_2_2,B,2,2,sugaku,数態4,3
B_2_3,B,2,3,sugaku,数態4,4
B_2_4,B,2,4,sugaku,数態4,3
B_2_5,B,2,5,sugaku,数態4,4
B_2_6,B,2,6,sugaku,数態4,3
B_2_7,B,2,7,sugaku,数態4,1
B_2_8,B,2,8,sugaku,数態4,3
B_2_9,B,2,9,sugaku,数態4,3
B_2_10,B,2,10,sugaku,数態4,3
B_2_11,B,2,11,sugaku,数態4,3
B_2_12,B,2,12,sugaku,数態4,4
B_2_13,B,2,13,sugaku,数態4,4
B_2_14,B,2,14,sugaku,数態4,3
B_2_15,B,2,15,sugaku,数態4,2
B_2_16,B,2,16,sugaku,数態4,3
B_2_17,B,2,17,sugaku,数態4,2
B_2_18,B,2,18,sugaku,数態4,3
B_2_19,B,2,19,sugaku,数態4,3
B_2_20,B,2,20,sugaku,数態4,3
B_2_21,B,2,21,sugaku,数態4,3
B_2_22,B,2,22,sugaku,数態4,4
B_2_23,B,2,23,sugaku,数態4,3
B_2_24,B,2,24,sugaku,数態4,4
B_2_25,B,2,25,sugaku,数態4,3
B_2_26,B,2,26,sugaku,数態4,3
B_2_27,B,2,27,sugaku,数態4,4
B_2_28,B,2,28,sugaku,数態4,4
B_2_29,B,2,29,sugaku,数態4,4
B_2_30,B,2,30,sugaku,数態4,2
C_1_1,C,1,1,sugaku,数態4,2
C_1_2,C,1,2,sugaku,数態4,3
C_1_3,C,1,3,sugaku,数態4,4
C_1_4,C,1,4,sugaku,数態4,4
C_1_5,C,1,5,sugaku,数態4,2
C_1_6,C,1,6,sugaku,数態4,4
C_1_7,C,1,7,sugaku,数態4,2
C_1_8,C,1,8,sugaku,数態4,2
C_1_9,C,1,9,sugaku,数態4,4
C_1_10,C,1,10,sugaku,数態4,4
C_1_11,C,1,11,sugaku,数態4,3
C_1_12,C,1,12,sugaku,数態4,4
C_1_13,C,1,13,sugaku,数態4,4
C_1_14,C,1,14,sugaku,数態4,4
C_1_15,C,1,15,sugaku,数態4,4
C_1_16,C,1,16,sugaku,数態4,3
C_1_17,C,1,17,sugaku,数態4,1
C_1_18,C,1,18,sugaku,数態4,1
C_1_19,C,1,19,sugaku,数態4,2
C_1_20,C,1,20,sugaku,数態4,4
C_1_21,C,1,21,sugaku,数態4,4
C_1_22,C,1,22,sugaku,数態4,3
C_1_23,C,1,23,sugaku,数態4,2
C_1_24,C,1,24,sugaku,数態4,2
C_1_25,C,1,25,sugaku,数態4,4
C_1_26,C,1,26,sugaku,数態4,2
C_1_27,C,1,27,sugaku,数態4,3
C_1_28,C,1,28,sugaku,数態4,2
C_1_29,C,1,29,sugaku,数態4,3
C_1_30,C,1,30,sugaku,数態4,3
C_2_1,C,2,1,sugaku,数態4,1
C_2_2,C,2,2,sugaku,数態4,3
C_2_3,C,2,3,sugaku,数態4,4
C_2_4,C,2,4,sugaku,数態4,1
C_2_5,C,2,5,sugaku,数態4,3
C_2_6,C,2,6,sugaku,数態4,4
C_2_7,C,2,7,sugaku,数態4,2
C_2_8,C,2,8,sugaku,数態4,3
C_2_9,C,2,9,sugaku,数態4,4
C_2_10,C,2,10,sugaku,数態4,3
C_2_11,C,2,11,sugaku,数態4,3
C_2_12,C,2,12,sugaku,数態4,4
C_2_13,C,2,13,sugaku,数態4,2
C_2_14,C,2,14,sugaku,数態4,4
C_2_15,C,2,15,sugaku,数態4,3
C_2_16,C,2,16,sugaku,数態4,2
C_2_17,C,2,17,sugaku,数態4,2
C_2_18,C,2,18,sugaku,数態4,4
C_2_19,C,2,19,sugaku,数態4,4
C_2_20,C,2,20,sugaku,数態4,3
C_2_21,C,2,21,sugaku,数態4,2
C_2_22,C,2,22,sugaku,数態4,1
C_2_23,C,2,23,sugaku,数態4,1
C_2_24,C,2,24,sugaku,数態4,3
C_2_25,C,2,25,sugaku,数態4,3
C_2_26,C,2,26,sugaku,数態4,3
C_2_27,C,2,27,sugaku,数態4,2
C_2_28,C,2,28,sugaku,数態4,3
C_2_29,C,2,29,sugaku,数態4,3
C_2_30,C,2,30,sugaku,数態4,3
C_1_1,C,1,1,sugaku,数態4,3
C_1_2,C,1,2,sugaku,数態4,4
C_1_3,C,1,3,sugaku,数態4,2
C_1_4,C,1,4,sugaku,数態4,2
C_1_5,C,1,5,sugaku,数態4,3
C_1_6,C,1,6,sugaku,数態4,1
C_1_7,C,1,7,sugaku,数態4,1
C_1_8,C,1,8,sugaku,数態4,2
C_1_9,C,1,9,sugaku,数態4,3
C_1_10,C,1,10,sugaku,数態4,2
C_1_11,C,1,11,sugaku,数態4,3
C_1_12,C,1,12,sugaku,数態4,3
D_1_13,D,1,13,sugaku,数態4,2
D_1_14,D,1,14,sugaku,数態4,2
D_1_15,D,1,15,sugaku,数態4,4
D_1_16,D,1,16,sugaku,数態4,4
D_1_17,D,1,17,sugaku,数態4,2
D_1_18,D,1,18,sugaku,数態4,1
D_1_19,D,1,19,sugaku,数態4,2
D_1_20,D,1,20,sugaku,数態4,1
D_1_21,D,1,21,sugaku,数態4,3
D_1_22,D,1,22,sugaku,数態4,1
D_1_23,D,1,23,sugaku,数態4,2
D_1_24,D,1,24,sugaku,数態4,2
D_1_25,D,1,25,sugaku,数態4,2
D_1_26,D,1,26,sugaku,数態4,3
D_1_27,D,1,27,sugaku,数態4,3
D_1_28,D,1,28,sugaku,数態4,4
D_1_29,D,1,29,sugaku,数態4,2
D_1_30,D,1,30,sugaku,数態4,3
D_2_1,D,2,1,sugaku,数態4,2
D_2_2,D,2,2,sugaku,数態4,2
D_2_3,D,2,3,sugaku,数態4,2
D_2_4,D,2,4,sugaku,数態4,2
D_2_5,D,2,5,sugaku,数態4,1
D_2_6,D,2,6,sugaku,数態4,4
D_2_7,D,2,7,sugaku,数態4,2
D_2_8,D,2,8,sugaku,数態4,3
D_2_9,D,2,9,sugaku,数態4,2
D_2_10,D,2,10,sugaku,数態4,3
D_2_11,D,2,11,sugaku,数態4,3
D_2_12,D,2,12,sugaku,数態4,3
D_2_13,D,2,13,sugaku,数態4,3
D_2_14,D,2,14,sugaku,数態4,2
D_2_15,D,2,15,sugaku,数態4,3
D_2_16,D,2,16,sugaku,数態4,3
D_2_17,D,2,17,sugaku,数態4,2
D_2_18,D,2,18,sugaku,数態4,0
D_2_19,D,2,19,sugaku,数態4,2
D_2_20,D,2,20,sugaku,数態4,3
D_2_21,D,2,21,sugaku,数態4,2
D_2_22,D,2,22,sugaku,数態4,2
D_2_23,D,2,23,sugaku,数態4,2
D_2_24,D,2,24,sugaku,数態4,2
D_2_25,D,2,25,sugaku,数態4,2
D_2_26,D,2,26,sugaku,数態4,3
D_2_27,D,2,27,sugaku,数態4,2
D_2_28,D,2,28,sugaku,数態4,2
D_2_29,D,2,29,sugaku,数態4,3
D_2_30,D,2,30,sugaku,数態4,4
A_1_1,A,1,1,sugaku,数態5,3
A_1_2,A,1,2,sugaku,数態5,3
A_1_3,A,1,3,sugaku,数態5,4
A_1_4,A,1,4,sugaku,数態5,4
A_1_5,A,1,5,sugaku,数態5,3
A_1_6,A,1,6,sugaku,数態5,4
A_1_7,A,1,7,sugaku,数態5,3
A_1_8,A,1,8,sugaku,数態5,4
A_1_9,A,1,9,sugaku,数態5,4
A_1_10,A,1,10,sugaku,数態5,3
A_1_11,A,1,11,sugaku,数態5,4
A_1_12,A,1,12,sugaku,数態5,3
A_1_13,A,1,13,sugaku,数態5,3
A_1_14,A,1,14,sugaku,数態5,3
A_1_15,A,1,15,sugaku,数態5,2
A_1_16,A,1,16,sugaku,数態5,4
A_1_17,A,1,17,sugaku,数態5,3
A_1_18,A,1,18,sugaku,数態5,4
A_1_19,A,1,19,sugaku,数態5,3
A_1_20,A,1,20,sugaku,数態5,4
A_1_21,A,1,21,sugaku,数態5,4
A_1_22,A,1,22,sugaku,数態5,4
A_1_23,A,1,23,sugaku,数態5,4
A_1_24,A,1,24,sugaku,数態5,4
A_1_25,A,1,25,sugaku,数態5,4
A_1_26,A,1,26,sugaku,数態5,3
A_1_27,A,1,27,sugaku,数態5,4
A_1_28,A,1,28,sugaku,数態5,4
A_1_29,A,1,29,sugaku,数態5,4
A_1_30,A,1,30,sugaku,数態5,3
A_2_1,A,2,1,sugaku,数態5,4
A_2_2,A,2,2,sugaku,数態5,3
A_2_3,A,2,3,sugaku,数態5,3
A_2_4,A,2,4,sugaku,数態5,4
A_2_5,A,2,5,sugaku,数態5,4
A_2_6,A,2,6,sugaku,数態5,3
A_2_7,A,2,7,sugaku,数態5,4
A_2_8,A,2,8,sugaku,数態5,4
A_2_9,A,2,9,sugaku,数態5,3
A_2_10,A,2,10,sugaku,数態5,1
A_2_11,A,2,11,sugaku,数態5,4
A_2_12,A,2,12,sugaku,数態5,1
A_2_13,A,2,13,sugaku,数態5,4
A_2_14,A,2,14,sugaku,数態5,3
A_2_15,A,2,15,sugaku,数態5,4
A_2_16,A,2,16,sugaku,数態5,2
A_2_17,A,2,17,sugaku,数態5,3
A_2_18,A,2,18,sugaku,数態5,4
A_2_19,A,2,19,sugaku,数態5,4
A_2_20,A,2,20,sugaku,数態5,4
A_2_21,A,2,21,sugaku,数態5,4
A_2_22,A,2,22,sugaku,数態5,4
A_2_23,A,2,23,sugaku,数態5,4
A_2_24,A,2,24,sugaku,数態5,3
A_2_25,A,2,25,sugaku,数態5,3
A_2_26,A,2,26,sugaku,数態5,4
A_2_27,A,2,27,sugaku,数態5,4
A_2_28,A,2,28,sugaku,数態5,2
A_2_29,A,2,29,sugaku,数態5,4
A_2_30,A,2,30,sugaku,数態5,4
B_1_1,B,1,1,sugaku,数態5,3
B_1_2,B,1,2,sugaku,数態5,2
B_1_3,B,1,3,sugaku,数態5,3
B_1_4,B,1,4,sugaku,数態5,3
B_1_5,B,1,5,sugaku,数態5,3
B_1_6,B,1,6,sugaku,数態5,3
B_1_7,B,1,7,sugaku,数態5,3
B_1_8,B,1,8,sugaku,数態5,4
B_1_9,B,1,9,sugaku,数態5,2
B_1_10,B,1,10,sugaku,数態5,2
B_1_11,B,1,11,sugaku,数態5,4
B_1_12,B,1,12,sugaku,数態5,4
B_1_13,B,1,13,sugaku,数態5,4
B_1_14,B,1,14,sugaku,数態5,2
B_1_15,B,1,15,sugaku,数態5,1
B_1_16,B,1,16,sugaku,数態5,3
B_1_17,B,1,17,sugaku,数態5,3
B_1_18,B,1,18,sugaku,数態5,4
B_1_19,B,1,19,sugaku,数態5,3
B_1_20,B,1,20,sugaku,数態5,4
B_1_21,B,1,21,sugaku,数態5,4
B_1_22,B,1,22,sugaku,数態5,4
B_1_23,B,1,23,sugaku,数態5,3
B_1_24,B,1,24,sugaku,数態5,2
B_1_25,B,1,25,sugaku,数態5,4
B_1_26,B,1,26,sugaku,数態5,3
B_1_27,B,1,27,sugaku,数態5,2
B_1_28,B,1,28,sugaku,数態5,3
B_1_29,B,1,29,sugaku,数態5,3
B_1_30,B,1,30,sugaku,数態5,4
B_2_1,B,2,1,sugaku,数態5,4
B_2_2,B,2,2,sugaku,数態5,3
B_2_3,B,2,3,sugaku,数態5,4
B_2_4,B,2,4,sugaku,数態5,4
B_2_5,B,2,5,sugaku,数態5,4
B_2_6,B,2,6,sugaku,数態5,4
B_2_7,B,2,7,sugaku,数態5,4
B_2_8,B,2,8,sugaku,数態5,3
B_2_9,B,2,9,sugaku,数態5,4
B_2_10,B,2,10,sugaku,数態5,3
B_2_11,B,2,11,sugaku,数態5,1
B_2_12,B,2,12,sugaku,数態5,4
B_2_13,B,2,13,sugaku,数態5,4
B_2_14,B,2,14,sugaku,数態5,3
B_2_15,B,2,15,sugaku,数態5,2
B_2_16,B,2,16,sugaku,数態5,3
B_2_17,B,2,17,sugaku,数態5,2
B_2_18,B,2,18,sugaku,数態5,4
B_2_19,B,2,19,sugaku,数態5,2
B_2_20,B,2,20,sugaku,数態5,4
B_2_21,B,2,21,sugaku,数態5,3
B_2_22,B,2,22,sugaku,数態5,4
B_2_23,B,2,23,sugaku,数態5,3
B_2_24,B,2,24,sugaku,数態5,4
B_2_25,B,2,25,sugaku,数態5,4
B_2_26,B,2,26,sugaku,数態5,3
B_2_27,B,2,27,sugaku,数態5,4
B_2_28,B,2,28,sugaku,数態5,4
B_2_29,B,2,29,sugaku,数態5,4
B_2_30,B,2,30,sugaku,数態5,3
C_1_1,C,1,1,sugaku,数態5,2
C_1_2,C,1,2,sugaku,数態5,2
C_1_3,C,1,3,sugaku,数態5,4
C_1_4,C,1,4,sugaku,数態5,4
C_1_5,C,1,5,sugaku,数態5,3
C_1_6,C,1,6,sugaku,数態5,4
C_1_7,C,1,7,sugaku,数態5,3
C_1_8,C,1,8,sugaku,数態5,3
C_1_9,C,1,9,sugaku,数態5,4
C_1_10,C,1,10,sugaku,数態5,4
C_1_11,C,1,11,sugaku,数態5,1
C_1_12,C,1,12,sugaku,数態5,3
C_1_13,C,1,13,sugaku,数態5,3
C_1_14,C,1,14,sugaku,数態5,4
C_1_15,C,1,15,sugaku,数態5,4
C_1_16,C,1,16,sugaku,数態5,3
C_1_17,C,1,17,sugaku,数態5,1
C_1_18,C,1,18,sugaku,数態5,1
C_1_19,C,1,19,sugaku,数態5,1
C_1_20,C,1,20,sugaku,数態5,4
C_1_21,C,1,21,sugaku,数態5,4
C_1_22,C,1,22,sugaku,数態5,1
C_1_23,C,1,23,sugaku,数態5,1
C_1_24,C,1,24,sugaku,数態5,2
C_1_25,C,1,25,sugaku,数態5,3
C_1_26,C,1,26,sugaku,数態5,2
C_1_27,C,1,27,sugaku,数態5,3
C_1_28,C,1,28,sugaku,数態5,2
C_1_29,C,1,29,sugaku,数態5,2
C_1_30,C,1,30,sugaku,数態5,4
C_2_1,C,2,1,sugaku,数態5,1
C_2_2,C,2,2,sugaku,数態5,3
C_2_3,C,2,3,sugaku,数態5,4
C_2_4,C,2,4,sugaku,数態5,4
C_2_5,C,2,5,sugaku,数態5,3
C_2_6,C,2,6,sugaku,数態5,4
C_2_7,C,2,7,sugaku,数態5,0
C_2_8,C,2,8,sugaku,数態5,4
C_2_9,C,2,9,sugaku,数態5,4
C_2_10,C,2,10,sugaku,数態5,1
C_2_11,C,2,11,sugaku,数態5,3
C_2_12,C,2,12,sugaku,数態5,4
C_2_13,C,2,13,sugaku,数態5,3
C_2_14,C,2,14,sugaku,数態5,4
C_2_15,C,2,15,sugaku,数態5,3
C_2_16,C,2,16,sugaku,数態5,1
C_2_17,C,2,17,sugaku,数態5,2
C_2_18,C,2,18,sugaku,数態5,4
C_2_19,C,2,19,sugaku,数態5,4
C_2_20,C,2,20,sugaku,数態5,3
C_2_21,C,2,21,sugaku,数態5,2
C_2_22,C,2,22,sugaku,数態5,2
C_2_23,C,2,23,sugaku,数態5,3
C_2_24,C,2,24,sugaku,数態5,3
C_2_25,C,2,25,sugaku,数態5,4
C_2_26,C,2,26,sugaku,数態5,3
C_2_27,C,2,27,sugaku,数態5,3
C_2_28,C,2,28,sugaku,数態5,3
C_2_29,C,2,29,sugaku,数態5,2
C_2_30,C,2,30,sugaku,数態5,4
C_1_1,C,1,1,sugaku,数態5,2
C_1_2,C,1,2,sugaku,数態5,4
C_1_3,C,1,3,sugaku,数態5,2
C_1_4,C,1,4,sugaku,数態5,2
C_1_5,C,1,5,sugaku,数態5,3
C_1_6,C,1,6,sugaku,数態5,1
C_1_7,C,1,7,sugaku,数態5,3
C_1_8,C,1,8,sugaku,数態5,4
C_1_9,C,1,9,sugaku,数態5,4
C_1_10,C,1,10,sugaku,数態5,3
C_1_11,C,1,11,sugaku,数態5,4
C_1_12,C,1,12,sugaku,数態5,4
D_1_13,D,1,13,sugaku,数態5,2
D_1_14,D,1,14,sugaku,数態5,2
D_1_15,D,1,15,sugaku,数態5,4
D_1_16,D,1,16,sugaku,数態5,4
D_1_17,D,1,17,sugaku,数態5,3
D_1_18,D,1,18,sugaku,数態5,2
D_1_19,D,1,19,sugaku,数態5,2
D_1_20,D,1,20,sugaku,数態5,3
D_1_21,D,1,21,sugaku,数態5,2
D_1_22,D,1,22,sugaku,数態5,3
D_1_23,D,1,23,sugaku,数態5,3
D_1_24,D,1,24,sugaku,数態5,3
D_1_25,D,1,25,sugaku,数態5,3
D_1_26,D,1,26,sugaku,数態5,3
D_1_27,D,1,27,sugaku,数態5,4
D_1_28,D,1,28,sugaku,数態5,4
D_1_29,D,1,29,sugaku,数態5,2
D_1_30,D,1,30,sugaku,数態5,4
D_2_1,D,2,1,sugaku,数態5,2
D_2_2,D,2,2,sugaku,数態5,3
D_2_3,D,2,3,sugaku,数態5,1
D_2_4,D,2,4,sugaku,数態5,3
D_2_5,D,2,5,sugaku,数態5,1
D_2_6,D,2,6,sugaku,数態5,3
D_2_7,D,2,7,sugaku,数態5,3
D_2_8,D,2,8,sugaku,数態5,3
D_2_9,D,2,9,sugaku,数態5,3
D_2_10,D,2,10,sugaku,数態5,2
D_2_11,D,2,11,sugaku,数態5,3
D_2_12,D,2,12,sugaku,数態5,3
D_2_13,D,2,13,sugaku,数態5,3
D_2_14,D,2,14,sugaku,数態5,2
D_2_15,D,2,15,sugaku,数態5,4
D_2_16,D,2,16,sugaku,数態5,3
D_2_17,D,2,17,sugaku,数態5,2
D_2_18,D,2,18,sugaku,数態5,4
D_2_19,D,2,19,sugaku,数態5,3
D_2_20,D,2,20,sugaku,数態5,4
D_2_21,D,2,21,sugaku,数態5,2
D_2_22,D,2,22,sugaku,数態5,4
D_2_23,D,2,23,sugaku,数態5,4
D_2_24,D,2,24,sugaku,数態5,2
D_2_25,D,2,25,sugaku,数態5,2
D_2_26,D,2,26,sugaku,数態5,4
D_2_27,D,2,27,sugaku,数態5,1
D_2_28,D,2,28,sugaku,数態5,2
D_2_29,D,2,29,sugaku,数態5,2
D_2_30,D,2,30,sugaku,数態5,4
A_1_1,A,1,1,sugaku,数態6,3
A_1_2,A,1,2,sugaku,数態6,2
A_1_3,A,1,3,sugaku,数態6,3
A_1_4,A,1,4,sugaku,数態6,4
A_1_5,A,1,5,sugaku,数態6,3
A_1_6,A,1,6,sugaku,数態6,4
A_1_7,A,1,7,sugaku,数態6,4
A_1_8,A,1,8,sugaku,数態6,3
A_1_9,A,1,9,sugaku,数態6,4
A_1_10,A,1,10,sugaku,数態6,3
A_1_11,A,1,11,sugaku,数態6,4
A_1_12,A,1,12,sugaku,数態6,3
A_1_13,A,1,13,sugaku,数態6,2
A_1_14,A,1,14,sugaku,数態6,2
A_1_15,A,1,15,sugaku,数態6,2
A_1_16,A,1,16,sugaku,数態6,4
A_1_17,A,1,17,sugaku,数態6,3
A_1_18,A,1,18,sugaku,数態6,4
A_1_19,A,1,19,sugaku,数態6,4
A_1_20,A,1,20,sugaku,数態6,3
A_1_21,A,1,21,sugaku,数態6,4
A_1_22,A,1,22,sugaku,数態6,3
A_1_23,A,1,23,sugaku,数態6,4
A_1_24,A,1,24,sugaku,数態6,4
A_1_25,A,1,25,sugaku,数態6,4
A_1_26,A,1,26,sugaku,数態6,3
A_1_27,A,1,27,sugaku,数態6,4
A_1_28,A,1,28,sugaku,数態6,4
A_1_29,A,1,29,sugaku,数態6,4
A_1_30,A,1,30,sugaku,数態6,3
A_2_1,A,2,1,sugaku,数態6,4
A_2_2,A,2,2,sugaku,数態6,3
A_2_3,A,2,3,sugaku,数態6,3
A_2_4,A,2,4,sugaku,数態6,3
A_2_5,A,2,5,sugaku,数態6,4
A_2_6,A,2,6,sugaku,数態6,3
A_2_7,A,2,7,sugaku,数態6,4
A_2_8,A,2,8,sugaku,数態6,4
A_2_9,A,2,9,sugaku,数態6,3
A_2_10,A,2,10,sugaku,数態6,1
A_2_11,A,2,11,sugaku,数態6,4
A_2_12,A,2,12,sugaku,数態6,2
A_2_13,A,2,13,sugaku,数態6,4
A_2_14,A,2,14,sugaku,数態6,3
A_2_15,A,2,15,sugaku,数態6,3
A_2_16,A,2,16,sugaku,数態6,4
A_2_17,A,2,17,sugaku,数態6,3
A_2_18,A,2,18,sugaku,数態6,4
A_2_19,A,2,19,sugaku,数態6,3
A_2_20,A,2,20,sugaku,数態6,3
A_2_21,A,2,21,sugaku,数態6,4
A_2_22,A,2,22,sugaku,数態6,4
A_2_23,A,2,23,sugaku,数態6,4
A_2_24,A,2,24,sugaku,数態6,3
A_2_25,A,2,25,sugaku,数態6,2
A_2_26,A,2,26,sugaku,数態6,4
A_2_27,A,2,27,sugaku,数態6,3
A_2_28,A,2,28,sugaku,数態6,3
A_2_29,A,2,29,sugaku,数態6,4
A_2_30,A,2,30,sugaku,数態6,4
B_1_1,B,1,1,sugaku,数態6,3
B_1_2,B,1,2,sugaku,数態6,2
B_1_3,B,1,3,sugaku,数態6,3
B_1_4,B,1,4,sugaku,数態6,4
B_1_5,B,1,5,sugaku,数態6,3
B_1_6,B,1,6,sugaku,数態6,3
B_1_7,B,1,7,sugaku,数態6,2
B_1_8,B,1,8,sugaku,数態6,2
B_1_9,B,1,9,sugaku,数態6,3
B_1_10,B,1,10,sugaku,数態6,3
B_1_11,B,1,11,sugaku,数態6,4
B_1_12,B,1,12,sugaku,数態6,3
B_1_13,B,1,13,sugaku,数態6,3
B_1_14,B,1,14,sugaku,数態6,2
B_1_15,B,1,15,sugaku,数態6,3
B_1_16,B,1,16,sugaku,数態6,4
B_1_17,B,1,17,sugaku,数態6,3
B_1_18,B,1,18,sugaku,数態6,4
B_1_19,B,1,19,sugaku,数態6,3
B_1_20,B,1,20,sugaku,数態6,2
B_1_21,B,1,21,sugaku,数態6,3
B_1_22,B,1,22,sugaku,数態6,4
B_1_23,B,1,23,sugaku,数態6,2
B_1_24,B,1,24,sugaku,数態6,2
B_1_25,B,1,25,sugaku,数態6,3
B_1_26,B,1,26,sugaku,数態6,3
B_1_27,B,1,27,sugaku,数態6,3
B_1_28,B,1,28,sugaku,数態6,3
B_1_29,B,1,29,sugaku,数態6,2
B_1_30,B,1,30,sugaku,数態6,4
B_2_1,B,2,1,sugaku,数態6,4
B_2_2,B,2,2,sugaku,数態6,3
B_2_3,B,2,3,sugaku,数態6,4
B_2_4,B,2,4,sugaku,数態6,4
B_2_5,B,2,5,sugaku,数態6,4
B_2_6,B,2,6,sugaku,数態6,3
B_2_7,B,2,7,sugaku,数態6,4
B_2_8,B,2,8,sugaku,数態6,3
B_2_9,B,2,9,sugaku,数態6,4
B_2_10,B,2,10,sugaku,数態6,3
B_2_11,B,2,11,sugaku,数態6,2
B_2_12,B,2,12,sugaku,数態6,3
B_2_13,B,2,13,sugaku,数態6,4
B_2_14,B,2,14,sugaku,数態6,3
B_2_15,B,2,15,sugaku,数態6,3
B_2_16,B,2,16,sugaku,数態6,3
B_2_17,B,2,17,sugaku,数態6,2
B_2_18,B,2,18,sugaku,数態6,4
B_2_19,B,2,19,sugaku,数態6,3
B_2_20,B,2,20,sugaku,数態6,3
B_2_21,B,2,21,sugaku,数態6,2
B_2_22,B,2,22,sugaku,数態6,4
B_2_23,B,2,23,sugaku,数態6,4
B_2_24,B,2,24,sugaku,数態6,4
B_2_25,B,2,25,sugaku,数態6,4
B_2_26,B,2,26,sugaku,数態6,3
B_2_27,B,2,27,sugaku,数態6,4
B_2_28,B,2,28,sugaku,数態6,4
B_2_29,B,2,29,sugaku,数態6,3
B_2_30,B,2,30,sugaku,数態6,1
C_1_1,C,1,1,sugaku,数態6,3
C_1_2,C,1,2,sugaku,数態6,2
C_1_3,C,1,3,sugaku,数態6,3
C_1_4,C,1,4,sugaku,数態6,3
C_1_5,C,1,5,sugaku,数態6,3
C_1_6,C,1,6,sugaku,数態6,4
C_1_7,C,1,7,sugaku,数態6,2
C_1_8,C,1,8,sugaku,数態6,2
C_1_9,C,1,9,sugaku,数態6,3
C_1_10,C,1,10,sugaku,数態6,4
C_1_11,C,1,11,sugaku,数態6,2
C_1_12,C,1,12,sugaku,数態6,3
C_1_13,C,1,13,sugaku,数態6,4
C_1_14,C,1,14,sugaku,数態6,4
C_1_15,C,1,15,sugaku,数態6,4
C_1_16,C,1,16,sugaku,数態6,3
C_1_17,C,1,17,sugaku,数態6,1
C_1_18,C,1,18,sugaku,数態6,1
C_1_19,C,1,19,sugaku,数態6,2
C_1_20,C,1,20,sugaku,数態6,4
C_1_21,C,1,21,sugaku,数態6,3
C_1_22,C,1,22,sugaku,数態6,1
C_1_23,C,1,23,sugaku,数態6,1
C_1_24,C,1,24,sugaku,数態6,3
C_1_25,C,1,25,sugaku,数態6,2
C_1_26,C,1,26,sugaku,数態6,3
C_1_27,C,1,27,sugaku,数態6,4
C_1_28,C,1,28,sugaku,数態6,4
C_1_29,C,1,29,sugaku,数態6,2
C_1_30,C,1,30,sugaku,数態6,3
C_2_1,C,2,1,sugaku,数態6,1
C_2_2,C,2,2,sugaku,数態6,3
C_2_3,C,2,3,sugaku,数態6,4
C_2_4,C,2,4,sugaku,数態6,3
C_2_5,C,2,5,sugaku,数態6,2
C_2_6,C,2,6,sugaku,数態6,2
C_2_7,C,2,7,sugaku,数態6,3
C_2_8,C,2,8,sugaku,数態6,2
C_2_9,C,2,9,sugaku,数態6,4
C_2_10,C,2,10,sugaku,数態6,3
C_2_11,C,2,11,sugaku,数態6,3
C_2_12,C,2,12,sugaku,数態6,4
C_2_13,C,2,13,sugaku,数態6,1
C_2_14,C,2,14,sugaku,数態6,4
C_2_15,C,2,15,sugaku,数態6,3
C_2_16,C,2,16,sugaku,数態6,1
C_2_17,C,2,17,sugaku,数態6,3
C_2_18,C,2,18,sugaku,数態6,4
C_2_19,C,2,19,sugaku,数態6,2
C_2_20,C,2,20,sugaku,数態6,3
C_2_21,C,2,21,sugaku,数態6,3
C_2_22,C,2,22,sugaku,数態6,2
C_2_23,C,2,23,sugaku,数態6,3
C_2_24,C,2,24,sugaku,数態6,3
C_2_25,C,2,25,sugaku,数態6,2
C_2_26,C,2,26,sugaku,数態6,4
C_2_27,C,2,27,sugaku,数態6,2
C_2_28,C,2,28,sugaku,数態6,2
C_2_29,C,2,29,sugaku,数態6,4
C_2_30,C,2,30,sugaku,数態6,2
C_1_1,C,1,1,sugaku,数態6,3
C_1_2,C,1,2,sugaku,数態6,3
C_1_3,C,1,3,sugaku,数態6,4
C_1_4,C,1,4,sugaku,数態6,3
C_1_5,C,1,5,sugaku,数態6,3
C_1_6,C,1,6,sugaku,数態6,2
C_1_7,C,1,7,sugaku,数態6,1
C_1_8,C,1,8,sugaku,数態6,4
C_1_9,C,1,9,sugaku,数態6,4
C_1_10,C,1,10,sugaku,数態6,3
C_1_11,C,1,11,sugaku,数態6,2
C_1_12,C,1,12,sugaku,数態6,3
D_1_13,D,1,13,sugaku,数態6,2
D_1_14,D,1,14,sugaku,数態6,2
D_1_15,D,1,15,sugaku,数態6,4
D_1_16,D,1,16,sugaku,数態6,3
D_1_17,D,1,17,sugaku,数態6,2
D_1_18,D,1,18,sugaku,数態6,1
D_1_19,D,1,19,sugaku,数態6,2
D_1_20,D,1,20,sugaku,数態6,1
D_1_21,D,1,21,sugaku,数態6,3
D_1_22,D,1,22,sugaku,数態6,2
D_1_23,D,1,23,sugaku,数態6,3
D_1_24,D,1,24,sugaku,数態6,2
D_1_25,D,1,25,sugaku,数態6,2
D_1_26,D,1,26,sugaku,数態6,2
D_1_27,D,1,27,sugaku,数態6,2
D_1_28,D,1,28,sugaku,数態6,4
D_1_29,D,1,29,sugaku,数態6,3
D_1_30,D,1,30,sugaku,数態6,4
D_2_1,D,2,1,sugaku,数態6,2
D_2_2,D,2,2,sugaku,数態6,2
D_2_3,D,2,3,sugaku,数態6,2
D_2_4,D,2,4,sugaku,数態6,2
D_2_5,D,2,5,sugaku,数態6,1
D_2_6,D,2,6,sugaku,数態6,4
D_2_7,D,2,7,sugaku,数態6,2
D_2_8,D,2,8,sugaku,数態6,2
D_2_9,D,2,9,sugaku,数態6,2
D_2_10,D,2,10,sugaku,数態6,2
D_2_11,D,2,11,sugaku,数態6,3
D_2_12,D,2,12,sugaku,数態6,3
D_2_13,D,2,13,sugaku,数態6,3
D_2_14,D,2,14,sugaku,数態6,3
D_2_15,D,2,15,sugaku,数態6,3
D_2_16,D,2,16,sugaku,数態6,3
D_2_17,D,2,17,sugaku,数態6,2
D_2_18,D,2,18,sugaku,数態6,4
D_2_19,D,2,19,sugaku,数態6,3
D_2_20,D,2,20,sugaku,数態6,3
D_2_21,D,2,21,sugaku,数態6,2
D_2_22,D,2,22,sugaku,数態6,3
D_2_23,D,2,23,sugaku,数態6,3
D_2_24,D,2,24,sugaku,数態6,2
D_2_25,D,2,25,sugaku,数態6,2
D_2_26,D,2,26,sugaku,数態6,4
D_2_27,D,2,27,sugaku,数態6,1
D_2_28,D,2,28,sugaku,数態6,1
D_2_29,D,2,29,sugaku,数態6,2
D_2_30,D,2,30,sugaku,数態6,2
A_1_1,A,1,1,sugaku,数態7,3
A_1_2,A,1,2,sugaku,数態7,3
A_1_3,A,1,3,sugaku,数態7,2
A_1_4,A,1,4,sugaku,数態7,4
A_1_5,A,1,5,sugaku,数態7,2
A_1_6,A,1,6,sugaku,数態7,4
A_1_7,A,1,7,sugaku,数態7,3
A_1_8,A,1,8,sugaku,数態7,3
A_1_9,A,1,9,sugaku,数態7,4
A_1_10,A,1,10,sugaku,数態7,3
A_1_11,A,1,11,sugaku,数態7,4
A_1_12,A,1,12,sugaku,数態7,3
A_1_13,A,1,13,sugaku,数態7,2
A_1_14,A,1,14,sugaku,数態7,3
A_1_15,A,1,15,sugaku,数態7,1
A_1_16,A,1,16,sugaku,数態7,4
A_1_17,A,1,17,sugaku,数態7,3
A_1_18,A,1,18,sugaku,数態7,4
A_1_19,A,1,19,sugaku,数態7,3
A_1_20,A,1,20,sugaku,数態7,2
A_1_21,A,1,21,sugaku,数態7,4
A_1_22,A,1,22,sugaku,数態7,2
A_1_23,A,1,23,sugaku,数態7,4
A_1_24,A,1,24,sugaku,数態7,4
A_1_25,A,1,25,sugaku,数態7,3
A_1_26,A,1,26,sugaku,数態7,3
A_1_27,A,1,27,sugaku,数態7,4
A_1_28,A,1,28,sugaku,数態7,2
A_1_29,A,1,29,sugaku,数態7,4
A_1_30,A,1,30,sugaku,数態7,3
A_2_1,A,2,1,sugaku,数態7,4
A_2_2,A,2,2,sugaku,数態7,3
A_2_3,A,2,3,sugaku,数態7,3
A_2_4,A,2,4,sugaku,数態7,4
A_2_5,A,2,5,sugaku,数態7,4
A_2_6,A,2,6,sugaku,数態7,3
A_2_7,A,2,7,sugaku,数態7,4
A_2_8,A,2,8,sugaku,数態7,4
A_2_9,A,2,9,sugaku,数態7,3
A_2_10,A,2,10,sugaku,数態7,1
A_2_11,A,2,11,sugaku,数態7,4
A_2_12,A,2,12,sugaku,数態7,2
A_2_13,A,2,13,sugaku,数態7,4
A_2_14,A,2,14,sugaku,数態7,3
A_2_15,A,2,15,sugaku,数態7,2
A_2_16,A,2,16,sugaku,数態7,2
A_2_17,A,2,17,sugaku,数態7,3
A_2_18,A,2,18,sugaku,数態7,4
A_2_19,A,2,19,sugaku,数態7,3
A_2_20,A,2,20,sugaku,数態7,3
A_2_21,A,2,21,sugaku,数態7,4
A_2_22,A,2,22,sugaku,数態7,4
A_2_23,A,2,23,sugaku,数態7,4
A_2_24,A,2,24,sugaku,数態7,3
A_2_25,A,2,25,sugaku,数態7,2
A_2_26,A,2,26,sugaku,数態7,4
A_2_27,A,2,27,sugaku,数態7,1
A_2_28,A,2,28,sugaku,数態7,2
A_2_29,A,2,29,sugaku,数態7,4
A_2_30,A,2,30,sugaku,数態7,4
B_1_1,B,1,1,sugaku,数態7,4
B_1_2,B,1,2,sugaku,数態7,3
B_1_3,B,1,3,sugaku,数態7,3
B_1_4,B,1,4,sugaku,数態7,4
B_1_5,B,1,5,sugaku,数態7,4
B_1_6,B,1,6,sugaku,数態7,3
B_1_7,B,1,7,sugaku,数態7,4
B_1_8,B,1,8,sugaku,数態7,4
B_1_9,B,1,9,sugaku,数態7,4
B_1_10,B,1,10,sugaku,数態7,3
B_1_11,B,1,11,sugaku,数態7,4
B_1_12,B,1,12,sugaku,数態7,4
B_1_13,B,1,13,sugaku,数態7,4
B_1_14,B,1,14,sugaku,数態7,2
B_1_15,B,1,15,sugaku,数態7,4
B_1_16,B,1,16,sugaku,数態7,4
B_1_17,B,1,17,sugaku,数態7,3
B_1_18,B,1,18,sugaku,数態7,4
B_1_19,B,1,19,sugaku,数態7,3
B_1_20,B,1,20,sugaku,数態7,3
B_1_21,B,1,21,sugaku,数態7,4
B_1_22,B,1,22,sugaku,数態7,4
B_1_23,B,1,23,sugaku,数態7,3
B_1_24,B,1,24,sugaku,数態7,2
B_1_25,B,1,25,sugaku,数態7,2
B_1_26,B,1,26,sugaku,数態7,2
B_1_27,B,1,27,sugaku,数態7,3
B_1_28,B,1,28,sugaku,数態7,3
B_1_29,B,1,29,sugaku,数態7,2
B_1_30,B,1,30,sugaku,数態7,2
B_2_1,B,2,1,sugaku,数態7,3
B_2_2,B,2,2,sugaku,数態7,3
B_2_3,B,2,3,sugaku,数態7,2
B_2_4,B,2,4,sugaku,数態7,2
B_2_5,B,2,5,sugaku,数態7,4
B_2_6,B,2,6,sugaku,数態7,2
B_2_7,B,2,7,sugaku,数態7,3
B_2_8,B,2,8,sugaku,数態7,3
B_2_9,B,2,9,sugaku,数態7,3
B_2_10,B,2,10,sugaku,数態7,3
B_2_11,B,2,11,sugaku,数態7,3
B_2_12,B,2,12,sugaku,数態7,4
B_2_13,B,2,13,sugaku,数態7,3
B_2_14,B,2,14,sugaku,数態7,2
B_2_15,B,2,15,sugaku,数態7,4
B_2_16,B,2,16,sugaku,数態7,2
B_2_17,B,2,17,sugaku,数態7,2
B_2_18,B,2,18,sugaku,数態7,4
B_2_19,B,2,19,sugaku,数態7,4
B_2_20,B,2,20,sugaku,数態7,3
B_2_21,B,2,21,sugaku,数態7,2
B_2_22,B,2,22,sugaku,数態7,4
B_2_23,B,2,23,sugaku,数態7,4
B_2_24,B,2,24,sugaku,数態7,3
B_2_25,B,2,25,sugaku,数態7,4
B_2_26,B,2,26,sugaku,数態7,3
B_2_27,B,2,27,sugaku,数態7,2
B_2_28,B,2,28,sugaku,数態7,4
B_2_29,B,2,29,sugaku,数態7,2
B_2_30,B,2,30,sugaku,数態7,2
C_1_1,C,1,1,sugaku,数態7,2
C_1_2,C,1,2,sugaku,数態7,3
C_1_3,C,1,3,sugaku,数態7,4
C_1_4,C,1,4,sugaku,数態7,3
C_1_5,C,1,5,sugaku,数態7,3
C_1_6,C,1,6,sugaku,数態7,3
C_1_7,C,1,7,sugaku,数態7,4
C_1_8,C,1,8,sugaku,数態7,2
C_1_9,C,1,9,sugaku,数態7,4
C_1_10,C,1,10,sugaku,数態7,4
C_1_11,C,1,11,sugaku,数態7,3
C_1_12,C,1,12,sugaku,数態7,4
C_1_13,C,1,13,sugaku,数態7,4
C_1_14,C,1,14,sugaku,数態7,4
C_1_15,C,1,15,sugaku,数態7,4
C_1_16,C,1,16,sugaku,数態7,4
C_1_17,C,1,17,sugaku,数態7,2
C_1_18,C,1,18,sugaku,数態7,1
C_1_19,C,1,19,sugaku,数態7,3
C_1_20,C,1,20,sugaku,数態7,4
C_1_21,C,1,21,sugaku,数態7,3
C_1_22,C,1,22,sugaku,数態7,4
C_1_23,C,1,23,sugaku,数態7,1
C_1_24,C,1,24,sugaku,数態7,4
C_1_25,C,1,25,sugaku,数態7,3
C_1_26,C,1,26,sugaku,数態7,3
C_1_27,C,1,27,sugaku,数態7,3
C_1_28,C,1,28,sugaku,数態7,4
C_1_29,C,1,29,sugaku,数態7,2
C_1_30,C,1,30,sugaku,数態7,3
C_2_1,C,2,1,sugaku,数態7,2
C_2_2,C,2,2,sugaku,数態7,3
C_2_3,C,2,3,sugaku,数態7,4
C_2_4,C,2,4,sugaku,数態7,2
C_2_5,C,2,5,sugaku,数態7,3
C_2_6,C,2,6,sugaku,数態7,4
C_2_7,C,2,7,sugaku,数態7,3
C_2_8,C,2,8,sugaku,数態7,3
C_2_9,C,2,9,sugaku,数態7,4
C_2_10,C,2,10,sugaku,数態7,1
C_2_11,C,2,11,sugaku,数態7,2
C_2_12,C,2,12,sugaku,数態7,4
C_2_13,C,2,13,sugaku,数態7,3
C_2_14,C,2,14,sugaku,数態7,4
C_2_15,C,2,15,sugaku,数態7,4
C_2_16,C,2,16,sugaku,数態7,4
C_2_17,C,2,17,sugaku,数態7,3
C_2_18,C,2,18,sugaku,数態7,4
C_2_19,C,2,19,sugaku,数態7,3
C_2_20,C,2,20,sugaku,数態7,3
C_2_21,C,2,21,sugaku,数態7,3
C_2_22,C,2,22,sugaku,数態7,2
C_2_23,C,2,23,sugaku,数態7,2
C_2_24,C,2,24,sugaku,数態7,4
C_2_25,C,2,25,sugaku,数態7,4
C_2_26,C,2,26,sugaku,数態7,4
C_2_27,C,2,27,sugaku,数態7,3
C_2_28,C,2,28,sugaku,数態7,3
C_2_29,C,2,29,sugaku,数態7,4
C_2_30,C,2,30,sugaku,数態7,3
C_1_1,C,1,1,sugaku,数態7,2
C_1_2,C,1,2,sugaku,数態7,4
C_1_3,C,1,3,sugaku,数態7,3
C_1_4,C,1,4,sugaku,数態7,2
C_1_5,C,1,5,sugaku,数態7,3
C_1_6,C,1,6,sugaku,数態7,3
C_1_7,C,1,7,sugaku,数態7,1
C_1_8,C,1,8,sugaku,数態7,3
C_1_9,C,1,9,sugaku,数態7,4
C_1_10,C,1,10,sugaku,数態7,3
C_1_11,C,1,11,sugaku,数態7,4
C_1_12,C,1,12,sugaku,数態7,3
D_1_13,D,1,13,sugaku,数態7,3
D_1_14,D,1,14,sugaku,数態7,2
D_1_15,D,1,15,sugaku,数態7,4
D_1_16,D,1,16,sugaku,数態7,4
D_1_17,D,1,17,sugaku,数態7,2
D_1_18,D,1,18,sugaku,数態7,4
D_1_19,D,1,19,sugaku,数態7,2
D_1_20,D,1,20,sugaku,数態7,1
D_1_21,D,1,21,sugaku,数態7,3
D_1_22,D,1,22,sugaku,数態7,1
D_1_23,D,1,23,sugaku,数態7,2
D_1_24,D,1,24,sugaku,数態7,2
D_1_25,D,1,25,sugaku,数態7,2
D_1_26,D,1,26,sugaku,数態7,2
D_1_27,D,1,27,sugaku,数態7,2
D_1_28,D,1,28,sugaku,数態7,4
D_1_29,D,1,29,sugaku,数態7,2
D_1_30,D,1,30,sugaku,数態7,4
D_2_1,D,2,1,sugaku,数態7,2
D_2_2,D,2,2,sugaku,数態7,2
D_2_3,D,2,3,sugaku,数態7,3
D_2_4,D,2,4,sugaku,数態7,3
D_2_5,D,2,5,sugaku,数態7,2
D_2_6,D,2,6,sugaku,数態7,4
D_2_7,D,2,7,sugaku,数態7,3
D_2_8,D,2,8,sugaku,数態7,0
D_2_9,D,2,9,sugaku,数態7,2
D_2_10,D,2,10,sugaku,数態7,1
D_2_11,D,2,11,sugaku,数態7,3
D_2_12,D,2,12,sugaku,数態7,3
D_2_13,D,2,13,sugaku,数態7,4
D_2_14,D,2,14,sugaku,数態7,3
D_2_15,D,2,15,sugaku,数態7,4
D_2_16,D,2,16,sugaku,数態7,3
D_2_17,D,2,17,sugaku,数態7,2
D_2_18,D,2,18,sugaku,数態7,4
D_2_19,D,2,19,sugaku,数態7,2
D_2_20,D,2,20,sugaku,数態7,3
D_2_21,D,2,21,sugaku,数態7,1
D_2_22,D,2,22,sugaku,数態7,3
D_2_23,D,2,23,sugaku,数態7,3
D_2_24,D,2,24,sugaku,数態7,1
D_2_25,D,2,25,sugaku,数態7,3
D_2_26,D,2,26,sugaku,数態7,3
D_2_27,D,2,27,sugaku,数態7,1
D_2_28,D,2,28,sugaku,数態7,2
D_2_29,D,2,29,sugaku,数態7,3
D_2_30,D,2,30,sugaku,数態7,4
A_1_1,A,1,1,sugaku,数態8,4
A_1_2,A,1,2,sugaku,数態8,3
A_1_3,A,1,3,sugaku,数態8,4
A_1_4,A,1,4,sugaku,数態8,4
A_1_5,A,1,5,sugaku,数態8,4
A_1_6,A,1,6,sugaku,数態8,4
A_1_7,A,1,7,sugaku,数態8,4
A_1_8,A,1,8,sugaku,数態8,4
A_1_9,A,1,9,sugaku,数態8,4
A_1_10,A,1,10,sugaku,数態8,3
A_1_11,A,1,11,sugaku,数態8,4
A_1_12,A,1,12,sugaku,数態8,4
A_1_13,A,1,13,sugaku,数態8,3
A_1_14,A,1,14,sugaku,数態8,3
A_1_15,A,1,15,sugaku,数態8,1
A_1_16,A,1,16,sugaku,数態8,4
A_1_17,A,1,17,sugaku,数態8,3
A_1_18,A,1,18,sugaku,数態8,4
A_1_19,A,1,19,sugaku,数態8,4
A_1_20,A,1,20,sugaku,数態8,4
A_1_21,A,1,21,sugaku,数態8,0
A_1_22,A,1,22,sugaku,数態8,3
A_1_23,A,1,23,sugaku,数態8,4
A_1_24,A,1,24,sugaku,数態8,4
A_1_25,A,1,25,sugaku,数態8,4
A_1_26,A,1,26,sugaku,数態8,3
A_1_27,A,1,27,sugaku,数態8,4
A_1_28,A,1,28,sugaku,数態8,4
A_1_29,A,1,29,sugaku,数態8,4
A_1_30,A,1,30,sugaku,数態8,3
A_2_1,A,2,1,sugaku,数態8,4
A_2_2,A,2,2,sugaku,数態8,3
A_2_3,A,2,3,sugaku,数態8,4
A_2_4,A,2,4,sugaku,数態8,3
A_2_5,A,2,5,sugaku,数態8,4
A_2_6,A,2,6,sugaku,数態8,4
A_2_7,A,2,7,sugaku,数態8,4
A_2_8,A,2,8,sugaku,数態8,4
A_2_9,A,2,9,sugaku,数態8,4
A_2_10,A,2,10,sugaku,数態8,1
A_2_11,A,2,11,sugaku,数態8,4
A_2_12,A,2,12,sugaku,数態8,3
A_2_13,A,2,13,sugaku,数態8,4
A_2_14,A,2,14,sugaku,数態8,4
A_2_15,A,2,15,sugaku,数態8,4
A_2_16,A,2,16,sugaku,数態8,4
A_2_17,A,2,17,sugaku,数態8,4
A_2_18,A,2,18,sugaku,数態8,4
A_2_19,A,2,19,sugaku,数態8,4
A_2_20,A,2,20,sugaku,数態8,4
A_2_21,A,2,21,sugaku,数態8,4
A_2_22,A,2,22,sugaku,数態8,4
A_2_23,A,2,23,sugaku,数態8,4
A_2_24,A,2,24,sugaku,数態8,3
A_2_25,A,2,25,sugaku,数態8,4
A_2_26,A,2,26,sugaku,数態8,4
A_2_27,A,2,27,sugaku,数態8,4
A_2_28,A,2,28,sugaku,数態8,4
A_2_29,A,2,29,sugaku,数態8,4
A_2_30,A,2,30,sugaku,数態8,4
B_1_1,B,1,1,sugaku,数態8,4
B_1_2,B,1,2,sugaku,数態8,3
B_1_3,B,1,3,sugaku,数態8,3
B_1_4,B,1,4,sugaku,数態8,4
B_1_5,B,1,5,sugaku,数態8,4
B_1_6,B,1,6,sugaku,数態8,3
B_1_7,B,1,7,sugaku,数態8,3
B_1_8,B,1,8,sugaku,数態8,4
B_1_9,B,1,9,sugaku,数態8,4
B_1_10,B,1,10,sugaku,数態8,2
B_1_11,B,1,11,sugaku,数態8,4
B_1_12,B,1,12,sugaku,数態8,4
B_1_13,B,1,13,sugaku,数態8,4
B_1_14,B,1,14,sugaku,数態8,2
B_1_15,B,1,15,sugaku,数態8,2
B_1_16,B,1,16,sugaku,数態8,4
B_1_17,B,1,17,sugaku,数態8,3
B_1_18,B,1,18,sugaku,数態8,4
B_1_19,B,1,19,sugaku,数態8,4
B_1_20,B,1,20,sugaku,数態8,3
B_1_21,B,1,21,sugaku,数態8,4
B_1_22,B,1,22,sugaku,数態8,4
B_1_23,B,1,23,sugaku,数態8,3
B_1_24,B,1,24,sugaku,数態8,2
B_1_25,B,1,25,sugaku,数態8,3
B_1_26,B,1,26,sugaku,数態8,3
B_1_27,B,1,27,sugaku,数態8,3
B_1_28,B,1,28,sugaku,数態8,3
B_1_29,B,1,29,sugaku,数態8,4
B_1_30,B,1,30,sugaku,数態8,4
B_2_1,B,2,1,sugaku,数態8,3
B_2_2,B,2,2,sugaku,数態8,3
B_2_3,B,2,3,sugaku,数態8,4
B_2_4,B,2,4,sugaku,数態8,4
B_2_5,B,2,5,sugaku,数態8,4
B_2_6,B,2,6,sugaku,数態8,4
B_2_7,B,2,7,sugaku,数態8,4
B_2_8,B,2,8,sugaku,数態8,4
B_2_9,B,2,9,sugaku,数態8,4
B_2_10,B,2,10,sugaku,数態8,4
B_2_11,B,2,11,sugaku,数態8,3
B_2_12,B,2,12,sugaku,数態8,3
B_2_13,B,2,13,sugaku,数態8,4
B_2_14,B,2,14,sugaku,数態8,3
B_2_15,B,2,15,sugaku,数態8,3
B_2_16,B,2,16,sugaku,数態8,3
B_2_17,B,2,17,sugaku,数態8,1
B_2_18,B,2,18,sugaku,数態8,4
B_2_19,B,2,19,sugaku,数態8,3
B_2_20,B,2,20,sugaku,数態8,4
B_2_21,B,2,21,sugaku,数態8,4
B_2_22,B,2,22,sugaku,数態8,4
B_2_23,B,2,23,sugaku,数態8,4
B_2_24,B,2,24,sugaku,数態8,4
B_2_25,B,2,25,sugaku,数態8,4
B_2_26,B,2,26,sugaku,数態8,3
B_2_27,B,2,27,sugaku,数態8,4
B_2_28,B,2,28,sugaku,数態8,4
B_2_29,B,2,29,sugaku,数態8,4
B_2_30,B,2,30,sugaku,数態8,3
C_1_1,C,1,1,sugaku,数態8,3
C_1_2,C,1,2,sugaku,数態8,2
C_1_3,C,1,3,sugaku,数態8,3
C_1_4,C,1,4,sugaku,数態8,4
C_1_5,C,1,5,sugaku,数態8,3
C_1_6,C,1,6,sugaku,数態8,4
C_1_7,C,1,7,sugaku,数態8,4
C_1_8,C,1,8,sugaku,数態8,3
C_1_9,C,1,9,sugaku,数態8,4
C_1_10,C,1,10,sugaku,数態8,4
C_1_11,C,1,11,sugaku,数態8,1
C_1_12,C,1,12,sugaku,数態8,4
C_1_13,C,1,13,sugaku,数態8,4
C_1_14,C,1,14,sugaku,数態8,4
C_1_15,C,1,15,sugaku,数態8,4
C_1_16,C,1,16,sugaku,数態8,3
C_1_17,C,1,17,sugaku,数態8,2
C_1_18,C,1,18,sugaku,数態8,3
C_1_19,C,1,19,sugaku,数態8,2
C_1_20,C,1,20,sugaku,数態8,4
C_1_21,C,1,21,sugaku,数態8,4
C_1_22,C,1,22,sugaku,数態8,4
C_1_23,C,1,23,sugaku,数態8,1
C_1_24,C,1,24,sugaku,数態8,4
C_1_25,C,1,25,sugaku,数態8,4
C_1_26,C,1,26,sugaku,数態8,3
C_1_27,C,1,27,sugaku,数態8,4
C_1_28,C,1,28,sugaku,数態8,4
C_1_29,C,1,29,sugaku,数態8,3
C_1_30,C,1,30,sugaku,数態8,4
C_2_1,C,2,1,sugaku,数態8,2
C_2_2,C,2,2,sugaku,数態8,3
C_2_3,C,2,3,sugaku,数態8,2
C_2_4,C,2,4,sugaku,数態8,1
C_2_5,C,2,5,sugaku,数態8,2
C_2_6,C,2,6,sugaku,数態8,4
C_2_7,C,2,7,sugaku,数態8,4
C_2_8,C,2,8,sugaku,数態8,4
C_2_9,C,2,9,sugaku,数態8,4
C_2_10,C,2,10,sugaku,数態8,4
C_2_11,C,2,11,sugaku,数態8,4
C_2_12,C,2,12,sugaku,数態8,4
C_2_13,C,2,13,sugaku,数態8,3
C_2_14,C,2,14,sugaku,数態8,4
C_2_15,C,2,15,sugaku,数態8,4
C_2_16,C,2,16,sugaku,数態8,3
C_2_17,C,2,17,sugaku,数態8,4
C_2_18,C,2,18,sugaku,数態8,4
C_2_19,C,2,19,sugaku,数態8,4
C_2_20,C,2,20,sugaku,数態8,4
C_2_21,C,2,21,sugaku,数態8,3
C_2_22,C,2,22,sugaku,数態8,2
C_2_23,C,2,23,sugaku,数態8,3
C_2_24,C,2,24,sugaku,数態8,4
C_2_25,C,2,25,sugaku,数態8,4
C_2_26,C,2,26,sugaku,数態8,4
C_2_27,C,2,27,sugaku,数態8,3
C_2_28,C,2,28,sugaku,数態8,3
C_2_29,C,2,29,sugaku,数態8,3
C_2_30,C,2,30,sugaku,数態8,3
C_1_1,C,1,1,sugaku,数態8,2
C_1_2,C,1,2,sugaku,数態8,4
C_1_3,C,1,3,sugaku,数態8,4
C_1_4,C,1,4,sugaku,数態8,3
C_1_5,C,1,5,sugaku,数態8,3
C_1_6,C,1,6,sugaku,数態8,2
C_1_7,C,1,7,sugaku,数態8,2
C_1_8,C,1,8,sugaku,数態8,2
C_1_9,C,1,9,sugaku,数態8,4
C_1_10,C,1,10,sugaku,数態8,3
C_1_11,C,1,11,sugaku,数態8,4
C_1_12,C,1,12,sugaku,数態8,4
D_1_13,D,1,13,sugaku,数態8,3
D_1_14,D,1,14,sugaku,数態8,3
D_1_15,D,1,15,sugaku,数態8,4
D_1_16,D,1,16,sugaku,数態8,4
D_1_17,D,1,17,sugaku,数態8,3
D_1_18,D,1,18,sugaku,数態8,4
D_1_19,D,1,19,sugaku,数態8,2
D_1_20,D,1,20,sugaku,数態8,2
D_1_21,D,1,21,sugaku,数態8,3
D_1_22,D,1,22,sugaku,数態8,1
D_1_23,D,1,23,sugaku,数態8,3
D_1_24,D,1,24,sugaku,数態8,3
D_1_25,D,1,25,sugaku,数態8,2
D_1_26,D,1,26,sugaku,数態8,3
D_1_27,D,1,27,sugaku,数態8,4
D_1_28,D,1,28,sugaku,数態8,4
D_1_29,D,1,29,sugaku,数態8,2
D_1_30,D,1,30,sugaku,数態8,4
D_2_1,D,2,1,sugaku,数態8,3
D_2_2,D,2,2,sugaku,数態8,3
D_2_3,D,2,3,sugaku,数態8,2
D_2_4,D,2,4,sugaku,数態8,3
D_2_5,D,2,5,sugaku,数態8,3
D_2_6,D,2,6,sugaku,数態8,4
D_2_7,D,2,7,sugaku,数態8,4
D_2_8,D,2,8,sugaku,数態8,1
D_2_9,D,2,9,sugaku,数態8,3
D_2_10,D,2,10,sugaku,数態8,3
D_2_11,D,2,11,sugaku,数態8,4
D_2_12,D,2,12,sugaku,数態8,4
D_2_13,D,2,13,sugaku,数態8,4
D_2_14,D,2,14,sugaku,数態8,3
D_2_15,D,2,15,sugaku,数態8,4
D_2_16,D,2,16,sugaku,数態8,3
D_2_17,D,2,17,sugaku,数態8,3
D_2_18,D,2,18,sugaku,数態8,4
D_2_19,D,2,19,sugaku,数態8,2
D_2_20,D,2,20,sugaku,数態8,3
D_2_21,D,2,21,sugaku,数態8,2
D_2_22,D,2,22,sugaku,数態8,3
D_2_23,D,2,23,sugaku,数態8,4
D_2_24,D,2,24,sugaku,数態8,2
D_2_25,D,2,25,sugaku,数態8,2
D_2_26,D,2,26,sugaku,数態8,4
D_2_27,D,2,27,sugaku,数態8,2
D_2_28,D,2,28,sugaku,数態8,2
D_2_29,D,2,29,sugaku,数態8,3
D_2_30,D,2,30,sugaku,数態8,4
A_1_1,A,1,1,sugaku,数態9,3
A_1_2,A,1,2,sugaku,数態9,3
A_1_3,A,1,3,sugaku,数態9,3
A_1_4,A,1,4,sugaku,数態9,4
A_1_5,A,1,5,sugaku,数態9,3
A_1_6,A,1,6,sugaku,数態9,4
A_1_7,A,1,7,sugaku,数態9,3
A_1_8,A,1,8,sugaku,数態9,4
A_1_9,A,1,9,sugaku,数態9,4
A_1_10,A,1,10,sugaku,数態9,3
A_1_11,A,1,11,sugaku,数態9,4
A_1_12,A,1,12,sugaku,数態9,3
A_1_13,A,1,13,sugaku,数態9,2
A_1_14,A,1,14,sugaku,数態9,2
A_1_15,A,1,15,sugaku,数態9,2
A_1_16,A,1,16,sugaku,数態9,4
A_1_17,A,1,17,sugaku,数態9,3
A_1_18,A,1,18,sugaku,数態9,4
A_1_19,A,1,19,sugaku,数態9,4
A_1_20,A,1,20,sugaku,数態9,3
A_1_21,A,1,21,sugaku,数態9,4
A_1_22,A,1,22,sugaku,数態9,3
A_1_23,A,1,23,sugaku,数態9,3
A_1_24,A,1,24,sugaku,数態9,4
A_1_25,A,1,25,sugaku,数態9,4
A_1_26,A,1,26,sugaku,数態9,3
A_1_27,A,1,27,sugaku,数態9,4
A_1_28,A,1,28,sugaku,数態9,4
A_1_29,A,1,29,sugaku,数態9,4
A_1_30,A,1,30,sugaku,数態9,3
A_2_1,A,2,1,sugaku,数態9,4
A_2_2,A,2,2,sugaku,数態9,3
A_2_3,A,2,3,sugaku,数態9,4
A_2_4,A,2,4,sugaku,数態9,4
A_2_5,A,2,5,sugaku,数態9,4
A_2_6,A,2,6,sugaku,数態9,3
A_2_7,A,2,7,sugaku,数態9,4
A_2_8,A,2,8,sugaku,数態9,4
A_2_9,A,2,9,sugaku,数態9,3
A_2_10,A,2,10,sugaku,数態9,1
A_2_11,A,2,11,sugaku,数態9,4
A_2_12,A,2,12,sugaku,数態9,2
A_2_13,A,2,13,sugaku,数態9,4
A_2_14,A,2,14,sugaku,数態9,4
A_2_15,A,2,15,sugaku,数態9,3
A_2_16,A,2,16,sugaku,数態9,4
A_2_17,A,2,17,sugaku,数態9,3
A_2_18,A,2,18,sugaku,数態9,4
A_2_19,A,2,19,sugaku,数態9,3
A_2_20,A,2,20,sugaku,数態9,3
A_2_21,A,2,21,sugaku,数態9,4
A_2_22,A,2,22,sugaku,数態9,4
A_2_23,A,2,23,sugaku,数態9,4
A_2_24,A,2,24,sugaku,数態9,3
A_2_25,A,2,25,sugaku,数態9,3
A_2_26,A,2,26,sugaku,数態9,4
A_2_27,A,2,27,sugaku,数態9,3
A_2_28,A,2,28,sugaku,数態9,4
A_2_29,A,2,29,sugaku,数態9,4
A_2_30,A,2,30,sugaku,数態9,4
B_1_1,B,1,1,sugaku,数態9,4
B_1_2,B,1,2,sugaku,数態9,2
B_1_3,B,1,3,sugaku,数態9,3
B_1_4,B,1,4,sugaku,数態9,4
B_1_5,B,1,5,sugaku,数態9,4
B_1_6,B,1,6,sugaku,数態9,3
B_1_7,B,1,7,sugaku,数態9,4
B_1_8,B,1,8,sugaku,数態9,4
B_1_9,B,1,9,sugaku,数態9,3
B_1_10,B,1,10,sugaku,数態9,3
B_1_11,B,1,11,sugaku,数態9,4
B_1_12,B,1,12,sugaku,数態9,4
B_1_13,B,1,13,sugaku,数態9,4
B_1_14,B,1,14,sugaku,数態9,2
B_1_15,B,1,15,sugaku,数態9,1
B_1_16,B,1,16,sugaku,数態9,3
B_1_17,B,1,17,sugaku,数態9,3
B_1_18,B,1,18,sugaku,数態9,4
B_1_19,B,1,19,sugaku,数態9,1
B_1_20,B,1,20,sugaku,数態9,2
B_1_21,B,1,21,sugaku,数態9,4
B_1_22,B,1,22,sugaku,数態9,4
B_1_23,B,1,23,sugaku,数態9,3
B_1_24,B,1,24,sugaku,数態9,3
B_1_25,B,1,25,sugaku,数態9,4
B_1_26,B,1,26,sugaku,数態9,3
B_1_27,B,1,27,sugaku,数態9,2
B_1_28,B,1,28,sugaku,数態9,3
B_1_29,B,1,29,sugaku,数態9,3
B_1_30,B,1,30,sugaku,数態9,4
B_2_1,B,2,1,sugaku,数態9,4
B_2_2,B,2,2,sugaku,数態9,3
B_2_3,B,2,3,sugaku,数態9,4
B_2_4,B,2,4,sugaku,数態9,4
B_2_5,B,2,5,sugaku,数態9,4
B_2_6,B,2,6,sugaku,数態9,3
B_2_7,B,2,7,sugaku,数態9,4
B_2_8,B,2,8,sugaku,数態9,3
B_2_9,B,2,9,sugaku,数態9,4
B_2_10,B,2,10,sugaku,数態9,3
B_2_11,B,2,11,sugaku,数態9,3
B_2_12,B,2,12,sugaku,数態9,4
B_2_13,B,2,13,sugaku,数態9,4
B_2_14,B,2,14,sugaku,数態9,3
B_2_15,B,2,15,sugaku,数態9,2
B_2_16,B,2,16,sugaku,数態9,3
B_2_17,B,2,17,sugaku,数態9,2
B_2_18,B,2,18,sugaku,数態9,4
B_2_19,B,2,19,sugaku,数態9,3
B_2_20,B,2,20,sugaku,数態9,4
B_2_21,B,2,21,sugaku,数態9,4
B_2_22,B,2,22,sugaku,数態9,4
B_2_23,B,2,23,sugaku,数態9,3
B_2_24,B,2,24,sugaku,数態9,4
B_2_25,B,2,25,sugaku,数態9,4
B_2_26,B,2,26,sugaku,数態9,3
B_2_27,B,2,27,sugaku,数態9,4
B_2_28,B,2,28,sugaku,数態9,4
B_2_29,B,2,29,sugaku,数態9,4
B_2_30,B,2,30,sugaku,数態9,2
C_1_1,C,1,1,sugaku,数態9,2
C_1_2,C,1,2,sugaku,数態9,2
C_1_3,C,1,3,sugaku,数態9,3
C_1_4,C,1,4,sugaku,数態9,4
C_1_5,C,1,5,sugaku,数態9,2
C_1_6,C,1,6,sugaku,数態9,4
C_1_7,C,1,7,sugaku,数態9,4
C_1_8,C,1,8,sugaku,数態9,2
C_1_9,C,1,9,sugaku,数態9,4
C_1_10,C,1,10,sugaku,数態9,4
C_1_11,C,1,11,sugaku,数態9,1
C_1_12,C,1,12,sugaku,数態9,4
C_1_13,C,1,13,sugaku,数態9,3
C_1_14,C,1,14,sugaku,数態9,4
C_1_15,C,1,15,sugaku,数態9,4
C_1_16,C,1,16,sugaku,数態9,2
C_1_17,C,1,17,sugaku,数態9,1
C_1_18,C,1,18,sugaku,数態9,1
C_1_19,C,1,19,sugaku,数態9,1
C_1_20,C,1,20,sugaku,数態9,4
C_1_21,C,1,21,sugaku,数態9,4
C_1_22,C,1,22,sugaku,数態9,2
C_1_23,C,1,23,sugaku,数態9,1
C_1_24,C,1,24,sugaku,数態9,3
C_1_25,C,1,25,sugaku,数態9,4
C_1_26,C,1,26,sugaku,数態9,2
C_1_27,C,1,27,sugaku,数態9,3
C_1_28,C,1,28,sugaku,数態9,4
C_1_29,C,1,29,sugaku,数態9,3
C_1_30,C,1,30,sugaku,数態9,3
C_2_1,C,2,1,sugaku,数態9,1
C_2_2,C,2,2,sugaku,数態9,3
C_2_3,C,2,3,sugaku,数態9,4
C_2_4,C,2,4,sugaku,数態9,4
C_2_5,C,2,5,sugaku,数態9,3
C_2_6,C,2,6,sugaku,数態9,4
C_2_7,C,2,7,sugaku,数態9,3
C_2_8,C,2,8,sugaku,数態9,4
C_2_9,C,2,9,sugaku,数態9,4
C_2_10,C,2,10,sugaku,数態9,2
C_2_11,C,2,11,sugaku,数態9,4
C_2_12,C,2,12,sugaku,数態9,4
C_2_13,C,2,13,sugaku,数態9,4
C_2_14,C,2,14,sugaku,数態9,4
C_2_15,C,2,15,sugaku,数態9,3
C_2_16,C,2,16,sugaku,数態9,2
C_2_17,C,2,17,sugaku,数態9,3
C_2_18,C,2,18,sugaku,数態9,4
C_2_19,C,2,19,sugaku,数態9,4
C_2_20,C,2,20,sugaku,数態9,3
C_2_21,C,2,21,sugaku,数態9,2
C_2_22,C,2,22,sugaku,数態9,2
C_2_23,C,2,23,sugaku,数態9,3
C_2_24,C,2,24,sugaku,数態9,4
C_2_25,C,2,25,sugaku,数態9,4
C_2_26,C,2,26,sugaku,数態9,4
C_2_27,C,2,27,sugaku,数態9,4
C_2_28,C,2,28,sugaku,数態9,3
C_2_29,C,2,29,sugaku,数態9,2
C_2_30,C,2,30,sugaku,数態9,3
C_1_1,C,1,1,sugaku,数態9,1
C_1_2,C,1,2,sugaku,数態9,4
C_1_3,C,1,3,sugaku,数態9,1
C_1_4,C,1,4,sugaku,数態9,1
C_1_5,C,1,5,sugaku,数態9,3
C_1_6,C,1,6,sugaku,数態9,2
C_1_7,C,1,7,sugaku,数態9,1
C_1_8,C,1,8,sugaku,数態9,4
C_1_9,C,1,9,sugaku,数態9,4
C_1_10,C,1,10,sugaku,数態9,2
C_1_11,C,1,11,sugaku,数態9,4
C_1_12,C,1,12,sugaku,数態9,4
D_1_13,D,1,13,sugaku,数態9,2
D_1_14,D,1,14,sugaku,数態9,3
D_1_15,D,1,15,sugaku,数態9,4
D_1_16,D,1,16,sugaku,数態9,4
D_1_17,D,1,17,sugaku,数態9,3
D_1_18,D,1,18,sugaku,数態9,2
D_1_19,D,1,19,sugaku,数態9,2
D_1_20,D,1,20,sugaku,数態9,3
D_1_21,D,1,21,sugaku,数態9,3
D_1_22,D,1,22,sugaku,数態9,3
D_1_23,D,1,23,sugaku,数態9,3
D_1_24,D,1,24,sugaku,数態9,3
D_1_25,D,1,25,sugaku,数態9,3
D_1_26,D,1,26,sugaku,数態9,2
D_1_27,D,1,27,sugaku,数態9,4
D_1_28,D,1,28,sugaku,数態9,4
D_1_29,D,1,29,sugaku,数態9,3
D_1_30,D,1,30,sugaku,数態9,4
D_2_1,D,2,1,sugaku,数態9,2
D_2_2,D,2,2,sugaku,数態9,3
D_2_3,D,2,3,sugaku,数態9,3
D_2_4,D,2,4,sugaku,数態9,3
D_2_5,D,2,5,sugaku,数態9,3
D_2_6,D,2,6,sugaku,数態9,4
D_2_7,D,2,7,sugaku,数態9,3
D_2_8,D,2,8,sugaku,数態9,2
D_2_9,D,2,9,sugaku,数態9,4
D_2_10,D,2,10,sugaku,数態9,4
D_2_11,D,2,11,sugaku,数態9,3
D_2_12,D,2,12,sugaku,数態9,4
D_2_13,D,2,13,sugaku,数態9,4
D_2_14,D,2,14,sugaku,数態9,3
D_2_15,D,2,15,sugaku,数態9,4
D_2_16,D,2,16,sugaku,数態9,3
D_2_17,D,2,17,sugaku,数態9,3
D_2_18,D,2,18,sugaku,数態9,4
D_2_19,D,2,19,sugaku,数態9,2
D_2_20,D,2,20,sugaku,数態9,4
D_2_21,D,2,21,sugaku,数態9,2
D_2_22,D,2,22,sugaku,数態9,3
D_2_23,D,2,23,sugaku,数態9,4
D_2_24,D,2,24,sugaku,数態9,3
D_2_25,D,2,25,sugaku,数態9,1
D_2_26,D,2,26,sugaku,数態9,4
D_2_27,D,2,27,sugaku,数態9,1
D_2_28,D,2,28,sugaku,数態9,1
D_2_29,D,2,29,sugaku,数態9,3
D_2_30,D,2,30,sugaku,数態9,4
A_1_1,A,1,1,sugaku,数態10,4
A_1_2,A,1,2,sugaku,数態10,3
A_1_3,A,1,3,sugaku,数態10,2
A_1_4,A,1,4,sugaku,数態10,4
A_1_5,A,1,5,sugaku,数態10,3
A_1_6,A,1,6,sugaku,数態10,4
A_1_7,A,1,7,sugaku,数態10,3
A_1_8,A,1,8,sugaku,数態10,4
A_1_9,A,1,9,sugaku,数態10,4
A_1_10,A,1,10,sugaku,数態10,3
A_1_11,A,1,11,sugaku,数態10,4
A_1_12,A,1,12,sugaku,数態10,4
A_1_13,A,1,13,sugaku,数態10,3
A_1_14,A,1,14,sugaku,数態10,3
A_1_15,A,1,15,sugaku,数態10,3
A_1_16,A,1,16,sugaku,数態10,4
A_1_17,A,1,17,sugaku,数態10,3
A_1_18,A,1,18,sugaku,数態10,4
A_1_19,A,1,19,sugaku,数態10,4
A_1_20,A,1,20,sugaku,数態10,2
A_1_21,A,1,21,sugaku,数態10,4
A_1_22,A,1,22,sugaku,数態10,4
A_1_23,A,1,23,sugaku,数態10,3
A_1_24,A,1,24,sugaku,数態10,0
A_1_25,A,1,25,sugaku,数態10,3
A_1_26,A,1,26,sugaku,数態10,3
A_1_27,A,1,27,sugaku,数態10,4
A_1_28,A,1,28,sugaku,数態10,4
A_1_29,A,1,29,sugaku,数態10,4
A_1_30,A,1,30,sugaku,数態10,3
A_2_1,A,2,1,sugaku,数態10,4
A_2_2,A,2,2,sugaku,数態10,3
A_2_3,A,2,3,sugaku,数態10,4
A_2_4,A,2,4,sugaku,数態10,3
A_2_5,A,2,5,sugaku,数態10,4
A_2_6,A,2,6,sugaku,数態10,3
A_2_7,A,2,7,sugaku,数態10,4
A_2_8,A,2,8,sugaku,数態10,4
A_2_9,A,2,9,sugaku,数態10,4
A_2_10,A,2,10,sugaku,数態10,1
A_2_11,A,2,11,sugaku,数態10,4
A_2_12,A,2,12,sugaku,数態10,3
A_2_13,A,2,13,sugaku,数態10,4
A_2_14,A,2,14,sugaku,数態10,3
A_2_15,A,2,15,sugaku,数態10,2
A_2_16,A,2,16,sugaku,数態10,4
A_2_17,A,2,17,sugaku,数態10,3
A_2_18,A,2,18,sugaku,数態10,4
A_2_19,A,2,19,sugaku,数態10,4
A_2_20,A,2,20,sugaku,数態10,3
A_2_21,A,2,21,sugaku,数態10,4
A_2_22,A,2,22,sugaku,数態10,4
A_2_23,A,2,23,sugaku,数態10,4
A_2_24,A,2,24,sugaku,数態10,3
A_2_25,A,2,25,sugaku,数態10,2
A_2_26,A,2,26,sugaku,数態10,4
A_2_27,A,2,27,sugaku,数態10,2
A_2_28,A,2,28,sugaku,数態10,3
A_2_29,A,2,29,sugaku,数態10,4
A_2_30,A,2,30,sugaku,数態10,4
B_1_1,B,1,1,sugaku,数態10,3
B_1_2,B,1,2,sugaku,数態10,3
B_1_3,B,1,3,sugaku,数態10,3
B_1_4,B,1,4,sugaku,数態10,4
B_1_5,B,1,5,sugaku,数態10,4
B_1_6,B,1,6,sugaku,数態10,3
B_1_7,B,1,7,sugaku,数態10,3
B_1_8,B,1,8,sugaku,数態10,4
B_1_9,B,1,9,sugaku,数態10,4
B_1_10,B,1,10,sugaku,数態10,3
B_1_11,B,1,11,sugaku,数態10,4
B_1_12,B,1,12,sugaku,数態10,4
B_1_13,B,1,13,sugaku,数態10,4
B_1_14,B,1,14,sugaku,数態10,2
B_1_15,B,1,15,sugaku,数態10,3
B_1_16,B,1,16,sugaku,数態10,4
B_1_17,B,1,17,sugaku,数態10,3
B_1_18,B,1,18,sugaku,数態10,4
B_1_19,B,1,19,sugaku,数態10,2
B_1_20,B,1,20,sugaku,数態10,3
B_1_21,B,1,21,sugaku,数態10,3
B_1_22,B,1,22,sugaku,数態10,4
B_1_23,B,1,23,sugaku,数態10,3
B_1_24,B,1,24,sugaku,数態10,3
B_1_25,B,1,25,sugaku,数態10,4
B_1_26,B,1,26,sugaku,数態10,3
B_1_27,B,1,27,sugaku,数態10,3
B_1_28,B,1,28,sugaku,数態10,3
B_1_29,B,1,29,sugaku,数態10,3
B_1_30,B,1,30,sugaku,数態10,4
B_2_1,B,2,1,sugaku,数態10,3
B_2_2,B,2,2,sugaku,数態10,3
B_2_3,B,2,3,sugaku,数態10,4
B_2_4,B,2,4,sugaku,数態10,4
B_2_5,B,2,5,sugaku,数態10,4
B_2_6,B,2,6,sugaku,数態10,4
B_2_7,B,2,7,sugaku,数態10,2
B_2_8,B,2,8,sugaku,数態10,3
B_2_9,B,2,9,sugaku,数態10,4
B_2_10,B,2,10,sugaku,数態10,4
B_2_11,B,2,11,sugaku,数態10,3
B_2_12,B,2,12,sugaku,数態10,4
B_2_13,B,2,13,sugaku,数態10,3
B_2_14,B,2,14,sugaku,数態10,3
B_2_15,B,2,15,sugaku,数態10,3
B_2_16,B,2,16,sugaku,数態10,4
B_2_17,B,2,17,sugaku,数態10,1
B_2_18,B,2,18,sugaku,数態10,4
B_2_19,B,2,19,sugaku,数態10,2
B_2_20,B,2,20,sugaku,数態10,4
B_2_21,B,2,21,sugaku,数態10,3
B_2_22,B,2,22,sugaku,数態10,4
B_2_23,B,2,23,sugaku,数態10,4
B_2_24,B,2,24,sugaku,数態10,4
B_2_25,B,2,25,sugaku,数態10,3
B_2_26,B,2,26,sugaku,数態10,3
B_2_27,B,2,27,sugaku,数態10,4
B_2_28,B,2,28,sugaku,数態10,4
B_2_29,B,2,29,sugaku,数態10,4
B_2_30,B,2,30,sugaku,数態10,3
C_1_1,C,1,1,sugaku,数態10,2
C_1_2,C,1,2,sugaku,数態10,3
C_1_3,C,1,3,sugaku,数態10,4
C_1_4,C,1,4,sugaku,数態10,4
C_1_5,C,1,5,sugaku,数態10,2
C_1_6,C,1,6,sugaku,数態10,4
C_1_7,C,1,7,sugaku,数態10,3
C_1_8,C,1,8,sugaku,数態10,2
C_1_9,C,1,9,sugaku,数態10,4
C_1_10,C,1,10,sugaku,数態10,4
C_1_11,C,1,11,sugaku,数態10,2
C_1_12,C,1,12,sugaku,数態10,4
C_1_13,C,1,13,sugaku,数態10,4
C_1_14,C,1,14,sugaku,数態10,4
C_1_15,C,1,15,sugaku,数態10,4
C_1_16,C,1,16,sugaku,数態10,3
C_1_17,C,1,17,sugaku,数態10,3
C_1_18,C,1,18,sugaku,数態10,1
C_1_19,C,1,19,sugaku,数態10,2
C_1_20,C,1,20,sugaku,数態10,4
C_1_21,C,1,21,sugaku,数態10,4
C_1_22,C,1,22,sugaku,数態10,3
C_1_23,C,1,23,sugaku,数態10,1
C_1_24,C,1,24,sugaku,数態10,3
C_1_25,C,1,25,sugaku,数態10,3
C_1_26,C,1,26,sugaku,数態10,2
C_1_27,C,1,27,sugaku,数態10,3
C_1_28,C,1,28,sugaku,数態10,4
C_1_29,C,1,29,sugaku,数態10,3
C_1_30,C,1,30,sugaku,数態10,3
C_2_1,C,2,1,sugaku,数態10,2
C_2_2,C,2,2,sugaku,数態10,3
C_2_3,C,2,3,sugaku,数態10,4
C_2_4,C,2,4,sugaku,数態10,3
C_2_5,C,2,5,sugaku,数態10,2
C_2_6,C,2,6,sugaku,数態10,4
C_2_7,C,2,7,sugaku,数態10,3
C_2_8,C,2,8,sugaku,数態10,4
C_2_9,C,2,9,sugaku,数態10,4
C_2_10,C,2,10,sugaku,数態10,3
C_2_11,C,2,11,sugaku,数態10,3
C_2_12,C,2,12,sugaku,数態10,4
C_2_13,C,2,13,sugaku,数態10,2
C_2_14,C,2,14,sugaku,数態10,4
C_2_15,C,2,15,sugaku,数態10,3
C_2_16,C,2,16,sugaku,数態10,3
C_2_17,C,2,17,sugaku,数態10,3
C_2_18,C,2,18,sugaku,数態10,4
C_2_19,C,2,19,sugaku,数態10,3
C_2_20,C,2,20,sugaku,数態10,4
C_2_21,C,2,21,sugaku,数態10,3
C_2_22,C,2,22,sugaku,数態10,2
C_2_23,C,2,23,sugaku,数態10,3
C_2_24,C,2,24,sugaku,数態10,4
C_2_25,C,2,25,sugaku,数態10,3
C_2_26,C,2,26,sugaku,数態10,4
C_2_27,C,2,27,sugaku,数態10,3
C_2_28,C,2,28,sugaku,数態10,4
C_2_29,C,2,29,sugaku,数態10,3
C_2_30,C,2,30,sugaku,数態10,3
C_1_1,C,1,1,sugaku,数態10,2
C_1_2,C,1,2,sugaku,数態10,4
C_1_3,C,1,3,sugaku,数態10,1
C_1_4,C,1,4,sugaku,数態10,2
C_1_5,C,1,5,sugaku,数態10,3
C_1_6,C,1,6,sugaku,数態10,2
C_1_7,C,1,7,sugaku,数態10,2
C_1_8,C,1,8,sugaku,数態10,4
C_1_9,C,1,9,sugaku,数態10,4
C_1_10,C,1,10,sugaku,数態10,3
C_1_11,C,1,11,sugaku,数態10,3
C_1_12,C,1,12,sugaku,数態10,3
D_1_13,D,1,13,sugaku,数態10,3
D_1_14,D,1,14,sugaku,数態10,3
D_1_15,D,1,15,sugaku,数態10,4
D_1_16,D,1,16,sugaku,数態10,4
D_1_17,D,1,17,sugaku,数態10,2
D_1_18,D,1,18,sugaku,数態10,4
D_1_19,D,1,19,sugaku,数態10,3
D_1_20,D,1,20,sugaku,数態10,1
D_1_21,D,1,21,sugaku,数態10,3
D_1_22,D,1,22,sugaku,数態10,1
D_1_23,D,1,23,sugaku,数態10,2
D_1_24,D,1,24,sugaku,数態10,2
D_1_25,D,1,25,sugaku,数態10,2
D_1_26,D,1,26,sugaku,数態10,3
D_1_27,D,1,27,sugaku,数態10,4
D_1_28,D,1,28,sugaku,数態10,4
D_1_29,D,1,29,sugaku,数態10,3
D_1_30,D,1,30,sugaku,数態10,4
D_2_1,D,2,1,sugaku,数態10,2
D_2_2,D,2,2,sugaku,数態10,3
D_2_3,D,2,3,sugaku,数態10,2
D_2_4,D,2,4,sugaku,数態10,3
D_2_5,D,2,5,sugaku,数態10,2
D_2_6,D,2,6,sugaku,数態10,4
D_2_7,D,2,7,sugaku,数態10,3
D_2_8,D,2,8,sugaku,数態10,2
D_2_9,D,2,9,sugaku,数態10,3
D_2_10,D,2,10,sugaku,数態10,3
D_2_11,D,2,11,sugaku,数態10,3
D_2_12,D,2,12,sugaku,数態10,4
D_2_13,D,2,13,sugaku,数態10,3
D_2_14,D,2,14,sugaku,数態10,3
D_2_15,D,2,15,sugaku,数態10,3
D_2_16,D,2,16,sugaku,数態10,3
D_2_17,D,2,17,sugaku,数態10,2
D_2_18,D,2,18,sugaku,数態10,4
D_2_19,D,2,19,sugaku,数態10,2
D_2_20,D,2,20,sugaku,数態10,4
D_2_21,D,2,21,sugaku,数態10,1
D_2_22,D,2,22,sugaku,数態10,3
D_2_23,D,2,23,sugaku,数態10,3
D_2_24,D,2,24,sugaku,数態10,3
D_2_25,D,2,25,sugaku,数態10,2
D_2_26,D,2,26,sugaku,数態10,4
D_2_27,D,2,27,sugaku,数態10,2
D_2_28,D,2,28,sugaku,数態10,1
D_2_29,D,2,29,sugaku,数態10,3
D_2_30,D,2,30,sugaku,数態10,4
A_1_1,A,1,1,sugaku,数態11,4
A_1_2,A,1,2,sugaku,数態11,2
A_1_3,A,1,3,sugaku,数態11,4
A_1_4,A,1,4,sugaku,数態11,4
A_1_5,A,1,5,sugaku,数態11,3
A_1_6,A,1,6,sugaku,数態11,4
A_1_7,A,1,7,sugaku,数態11,3
A_1_8,A,1,8,sugaku,数態11,4
A_1_9,A,1,9,sugaku,数態11,4
A_1_10,A,1,10,sugaku,数態11,3
A_1_11,A,1,11,sugaku,数態11,4
A_1_12,A,1,12,sugaku,数態11,3
A_1_13,A,1,13,sugaku,数態11,2
A_1_14,A,1,14,sugaku,数態11,3
A_1_15,A,1,15,sugaku,数態11,2
A_1_16,A,1,16,sugaku,数態11,4
A_1_17,A,1,17,sugaku,数態11,3
A_1_18,A,1,18,sugaku,数態11,4
A_1_19,A,1,19,sugaku,数態11,4
A_1_20,A,1,20,sugaku,数態11,3
A_1_21,A,1,21,sugaku,数態11,4
A_1_22,A,1,22,sugaku,数態11,3
A_1_23,A,1,23,sugaku,数態11,4
A_1_24,A,1,24,sugaku,数態11,0
A_1_25,A,1,25,sugaku,数態11,4
A_1_26,A,1,26,sugaku,数態11,3
A_1_27,A,1,27,sugaku,数態11,4
A_1_28,A,1,28,sugaku,数態11,4
A_1_29,A,1,29,sugaku,数態11,4
A_1_30,A,1,30,sugaku,数態11,3
A_2_1,A,2,1,sugaku,数態11,4
A_2_2,A,2,2,sugaku,数態11,3
A_2_3,A,2,3,sugaku,数態11,4
A_2_4,A,2,4,sugaku,数態11,4
A_2_5,A,2,5,sugaku,数態11,4
A_2_6,A,2,6,sugaku,数態11,3
A_2_7,A,2,7,sugaku,数態11,4
A_2_8,A,2,8,sugaku,数態11,4
A_2_9,A,2,9,sugaku,数態11,4
A_2_10,A,2,10,sugaku,数態11,1
A_2_11,A,2,11,sugaku,数態11,4
A_2_12,A,2,12,sugaku,数態11,3
A_2_13,A,2,13,sugaku,数態11,4
A_2_14,A,2,14,sugaku,数態11,3
A_2_15,A,2,15,sugaku,数態11,3
A_2_16,A,2,16,sugaku,数態11,4
A_2_17,A,2,17,sugaku,数態11,3
A_2_18,A,2,18,sugaku,数態11,4
A_2_19,A,2,19,sugaku,数態11,4
A_2_20,A,2,20,sugaku,数態11,4
A_2_21,A,2,21,sugaku,数態11,4
A_2_22,A,2,22,sugaku,数態11,4
A_2_23,A,2,23,sugaku,数態11,4
A_2_24,A,2,24,sugaku,数態11,3
A_2_25,A,2,25,sugaku,数態11,2
A_2_26,A,2,26,sugaku,数態11,4
A_2_27,A,2,27,sugaku,数態11,3
A_2_28,A,2,28,sugaku,数態11,3
A_2_29,A,2,29,sugaku,数態11,4
A_2_30,A,2,30,sugaku,数態11,4
B_1_1,B,1,1,sugaku,数態11,4
B_1_2,B,1,2,sugaku,数態11,3
B_1_3,B,1,3,sugaku,数態11,3
B_1_4,B,1,4,sugaku,数態11,4
B_1_5,B,1,5,sugaku,数態11,4
B_1_6,B,1,6,sugaku,数態11,3
B_1_7,B,1,7,sugaku,数態11,2
B_1_8,B,1,8,sugaku,数態11,4
B_1_9,B,1,9,sugaku,数態11,4
B_1_10,B,1,10,sugaku,数態11,3
B_1_11,B,1,11,sugaku,数態11,4
B_1_12,B,1,12,sugaku,数態11,4
B_1_13,B,1,13,sugaku,数態11,4
B_1_14,B,1,14,sugaku,数態11,2
B_1_15,B,1,15,sugaku,数態11,3
B_1_16,B,1,16,sugaku,数態11,4
B_1_17,B,1,17,sugaku,数態11,3
B_1_18,B,1,18,sugaku,数態11,4
B_1_19,B,1,19,sugaku,数態11,3
B_1_20,B,1,20,sugaku,数態11,3
B_1_21,B,1,21,sugaku,数態11,4
B_1_22,B,1,22,sugaku,数態11,4
B_1_23,B,1,23,sugaku,数態11,2
B_1_24,B,1,24,sugaku,数態11,2
B_1_25,B,1,25,sugaku,数態11,3
B_1_26,B,1,26,sugaku,数態11,3
B_1_27,B,1,27,sugaku,数態11,3
B_1_28,B,1,28,sugaku,数態11,3
B_1_29,B,1,29,sugaku,数態11,3
B_1_30,B,1,30,sugaku,数態11,4
B_2_1,B,2,1,sugaku,数態11,3
B_2_2,B,2,2,sugaku,数態11,3
B_2_3,B,2,3,sugaku,数態11,4
B_2_4,B,2,4,sugaku,数態11,4
B_2_5,B,2,5,sugaku,数態11,4
B_2_6,B,2,6,sugaku,数態11,4
B_2_7,B,2,7,sugaku,数態11,1
B_2_8,B,2,8,sugaku,数態11,4
B_2_9,B,2,9,sugaku,数態11,4
B_2_10,B,2,10,sugaku,数態11,4
B_2_11,B,2,11,sugaku,数態11,3
B_2_12,B,2,12,sugaku,数態11,4
B_2_13,B,2,13,sugaku,数態11,4
B_2_14,B,2,14,sugaku,数態11,2
B_2_15,B,2,15,sugaku,数態11,3
B_2_16,B,2,16,sugaku,数態11,4
B_2_17,B,2,17,sugaku,数態11,1
B_2_18,B,2,18,sugaku,数態11,4
B_2_19,B,2,19,sugaku,数態11,2
B_2_20,B,2,20,sugaku,数態11,4
B_2_21,B,2,21,sugaku,数態11,2
B_2_22,B,2,22,sugaku,数態11,4
B_2_23,B,2,23,sugaku,数態11,4
B_2_24,B,2,24,sugaku,数態11,4
B_2_25,B,2,25,sugaku,数態11,3
B_2_26,B,2,26,sugaku,数態11,4
B_2_27,B,2,27,sugaku,数態11,4
B_2_28,B,2,28,sugaku,数態11,4
B_2_29,B,2,29,sugaku,数態11,4
B_2_30,B,2,30,sugaku,数態11,3
C_1_1,C,1,1,sugaku,数態11,2
C_1_2,C,1,2,sugaku,数態11,3
C_1_3,C,1,3,sugaku,数態11,4
C_1_4,C,1,4,sugaku,数態11,4
C_1_5,C,1,5,sugaku,数態11,3
C_1_6,C,1,6,sugaku,数態11,4
C_1_7,C,1,7,sugaku,数態11,4
C_1_8,C,1,8,sugaku,数態11,2
C_1_9,C,1,9,sugaku,数態11,4
C_1_10,C,1,10,sugaku,数態11,4
C_1_11,C,1,11,sugaku,数態11,2
C_1_12,C,1,12,sugaku,数態11,4
C_1_13,C,1,13,sugaku,数態11,4
C_1_14,C,1,14,sugaku,数態11,4
C_1_15,C,1,15,sugaku,数態11,4
C_1_16,C,1,16,sugaku,数態11,3
C_1_17,C,1,17,sugaku,数態11,2
C_1_18,C,1,18,sugaku,数態11,2
C_1_19,C,1,19,sugaku,数態11,1
C_1_20,C,1,20,sugaku,数態11,4
C_1_21,C,1,21,sugaku,数態11,4
C_1_22,C,1,22,sugaku,数態11,4
C_1_23,C,1,23,sugaku,数態11,1
C_1_24,C,1,24,sugaku,数態11,4
C_1_25,C,1,25,sugaku,数態11,3
C_1_26,C,1,26,sugaku,数態11,2
C_1_27,C,1,27,sugaku,数態11,4
C_1_28,C,1,28,sugaku,数態11,4
C_1_29,C,1,29,sugaku,数態11,0
C_1_30,C,1,30,sugaku,数態11,4
C_2_1,C,2,1,sugaku,数態11,2
C_2_2,C,2,2,sugaku,数態11,3
C_2_3,C,2,3,sugaku,数態11,4
C_2_4,C,2,4,sugaku,数態11,2
C_2_5,C,2,5,sugaku,数態11,2
C_2_6,C,2,6,sugaku,数態11,4
C_2_7,C,2,7,sugaku,数態11,3
C_2_8,C,2,8,sugaku,数態11,4
C_2_9,C,2,9,sugaku,数態11,4
C_2_10,C,2,10,sugaku,数態11,2
C_2_11,C,2,11,sugaku,数態11,3
C_2_12,C,2,12,sugaku,数態11,4
C_2_13,C,2,13,sugaku,数態11,3
C_2_14,C,2,14,sugaku,数態11,4
C_2_15,C,2,15,sugaku,数態11,3
C_2_16,C,2,16,sugaku,数態11,3
C_2_17,C,2,17,sugaku,数態11,3
C_2_18,C,2,18,sugaku,数態11,4
C_2_19,C,2,19,sugaku,数態11,3
C_2_20,C,2,20,sugaku,数態11,3
C_2_21,C,2,21,sugaku,数態11,3
C_2_22,C,2,22,sugaku,数態11,2
C_2_23,C,2,23,sugaku,数態11,3
C_2_24,C,2,24,sugaku,数態11,4
C_2_25,C,2,25,sugaku,数態11,4
C_2_26,C,2,26,sugaku,数態11,4
C_2_27,C,2,27,sugaku,数態11,2
C_2_28,C,2,28,sugaku,数態11,3
C_2_29,C,2,29,sugaku,数態11,4
C_2_30,C,2,30,sugaku,数態11,3
C_1_1,C,1,1,sugaku,数態11,3
C_1_2,C,1,2,sugaku,数態11,4
C_1_3,C,1,3,sugaku,数態11,2
C_1_4,C,1,4,sugaku,数態11,2
C_1_5,C,1,5,sugaku,数態11,3
C_1_6,C,1,6,sugaku,数態11,3
C_1_7,C,1,7,sugaku,数態11,2
C_1_8,C,1,8,sugaku,数態11,4
C_1_9,C,1,9,sugaku,数態11,4
C_1_10,C,1,10,sugaku,数態11,3
C_1_11,C,1,11,sugaku,数態11,3
C_1_12,C,1,12,sugaku,数態11,3
D_1_13,D,1,13,sugaku,数態11,3
D_1_14,D,1,14,sugaku,数態11,3
D_1_15,D,1,15,sugaku,数態11,4
D_1_16,D,1,16,sugaku,数態11,4
D_1_17,D,1,17,sugaku,数態11,2
D_1_18,D,1,18,sugaku,数態11,3
D_1_19,D,1,19,sugaku,数態11,3
D_1_20,D,1,20,sugaku,数態11,1
D_1_21,D,1,21,sugaku,数態11,3
D_1_22,D,1,22,sugaku,数態11,2
D_1_23,D,1,23,sugaku,数態11,3
D_1_24,D,1,24,sugaku,数態11,2
D_1_25,D,1,25,sugaku,数態11,3
D_1_26,D,1,26,sugaku,数態11,3
D_1_27,D,1,27,sugaku,数態11,4
D_1_28,D,1,28,sugaku,数態11,4
D_1_29,D,1,29,sugaku,数態11,3
D_1_30,D,1,30,sugaku,数態11,4
D_2_1,D,2,1,sugaku,数態11,2
D_2_2,D,2,2,sugaku,数態11,2
D_2_3,D,2,3,sugaku,数態11,2
D_2_4,D,2,4,sugaku,数態11,2
D_2_5,D,2,5,sugaku,数態11,2
D_2_6,D,2,6,sugaku,数態11,4
D_2_7,D,2,7,sugaku,数態11,3
D_2_8,D,2,8,sugaku,数態11,3
D_2_9,D,2,9,sugaku,数態11,4
D_2_10,D,2,10,sugaku,数態11,4
D_2_11,D,2,11,sugaku,数態11,4
D_2_12,D,2,12,sugaku,数態11,4
D_2_13,D,2,13,sugaku,数態11,3
D_2_14,D,2,14,sugaku,数態11,3
D_2_15,D,2,15,sugaku,数態11,3
D_2_16,D,2,16,sugaku,数態11,3
D_2_17,D,2,17,sugaku,数態11,2
D_2_18,D,2,18,sugaku,数態11,4
D_2_19,D,2,19,sugaku,数態11,3
D_2_20,D,2,20,sugaku,数態11,4
D_2_21,D,2,21,sugaku,数態11,3
D_2_22,D,2,22,sugaku,数態11,3
D_2_23,D,2,23,sugaku,数態11,4
D_2_24,D,2,24,sugaku,数態11,4
D_2_25,D,2,25,sugaku,数態11,2
D_2_26,D,2,26,sugaku,数態11,4
D_2_27,D,2,27,sugaku,数態11,2
D_2_28,D,2,28,sugaku,数態11,2
D_2_29,D,2,29,sugaku,数態11,2
D_2_30,D,2,30,sugaku,数態11,4
A_1_1,A,1,1,sugaku,数態12,4
A_1_2,A,1,2,sugaku,数態12,3
A_1_3,A,1,3,sugaku,数態12,4
A_1_4,A,1,4,sugaku,数態12,4
A_1_5,A,1,5,sugaku,数態12,3
A_1_6,A,1,6,sugaku,数態12,4
A_1_7,A,1,7,sugaku,数態12,4
A_1_8,A,1,8,sugaku,数態12,3
A_1_9,A,1,9,sugaku,数態12,4
A_1_10,A,1,10,sugaku,数態12,3
A_1_11,A,1,11,sugaku,数態12,4
A_1_12,A,1,12,sugaku,数態12,3
A_1_13,A,1,13,sugaku,数態12,3
A_1_14,A,1,14,sugaku,数態12,3
A_1_15,A,1,15,sugaku,数態12,1
A_1_16,A,1,16,sugaku,数態12,4
A_1_17,A,1,17,sugaku,数態12,3
A_1_18,A,1,18,sugaku,数態12,3
A_1_19,A,1,19,sugaku,数態12,4
A_1_20,A,1,20,sugaku,数態12,4
A_1_21,A,1,21,sugaku,数態12,4
A_1_22,A,1,22,sugaku,数態12,4
A_1_23,A,1,23,sugaku,数態12,3
A_1_24,A,1,24,sugaku,数態12,0
A_1_25,A,1,25,sugaku,数態12,4
A_1_26,A,1,26,sugaku,数態12,3
A_1_27,A,1,27,sugaku,数態12,4
A_1_28,A,1,28,sugaku,数態12,2
A_1_29,A,1,29,sugaku,数態12,4
A_1_30,A,1,30,sugaku,数態12,3
A_2_1,A,2,1,sugaku,数態12,4
A_2_2,A,2,2,sugaku,数態12,3
A_2_3,A,2,3,sugaku,数態12,4
A_2_4,A,2,4,sugaku,数態12,4
A_2_5,A,2,5,sugaku,数態12,4
A_2_6,A,2,6,sugaku,数態12,3
A_2_7,A,2,7,sugaku,数態12,4
A_2_8,A,2,8,sugaku,数態12,4
A_2_9,A,2,9,sugaku,数態12,3
A_2_10,A,2,10,sugaku,数態12,1
A_2_11,A,2,11,sugaku,数態12,4
A_2_12,A,2,12,sugaku,数態12,3
A_2_13,A,2,13,sugaku,数態12,4
A_2_14,A,2,14,sugaku,数態12,4
A_2_15,A,2,15,sugaku,数態12,3
A_2_16,A,2,16,sugaku,数態12,3
A_2_17,A,2,17,sugaku,数態12,4
A_2_18,A,2,18,sugaku,数態12,4
A_2_19,A,2,19,sugaku,数態12,4
A_2_20,A,2,20,sugaku,数態12,4
A_2_21,A,2,21,sugaku,数態12,4
A_2_22,A,2,22,sugaku,数態12,4
A_2_23,A,2,23,sugaku,数態12,4
A_2_24,A,2,24,sugaku,数態12,3
A_2_25,A,2,25,sugaku,数態12,3
A_2_26,A,2,26,sugaku,数態12,4
A_2_27,A,2,27,sugaku,数態12,4
A_2_28,A,2,28,sugaku,数態12,4
A_2_29,A,2,29,sugaku,数態12,4
A_2_30,A,2,30,sugaku,数態12,4
B_1_1,B,1,1,sugaku,数態12,3
B_1_2,B,1,2,sugaku,数態12,3
B_1_3,B,1,3,sugaku,数態12,3
B_1_4,B,1,4,sugaku,数態12,4
B_1_5,B,1,5,sugaku,数態12,4
B_1_6,B,1,6,sugaku,数態12,3
B_1_7,B,1,7,sugaku,数態12,4
B_1_8,B,1,8,sugaku,数態12,4
B_1_9,B,1,9,sugaku,数態12,4
B_1_10,B,1,10,sugaku,数態12,3
B_1_11,B,1,11,sugaku,数態12,4
B_1_12,B,1,12,sugaku,数態12,4
B_1_13,B,1,13,sugaku,数態12,4
B_1_14,B,1,14,sugaku,数態12,2
B_1_15,B,1,15,sugaku,数態12,2
B_1_16,B,1,16,sugaku,数態12,4
B_1_17,B,1,17,sugaku,数態12,3
B_1_18,B,1,18,sugaku,数態12,4
B_1_19,B,1,19,sugaku,数態12,3
B_1_20,B,1,20,sugaku,数態12,2
B_1_21,B,1,21,sugaku,数態12,4
B_1_22,B,1,22,sugaku,数態12,4
B_1_23,B,1,23,sugaku,数態12,2
B_1_24,B,1,24,sugaku,数態12,3
B_1_25,B,1,25,sugaku,数態12,3
B_1_26,B,1,26,sugaku,数態12,3
B_1_27,B,1,27,sugaku,数態12,3
B_1_28,B,1,28,sugaku,数態12,3
B_1_29,B,1,29,sugaku,数態12,3
B_1_30,B,1,30,sugaku,数態12,4
B_2_1,B,2,1,sugaku,数態12,4
B_2_2,B,2,2,sugaku,数態12,3
B_2_3,B,2,3,sugaku,数態12,4
B_2_4,B,2,4,sugaku,数態12,3
B_2_5,B,2,5,sugaku,数態12,4
B_2_6,B,2,6,sugaku,数態12,3
B_2_7,B,2,7,sugaku,数態12,3
B_2_8,B,2,8,sugaku,数態12,4
B_2_9,B,2,9,sugaku,数態12,3
B_2_10,B,2,10,sugaku,数態12,4
B_2_11,B,2,11,sugaku,数態12,2
B_2_12,B,2,12,sugaku,数態12,3
B_2_13,B,2,13,sugaku,数態12,4
B_2_14,B,2,14,sugaku,数態12,3
B_2_15,B,2,15,sugaku,数態12,3
B_2_16,B,2,16,sugaku,数態12,3
B_2_17,B,2,17,sugaku,数態12,1
B_2_18,B,2,18,sugaku,数態12,4
B_2_19,B,2,19,sugaku,数態12,4
B_2_20,B,2,20,sugaku,数態12,4
B_2_21,B,2,21,sugaku,数態12,4
B_2_22,B,2,22,sugaku,数態12,4
B_2_23,B,2,23,sugaku,数態12,4
B_2_24,B,2,24,sugaku,数態12,4
B_2_25,B,2,25,sugaku,数態12,4
B_2_26,B,2,26,sugaku,数態12,4
B_2_27,B,2,27,sugaku,数態12,3
B_2_28,B,2,28,sugaku,数態12,4
B_2_29,B,2,29,sugaku,数態12,4
B_2_30,B,2,30,sugaku,数態12,3
C_1_1,C,1,1,sugaku,数態12,3
C_1_2,C,1,2,sugaku,数態12,3
C_1_3,C,1,3,sugaku,数態12,4
C_1_4,C,1,4,sugaku,数態12,4
C_1_5,C,1,5,sugaku,数態12,3
C_1_6,C,1,6,sugaku,数態12,4
C_1_7,C,1,7,sugaku,数態12,4
C_1_8,C,1,8,sugaku,数態12,3
C_1_9,C,1,9,sugaku,数態12,4
C_1_10,C,1,10,sugaku,数態12,4
C_1_11,C,1,11,sugaku,数態12,2
C_1_12,C,1,12,sugaku,数態12,4
C_1_13,C,1,13,sugaku,数態12,4
C_1_14,C,1,14,sugaku,数態12,4
C_1_15,C,1,15,sugaku,数態12,4
C_1_16,C,1,16,sugaku,数態12,3
C_1_17,C,1,17,sugaku,数態12,2
C_1_18,C,1,18,sugaku,数態12,1
C_1_19,C,1,19,sugaku,数態12,1
C_1_20,C,1,20,sugaku,数態12,4
C_1_21,C,1,21,sugaku,数態12,4
C_1_22,C,1,22,sugaku,数態12,2
C_1_23,C,1,23,sugaku,数態12,1
C_1_24,C,1,24,sugaku,数態12,4
C_1_25,C,1,25,sugaku,数態12,2
C_1_26,C,1,26,sugaku,数態12,3
C_1_27,C,1,27,sugaku,数態12,3
C_1_28,C,1,28,sugaku,数態12,4
C_1_29,C,1,29,sugaku,数態12,3
C_1_30,C,1,30,sugaku,数態12,4
C_2_1,C,2,1,sugaku,数態12,2
C_2_2,C,2,2,sugaku,数態12,3
C_2_3,C,2,3,sugaku,数態12,4
C_2_4,C,2,4,sugaku,数態12,1
C_2_5,C,2,5,sugaku,数態12,2
C_2_6,C,2,6,sugaku,数態12,4
C_2_7,C,2,7,sugaku,数態12,3
C_2_8,C,2,8,sugaku,数態12,4
C_2_9,C,2,9,sugaku,数態12,4
C_2_10,C,2,10,sugaku,数態12,2
C_2_11,C,2,11,sugaku,数態12,3
C_2_12,C,2,12,sugaku,数態12,4
C_2_13,C,2,13,sugaku,数態12,3
C_2_14,C,2,14,sugaku,数態12,4
C_2_15,C,2,15,sugaku,数態12,4
C_2_16,C,2,16,sugaku,数態12,3
C_2_17,C,2,17,sugaku,数態12,3
C_2_18,C,2,18,sugaku,数態12,4
C_2_19,C,2,19,sugaku,数態12,4
C_2_20,C,2,20,sugaku,数態12,4
C_2_21,C,2,21,sugaku,数態12,2
C_2_22,C,2,22,sugaku,数態12,3
C_2_23,C,2,23,sugaku,数態12,2
C_2_24,C,2,24,sugaku,数態12,4
C_2_25,C,2,25,sugaku,数態12,4
C_2_26,C,2,26,sugaku,数態12,4
C_2_27,C,2,27,sugaku,数態12,3
C_2_28,C,2,28,sugaku,数態12,2
C_2_29,C,2,29,sugaku,数態12,2
C_2_30,C,2,30,sugaku,数態12,2
C_1_1,C,1,1,sugaku,数態12,2
C_1_2,C,1,2,sugaku,数態12,4
C_1_3,C,1,3,sugaku,数態12,2
C_1_4,C,1,4,sugaku,数態12,3
C_1_5,C,1,5,sugaku,数態12,3
C_1_6,C,1,6,sugaku,数態12,2
C_1_7,C,1,7,sugaku,数態12,1
C_1_8,C,1,8,sugaku,数態12,1
C_1_9,C,1,9,sugaku,数態12,4
C_1_10,C,1,10,sugaku,数態12,3
C_1_11,C,1,11,sugaku,数態12,3
C_1_12,C,1,12,sugaku,数態12,4
D_1_13,D,1,13,sugaku,数態12,2
D_1_14,D,1,14,sugaku,数態12,3
D_1_15,D,1,15,sugaku,数態12,2
D_1_16,D,1,16,sugaku,数態12,4
D_1_17,D,1,17,sugaku,数態12,3
D_1_18,D,1,18,sugaku,数態12,4
D_1_19,D,1,19,sugaku,数態12,2
D_1_20,D,1,20,sugaku,数態12,3
D_1_21,D,1,21,sugaku,数態12,3
D_1_22,D,1,22,sugaku,数態12,1
D_1_23,D,1,23,sugaku,数態12,3
D_1_24,D,1,24,sugaku,数態12,3
D_1_25,D,1,25,sugaku,数態12,3
D_1_26,D,1,26,sugaku,数態12,3
D_1_27,D,1,27,sugaku,数態12,4
D_1_28,D,1,28,sugaku,数態12,4
D_1_29,D,1,29,sugaku,数態12,2
D_1_30,D,1,30,sugaku,数態12,4
D_2_1,D,2,1,sugaku,数態12,2
D_2_2,D,2,2,sugaku,数態12,2
D_2_3,D,2,3,sugaku,数態12,1
D_2_4,D,2,4,sugaku,数態12,3
D_2_5,D,2,5,sugaku,数態12,1
D_2_6,D,2,6,sugaku,数態12,4
D_2_7,D,2,7,sugaku,数態12,3
D_2_8,D,2,8,sugaku,数態12,3
D_2_9,D,2,9,sugaku,数態12,3
D_2_10,D,2,10,sugaku,数態12,2
D_2_11,D,2,11,sugaku,数態12,4
D_2_12,D,2,12,sugaku,数態12,4
D_2_13,D,2,13,sugaku,数態12,4
D_2_14,D,2,14,sugaku,数態12,3
D_2_15,D,2,15,sugaku,数態12,4
D_2_16,D,2,16,sugaku,数態12,3
D_2_17,D,2,17,sugaku,数態12,3
D_2_18,D,2,18,sugaku,数態12,4
D_2_19,D,2,19,sugaku,数態12,2
D_2_20,D,2,20,sugaku,数態12,3
D_2_21,D,2,21,sugaku,数態12,2
D_2_22,D,2,22,sugaku,数態12,4
D_2_23,D,2,23,sugaku,数態12,4
D_2_24,D,2,24,sugaku,数態12,2
D_2_25,D,2,25,sugaku,数態12,2
D_2_26,D,2,26,sugaku,数態12,4
D_2_27,D,2,27,sugaku,数態12,1
D_2_28,D,2,28,sugaku,数態12,1
D_2_29,D,2,29,sugaku,数態12,3
D_2_30,D,2,30,sugaku,数態12,4
A_1_1,A,1,1,rika,B理態1,4
A_1_2,A,1,2,rika,B理態1,3
A_1_3,A,1,3,rika,B理態1,3
A_1_4,A,1,4,rika,B理態1,4
A_1_5,A,1,5,rika,B理態1,3
A_1_6,A,1,6,rika,B理態1,4
A_1_7,A,1,7,rika,B理態1,4
A_1_8,A,1,8,rika,B理態1,4
A_1_9,A,1,9,rika,B理態1,4
A_1_10,A,1,10,rika,B理態1,3
A_1_11,A,1,11,rika,B理態1,4
A_1_12,A,1,12,rika,B理態1,4
A_1_13,A,1,13,rika,B理態1,4
A_1_14,A,1,14,rika,B理態1,4
A_1_15,A,1,15,rika,B理態1,3
A_1_16,A,1,16,rika,B理態1,4
A_1_17,A,1,17,rika,B理態1,4
A_1_18,A,1,18,rika,B理態1,4
A_1_19,A,1,19,rika,B理態1,4
A_1_20,A,1,20,rika,B理態1,4
A_1_21,A,1,21,rika,B理態1,4
A_1_22,A,1,22,rika,B理態1,4
A_1_23,A,1,23,rika,B理態1,3
A_1_24,A,1,24,rika,B理態1,4
A_1_25,A,1,25,rika,B理態1,4
A_1_26,A,1,26,rika,B理態1,3
A_1_27,A,1,27,rika,B理態1,4
A_1_28,A,1,28,rika,B理態1,4
A_1_29,A,1,29,rika,B理態1,4
A_1_30,A,1,30,rika,B理態1,4
A_2_1,A,2,1,rika,B理態1,4
A_2_2,A,2,2,rika,B理態1,4
A_2_3,A,2,3,rika,B理態1,4
A_2_4,A,2,4,rika,B理態1,4
A_2_5,A,2,5,rika,B理態1,4
A_2_6,A,2,6,rika,B理態1,3
A_2_7,A,2,7,rika,B理態1,4
A_2_8,A,2,8,rika,B理態1,4
A_2_9,A,2,9,rika,B理態1,4
A_2_10,A,2,10,rika,B理態1,4
A_2_11,A,2,11,rika,B理態1,4
A_2_12,A,2,12,rika,B理態1,3
A_2_13,A,2,13,rika,B理態1,4
A_2_14,A,2,14,rika,B理態1,4
A_2_15,A,2,15,rika,B理態1,3
A_2_16,A,2,16,rika,B理態1,4
A_2_17,A,2,17,rika,B理態1,3
A_2_18,A,2,18,rika,B理態1,4
A_2_19,A,2,19,rika,B理態1,4
A_2_20,A,2,20,rika,B理態1,4
A_2_21,A,2,21,rika,B理態1,4
A_2_22,A,2,22,rika,B理態1,4
A_2_23,A,2,23,rika,B理態1,4
A_2_24,A,2,24,rika,B理態1,4
A_2_25,A,2,25,rika,B理態1,3
A_2_26,A,2,26,rika,B理態1,4
A_2_27,A,2,27,rika,B理態1,4
A_2_28,A,2,28,rika,B理態1,4
A_2_29,A,2,29,rika,B理態1,4
A_2_30,A,2,30,rika,B理態1,4
B_1_1,B,1,1,rika,B理態1,3
B_1_2,B,1,2,rika,B理態1,3
B_1_3,B,1,3,rika,B理態1,3
B_1_4,B,1,4,rika,B理態1,4
B_1_5,B,1,5,rika,B理態1,3
B_1_6,B,1,6,rika,B理態1,3
B_1_7,B,1,7,rika,B理態1,3
B_1_8,B,1,8,rika,B理態1,4
B_1_9,B,1,9,rika,B理態1,3
B_1_10,B,1,10,rika,B理態1,2
B_1_11,B,1,11,rika,B理態1,4
B_1_12,B,1,12,rika,B理態1,4
B_1_13,B,1,13,rika,B理態1,4
B_1_14,B,1,14,rika,B理態1,2
B_1_15,B,1,15,rika,B理態1,2
B_1_16,B,1,16,rika,B理態1,4
B_1_17,B,1,17,rika,B理態1,3
B_1_18,B,1,18,rika,B理態1,4
B_1_19,B,1,19,rika,B理態1,1
B_1_20,B,1,20,rika,B理態1,4
B_1_21,B,1,21,rika,B理態1,3
B_1_22,B,1,22,rika,B理態1,4
B_1_23,B,1,23,rika,B理態1,3
B_1_24,B,1,24,rika,B理態1,2
B_1_25,B,1,25,rika,B理態1,3
B_1_26,B,1,26,rika,B理態1,3
B_1_27,B,1,27,rika,B理態1,3
B_1_28,B,1,28,rika,B理態1,3
B_1_29,B,1,29,rika,B理態1,3
B_1_30,B,1,30,rika,B理態1,4
B_2_1,B,2,1,rika,B理態1,4
B_2_2,B,2,2,rika,B理態1,4
B_2_3,B,2,3,rika,B理態1,4
B_2_4,B,2,4,rika,B理態1,4
B_2_5,B,2,5,rika,B理態1,4
B_2_6,B,2,6,rika,B理態1,4
B_2_7,B,2,7,rika,B理態1,4
B_2_8,B,2,8,rika,B理態1,4
B_2_9,B,2,9,rika,B理態1,4
B_2_10,B,2,10,rika,B理態1,4
B_2_11,B,2,11,rika,B理態1,2
B_2_12,B,2,12,rika,B理態1,4
B_2_13,B,2,13,rika,B理態1,4
B_2_14,B,2,14,rika,B理態1,4
B_2_15,B,2,15,rika,B理態1,3
B_2_16,B,2,16,rika,B理態1,4
B_2_17,B,2,17,rika,B理態1,4
B_2_18,B,2,18,rika,B理態1,4
B_2_19,B,2,19,rika,B理態1,3
B_2_20,B,2,20,rika,B理態1,4
B_2_21,B,2,21,rika,B理態1,3
B_2_22,B,2,22,rika,B理態1,4
B_2_23,B,2,23,rika,B理態1,4
B_2_24,B,2,24,rika,B理態1,4
B_2_25,B,2,25,rika,B理態1,4
B_2_26,B,2,26,rika,B理態1,3
B_2_27,B,2,27,rika,B理態1,4
B_2_28,B,2,28,rika,B理態1,4
B_2_29,B,2,29,rika,B理態1,4
B_2_30,B,2,30,rika,B理態1,3
C_1_1,C,1,1,rika,B理態1,4
C_1_2,C,1,2,rika,B理態1,4
C_1_3,C,1,3,rika,B理態1,4
C_1_4,C,1,4,rika,B理態1,3
C_1_5,C,1,5,rika,B理態1,4
C_1_6,C,1,6,rika,B理態1,4
C_1_7,C,1,7,rika,B理態1,4
C_1_8,C,1,8,rika,B理態1,4
C_1_9,C,1,9,rika,B理態1,3
C_1_10,C,1,10,rika,B理態1,4
C_1_11,C,1,11,rika,B理態1,3
C_1_12,C,1,12,rika,B理態1,3
C_1_13,C,1,13,rika,B理態1,4
C_1_14,C,1,14,rika,B理態1,3
C_1_15,C,1,15,rika,B理態1,3
C_1_16,C,1,16,rika,B理態1,3
C_1_17,C,1,17,rika,B理態1,4
C_1_18,C,1,18,rika,B理態1,4
C_1_19,C,1,19,rika,B理態1,4
C_1_20,C,1,20,rika,B理態1,4
C_1_21,C,1,21,rika,B理態1,4
C_1_22,C,1,22,rika,B理態1,4
C_1_23,C,1,23,rika,B理態1,4
C_1_24,C,1,24,rika,B理態1,3
C_1_25,C,1,25,rika,B理態1,4
C_1_26,C,1,26,rika,B理態1,3
C_1_27,C,1,27,rika,B理態1,4
C_1_28,C,1,28,rika,B理態1,3
C_1_29,C,1,29,rika,B理態1,4
C_1_30,C,1,30,rika,B理態1,4
C_2_1,C,2,1,rika,B理態1,4
C_2_2,C,2,2,rika,B理態1,4
C_2_3,C,2,3,rika,B理態1,2
C_2_4,C,2,4,rika,B理態1,2
C_2_5,C,2,5,rika,B理態1,3
C_2_6,C,2,6,rika,B理態1,3
C_2_7,C,2,7,rika,B理態1,2
C_2_8,C,2,8,rika,B理態1,4
C_2_9,C,2,9,rika,B理態1,2
C_2_10,C,2,10,rika,B理態1,3
C_2_11,C,2,11,rika,B理態1,3
C_2_12,C,2,12,rika,B理態1,3
C_2_13,C,2,13,rika,B理態1,3
C_2_14,C,2,14,rika,B理態1,4
C_2_15,C,2,15,rika,B理態1,4
C_2_16,C,2,16,rika,B理態1,4
C_2_17,C,2,17,rika,B理態1,3
C_2_18,C,2,18,rika,B理態1,3
C_2_19,C,2,19,rika,B理態1,4
C_2_20,C,2,20,rika,B理態1,3
C_2_21,C,2,21,rika,B理態1,4
C_2_22,C,2,22,rika,B理態1,4
C_2_23,C,2,23,rika,B理態1,4
C_2_24,C,2,24,rika,B理態1,4
C_2_25,C,2,25,rika,B理態1,3
C_2_26,C,2,26,rika,B理態1,3
C_2_27,C,2,27,rika,B理態1,3
C_2_28,C,2,28,rika,B理態1,3
C_2_29,C,2,29,rika,B理態1,4
C_2_30,C,2,30,rika,B理態1,4
C_1_1,C,1,1,rika,B理態1,4
C_1_2,C,1,2,rika,B理態1,3
C_1_3,C,1,3,rika,B理態1,4
C_1_4,C,1,4,rika,B理態1,4
C_1_5,C,1,5,rika,B理態1,4
C_1_6,C,1,6,rika,B理態1,3
C_1_7,C,1,7,rika,B理態1,3
C_1_8,C,1,8,rika,B理態1,3
C_1_9,C,1,9,rika,B理態1,3
C_1_10,C,1,10,rika,B理態1,4
C_1_11,C,1,11,rika,B理態1,4
C_1_12,C,1,12,rika,B理態1,2
D_1_13,D,1,13,rika,B理態1,4
D_1_14,D,1,14,rika,B理態1,3
D_1_15,D,1,15,rika,B理態1,4
D_1_16,D,1,16,rika,B理態1,3
D_1_17,D,1,17,rika,B理態1,3
D_1_18,D,1,18,rika,B理態1,3
D_1_19,D,1,19,rika,B理態1,3
D_1_20,D,1,20,rika,B理態1,3
D_1_21,D,1,21,rika,B理態1,3
D_1_22,D,1,22,rika,B理態1,3
D_1_23,D,1,23,rika,B理態1,3
D_1_24,D,1,24,rika,B理態1,3
D_1_25,D,1,25,rika,B理態1,3
D_1_26,D,1,26,rika,B理態1,4
D_1_27,D,1,27,rika,B理態1,4
D_1_28,D,1,28,rika,B理態1,4
D_1_29,D,1,29,rika,B理態1,3
D_1_30,D,1,30,rika,B理態1,4
D_2_1,D,2,1,rika,B理態1,3
D_2_2,D,2,2,rika,B理態1,4
D_2_3,D,2,3,rika,B理態1,3
D_2_4,D,2,4,rika,B理態1,3
D_2_5,D,2,5,rika,B理態1,3
D_2_6,D,2,6,rika,B理態1,4
D_2_7,D,2,7,rika,B理態1,4
D_2_8,D,2,8,rika,B理態1,2
D_2_9,D,2,9,rika,B理態1,4
D_2_10,D,2,10,rika,B理態1,3
D_2_11,D,2,11,rika,B理態1,4
D_2_12,D,2,12,rika,B理態1,4
D_2_13,D,2,13,rika,B理態1,4
D_2_14,D,2,14,rika,B理態1,2
D_2_15,D,2,15,rika,B理態1,4
D_2_16,D,2,16,rika,B理態1,3
D_2_17,D,2,17,rika,B理態1,4
D_2_18,D,2,18,rika,B理態1,4
D_2_19,D,2,19,rika,B理態1,3
D_2_20,D,2,20,rika,B理態1,4
D_2_21,D,2,21,rika,B理態1,3
D_2_22,D,2,22,rika,B理態1,4
D_2_23,D,2,23,rika,B理態1,4
D_2_24,D,2,24,rika,B理態1,2
D_2_25,D,2,25,rika,B理態1,2
D_2_26,D,2,26,rika,B理態1,4
D_2_27,D,2,27,rika,B理態1,3
D_2_28,D,2,28,rika,B理態1,4
D_2_29,D,2,29,rika,B理態1,2
D_2_30,D,2,30,rika,B理態1,4
A_1_1,A,1,1,rika,B理態2,3
A_1_2,A,1,2,rika,B理態2,3
A_1_3,A,1,3,rika,B理態2,3
A_1_4,A,1,4,rika,B理態2,4
A_1_5,A,1,5,rika,B理態2,2
A_1_6,A,1,6,rika,B理態2,4
A_1_7,A,1,7,rika,B理態2,3
A_1_8,A,1,8,rika,B理態2,4
A_1_9,A,1,9,rika,B理態2,3
A_1_10,A,1,10,rika,B理態2,3
A_1_11,A,1,11,rika,B理態2,4
A_1_12,A,1,12,rika,B理態2,3
A_1_13,A,1,13,rika,B理態2,2
A_1_14,A,1,14,rika,B理態2,4
A_1_15,A,1,15,rika,B理態2,3
A_1_16,A,1,16,rika,B理態2,4
A_1_17,A,1,17,rika,B理態2,3
A_1_18,A,1,18,rika,B理態2,4
A_1_19,A,1,19,rika,B理態2,4
A_1_20,A,1,20,rika,B理態2,3
A_1_21,A,1,21,rika,B理態2,4
A_1_22,A,1,22,rika,B理態2,3
A_1_23,A,1,23,rika,B理態2,3
A_1_24,A,1,24,rika,B理態2,4
A_1_25,A,1,25,rika,B理態2,3
A_1_26,A,1,26,rika,B理態2,3
A_1_27,A,1,27,rika,B理態2,4
A_1_28,A,1,28,rika,B理態2,4
A_1_29,A,1,29,rika,B理態2,4
A_1_30,A,1,30,rika,B理態2,4
A_2_1,A,2,1,rika,B理態2,4
A_2_2,A,2,2,rika,B理態2,3
A_2_3,A,2,3,rika,B理態2,4
A_2_4,A,2,4,rika,B理態2,4
A_2_5,A,2,5,rika,B理態2,3
A_2_6,A,2,6,rika,B理態2,3
A_2_7,A,2,7,rika,B理態2,4
A_2_8,A,2,8,rika,B理態2,4
A_2_9,A,2,9,rika,B理態2,3
A_2_10,A,2,10,rika,B理態2,4
A_2_11,A,2,11,rika,B理態2,4
A_2_12,A,2,12,rika,B理態2,2
A_2_13,A,2,13,rika,B理態2,4
A_2_14,A,2,14,rika,B理態2,3
A_2_15,A,2,15,rika,B理態2,3
A_2_16,A,2,16,rika,B理態2,4
A_2_17,A,2,17,rika,B理態2,3
A_2_18,A,2,18,rika,B理態2,4
A_2_19,A,2,19,rika,B理態2,3
A_2_20,A,2,20,rika,B理態2,4
A_2_21,A,2,21,rika,B理態2,4
A_2_22,A,2,22,rika,B理態2,4
A_2_23,A,2,23,rika,B理態2,4
A_2_24,A,2,24,rika,B理態2,3
A_2_25,A,2,25,rika,B理態2,2
A_2_26,A,2,26,rika,B理態2,4
A_2_27,A,2,27,rika,B理態2,3
A_2_28,A,2,28,rika,B理態2,4
A_2_29,A,2,29,rika,B理態2,4
A_2_30,A,2,30,rika,B理態2,4
B_1_1,B,1,1,rika,B理態2,3
B_1_2,B,1,2,rika,B理態2,2
B_1_3,B,1,3,rika,B理態2,3
B_1_4,B,1,4,rika,B理態2,4
B_1_5,B,1,5,rika,B理態2,4
B_1_6,B,1,6,rika,B理態2,3
B_1_7,B,1,7,rika,B理態2,3
B_1_8,B,1,8,rika,B理態2,4
B_1_9,B,1,9,rika,B理態2,3
B_1_10,B,1,10,rika,B理態2,3
B_1_11,B,1,11,rika,B理態2,4
B_1_12,B,1,12,rika,B理態2,4
B_1_13,B,1,13,rika,B理態2,3
B_1_14,B,1,14,rika,B理態2,2
B_1_15,B,1,15,rika,B理態2,4
B_1_16,B,1,16,rika,B理態2,4
B_1_17,B,1,17,rika,B理態2,3
B_1_18,B,1,18,rika,B理態2,3
B_1_19,B,1,19,rika,B理態2,3
B_1_20,B,1,20,rika,B理態2,2
B_1_21,B,1,21,rika,B理態2,3
B_1_22,B,1,22,rika,B理態2,4
B_1_23,B,1,23,rika,B理態2,2
B_1_24,B,1,24,rika,B理態2,2
B_1_25,B,1,25,rika,B理態2,3
B_1_26,B,1,26,rika,B理態2,3
B_1_27,B,1,27,rika,B理態2,3
B_1_28,B,1,28,rika,B理態2,3
B_1_29,B,1,29,rika,B理態2,2
B_1_30,B,1,30,rika,B理態2,4
B_2_1,B,2,1,rika,B理態2,4
B_2_2,B,2,2,rika,B理態2,4
B_2_3,B,2,3,rika,B理態2,4
B_2_4,B,2,4,rika,B理態2,3
B_2_5,B,2,5,rika,B理態2,4
B_2_6,B,2,6,rika,B理態2,3
B_2_7,B,2,7,rika,B理態2,3
B_2_8,B,2,8,rika,B理態2,3
B_2_9,B,2,9,rika,B理態2,2
B_2_10,B,2,10,rika,B理態2,3
B_2_11,B,2,11,rika,B理態2,3
B_2_12,B,2,12,rika,B理態2,4
B_2_13,B,2,13,rika,B理態2,2
B_2_14,B,2,14,rika,B理態2,3
B_2_15,B,2,15,rika,B理態2,3
B_2_16,B,2,16,rika,B理態2,3
B_2_17,B,2,17,rika,B理態2,3
B_2_18,B,2,18,rika,B理態2,3
B_2_19,B,2,19,rika,B理態2,3
B_2_20,B,2,20,rika,B理態2,3
B_2_21,B,2,21,rika,B理態2,2
B_2_22,B,2,22,rika,B理態2,4
B_2_23,B,2,23,rika,B理態2,4
B_2_24,B,2,24,rika,B理態2,4
B_2_25,B,2,25,rika,B理態2,3
B_2_26,B,2,26,rika,B理態2,3
B_2_27,B,2,27,rika,B理態2,4
B_2_28,B,2,28,rika,B理態2,4
B_2_29,B,2,29,rika,B理態2,4
B_2_30,B,2,30,rika,B理態2,2
C_1_1,C,1,1,rika,B理態2,4
C_1_2,C,1,2,rika,B理態2,3
C_1_3,C,1,3,rika,B理態2,1
C_1_4,C,1,4,rika,B理態2,4
C_1_5,C,1,5,rika,B理態2,4
C_1_6,C,1,6,rika,B理態2,2
C_1_7,C,1,7,rika,B理態2,4
C_1_8,C,1,8,rika,B理態2,3
C_1_9,C,1,9,rika,B理態2,3
C_1_10,C,1,10,rika,B理態2,4
C_1_11,C,1,11,rika,B理態2,2
C_1_12,C,1,12,rika,B理態2,3
C_1_13,C,1,13,rika,B理態2,4
C_1_14,C,1,14,rika,B理態2,3
C_1_15,C,1,15,rika,B理態2,3
C_1_16,C,1,16,rika,B理態2,3
C_1_17,C,1,17,rika,B理態2,4
C_1_18,C,1,18,rika,B理態2,2
C_1_19,C,1,19,rika,B理態2,4
C_1_20,C,1,20,rika,B理態2,4
C_1_21,C,1,21,rika,B理態2,4
C_1_22,C,1,22,rika,B理態2,2
C_1_23,C,1,23,rika,B理態2,3
C_1_24,C,1,24,rika,B理態2,2
C_1_25,C,1,25,rika,B理態2,4
C_1_26,C,1,26,rika,B理態2,2
C_1_27,C,1,27,rika,B理態2,4
C_1_28,C,1,28,rika,B理態2,3
C_1_29,C,1,29,rika,B理態2,4
C_1_30,C,1,30,rika,B理態2,4
C_2_1,C,2,1,rika,B理態2,4
C_2_2,C,2,2,rika,B理態2,4
C_2_3,C,2,3,rika,B理態2,2
C_2_4,C,2,4,rika,B理態2,1
C_2_5,C,2,5,rika,B理態2,3
C_2_6,C,2,6,rika,B理態2,2
C_2_7,C,2,7,rika,B理態2,1
C_2_8,C,2,8,rika,B理態2,4
C_2_9,C,2,9,rika,B理態2,3
C_2_10,C,2,10,rika,B理態2,3
C_2_11,C,2,11,rika,B理態2,3
C_2_12,C,2,12,rika,B理態2,3
C_2_13,C,2,13,rika,B理態2,3
C_2_14,C,2,14,rika,B理態2,4
C_2_15,C,2,15,rika,B理態2,2
C_2_16,C,2,16,rika,B理態2,3
C_2_17,C,2,17,rika,B理態2,2
C_2_18,C,2,18,rika,B理態2,3
C_2_19,C,2,19,rika,B理態2,3
C_2_20,C,2,20,rika,B理態2,1
C_2_21,C,2,21,rika,B理態2,2
C_2_22,C,2,22,rika,B理態2,3
C_2_23,C,2,23,rika,B理態2,4
C_2_24,C,2,24,rika,B理態2,4
C_2_25,C,2,25,rika,B理態2,2
C_2_26,C,2,26,rika,B理態2,3
C_2_27,C,2,27,rika,B理態2,2
C_2_28,C,2,28,rika,B理態2,2
C_2_29,C,2,29,rika,B理態2,3
C_2_30,C,2,30,rika,B理態2,4
C_1_1,C,1,1,rika,B理態2,4
C_1_2,C,1,2,rika,B理態2,3
C_1_3,C,1,3,rika,B理態2,4
C_1_4,C,1,4,rika,B理態2,2
C_1_5,C,1,5,rika,B理態2,2
C_1_6,C,1,6,rika,B理態2,2
C_1_7,C,1,7,rika,B理態2,1
C_1_8,C,1,8,rika,B理態2,3
C_1_9,C,1,9,rika,B理態2,2
C_1_10,C,1,10,rika,B理態2,3
C_1_11,C,1,11,rika,B理態2,3
C_1_12,C,1,12,rika,B理態2,2
D_1_13,D,1,13,rika,B理態2,2
D_1_14,D,1,14,rika,B理態2,2
D_1_15,D,1,15,rika,B理態2,4
D_1_16,D,1,16,rika,B理態2,3
D_1_17,D,1,17,rika,B理態2,2
D_1_18,D,1,18,rika,B理態2,2
D_1_19,D,1,19,rika,B理態2,2
D_1_20,D,1,20,rika,B理態2,1
D_1_21,D,1,21,rika,B理態2,2
D_1_22,D,1,22,rika,B理態2,2
D_1_23,D,1,23,rika,B理態2,3
D_1_24,D,1,24,rika,B理態2,2
D_1_25,D,1,25,rika,B理態2,2
D_1_26,D,1,26,rika,B理態2,3
D_1_27,D,1,27,rika,B理態2,4
D_1_28,D,1,28,rika,B理態2,4
D_1_29,D,1,29,rika,B理態2,3
D_1_30,D,1,30,rika,B理態2,4
D_2_1,D,2,1,rika,B理態2,3
D_2_2,D,2,2,rika,B理態2,3
D_2_3,D,2,3,rika,B理態2,1
D_2_4,D,2,4,rika,B理態2,3
D_2_5,D,2,5,rika,B理態2,2
D_2_6,D,2,6,rika,B理態2,3
D_2_7,D,2,7,rika,B理態2,3
D_2_8,D,2,8,rika,B理態2,2
D_2_9,D,2,9,rika,B理態2,2
D_2_10,D,2,10,rika,B理態2,2
D_2_11,D,2,11,rika,B理態2,4
D_2_12,D,2,12,rika,B理態2,3
D_2_13,D,2,13,rika,B理態2,3
D_2_14,D,2,14,rika,B理態2,2
D_2_15,D,2,15,rika,B理態2,3
D_2_16,D,2,16,rika,B理態2,3
D_2_17,D,2,17,rika,B理態2,2
D_2_18,D,2,18,rika,B理態2,4
D_2_19,D,2,19,rika,B理態2,2
D_2_20,D,2,20,rika,B理態2,4
D_2_21,D,2,21,rika,B理態2,2
D_2_22,D,2,22,rika,B理態2,4
D_2_23,D,2,23,rika,B理態2,2
D_2_24,D,2,24,rika,B理態2,2
D_2_25,D,2,25,rika,B理態2,2
D_2_26,D,2,26,rika,B理態2,4
D_2_27,D,2,27,rika,B理態2,1
D_2_28,D,2,28,rika,B理態2,3
D_2_29,D,2,29,rika,B理態2,2
D_2_30,D,2,30,rika,B理態2,4
A_1_1,A,1,1,rika,B理態3,4
A_1_2,A,1,2,rika,B理態3,3
A_1_3,A,1,3,rika,B理態3,3
A_1_4,A,1,4,rika,B理態3,4
A_1_5,A,1,5,rika,B理態3,3
A_1_6,A,1,6,rika,B理態3,4
A_1_7,A,1,7,rika,B理態3,4
A_1_8,A,1,8,rika,B理態3,4
A_1_9,A,1,9,rika,B理態3,4
A_1_10,A,1,10,rika,B理態3,3
A_1_11,A,1,11,rika,B理態3,4
A_1_12,A,1,12,rika,B理態3,4
A_1_13,A,1,13,rika,B理態3,3
A_1_14,A,1,14,rika,B理態3,3
A_1_15,A,1,15,rika,B理態3,3
A_1_16,A,1,16,rika,B理態3,4
A_1_17,A,1,17,rika,B理態3,3
A_1_18,A,1,18,rika,B理態3,3
A_1_19,A,1,19,rika,B理態3,4
A_1_20,A,1,20,rika,B理態3,4
A_1_21,A,1,21,rika,B理態3,4
A_1_22,A,1,22,rika,B理態3,4
A_1_23,A,1,23,rika,B理態3,4
A_1_24,A,1,24,rika,B理態3,4
A_1_25,A,1,25,rika,B理態3,4
A_1_26,A,1,26,rika,B理態3,3
A_1_27,A,1,27,rika,B理態3,4
A_1_28,A,1,28,rika,B理態3,4
A_1_29,A,1,29,rika,B理態3,4
A_1_30,A,1,30,rika,B理態3,4
A_2_1,A,2,1,rika,B理態3,4
A_2_2,A,2,2,rika,B理態3,3
A_2_3,A,2,3,rika,B理態3,3
A_2_4,A,2,4,rika,B理態3,4
A_2_5,A,2,5,rika,B理態3,3
A_2_6,A,2,6,rika,B理態3,3
A_2_7,A,2,7,rika,B理態3,4
A_2_8,A,2,8,rika,B理態3,4
A_2_9,A,2,9,rika,B理態3,4
A_2_10,A,2,10,rika,B理態3,4
A_2_11,A,2,11,rika,B理態3,4
A_2_12,A,2,12,rika,B理態3,3
A_2_13,A,2,13,rika,B理態3,4
A_2_14,A,2,14,rika,B理態3,3
A_2_15,A,2,15,rika,B理態3,3
A_2_16,A,2,16,rika,B理態3,4
A_2_17,A,2,17,rika,B理態3,3
A_2_18,A,2,18,rika,B理態3,4
A_2_19,A,2,19,rika,B理態3,4
A_2_20,A,2,20,rika,B理態3,4
A_2_21,A,2,21,rika,B理態3,4
A_2_22,A,2,22,rika,B理態3,4
A_2_23,A,2,23,rika,B理態3,4
A_2_24,A,2,24,rika,B理態3,3
A_2_25,A,2,25,rika,B理態3,3
A_2_26,A,2,26,rika,B理態3,4
A_2_27,A,2,27,rika,B理態3,3
A_2_28,A,2,28,rika,B理態3,4
A_2_29,A,2,29,rika,B理態3,4
A_2_30,A,2,30,rika,B理態3,3
B_1_1,B,1,1,rika,B理態3,4
B_1_2,B,1,2,rika,B理態3,3
B_1_3,B,1,3,rika,B理態3,4
B_1_4,B,1,4,rika,B理態3,4
B_1_5,B,1,5,rika,B理態3,4
B_1_6,B,1,6,rika,B理態3,3
B_1_7,B,1,7,rika,B理態3,3
B_1_8,B,1,8,rika,B理態3,4
B_1_9,B,1,9,rika,B理態3,4
B_1_10,B,1,10,rika,B理態3,3
B_1_11,B,1,11,rika,B理態3,4
B_1_12,B,1,12,rika,B理態3,4
B_1_13,B,1,13,rika,B理態3,4
B_1_14,B,1,14,rika,B理態3,2
B_1_15,B,1,15,rika,B理態3,4
B_1_16,B,1,16,rika,B理態3,4
B_1_17,B,1,17,rika,B理態3,3
B_1_18,B,1,18,rika,B理態3,4
B_1_19,B,1,19,rika,B理態3,3
B_1_20,B,1,20,rika,B理態3,4
B_1_21,B,1,21,rika,B理態3,4
B_1_22,B,1,22,rika,B理態3,4
B_1_23,B,1,23,rika,B理態3,3
B_1_24,B,1,24,rika,B理態3,2
B_1_25,B,1,25,rika,B理態3,3
B_1_26,B,1,26,rika,B理態3,3
B_1_27,B,1,27,rika,B理態3,2
B_1_28,B,1,28,rika,B理態3,3
B_1_29,B,1,29,rika,B理態3,3
B_1_30,B,1,30,rika,B理態3,4
B_2_1,B,2,1,rika,B理態3,4
B_2_2,B,2,2,rika,B理態3,4
B_2_3,B,2,3,rika,B理態3,4
B_2_4,B,2,4,rika,B理態3,4
B_2_5,B,2,5,rika,B理態3,4
B_2_6,B,2,6,rika,B理態3,3
B_2_7,B,2,7,rika,B理態3,4
B_2_8,B,2,8,rika,B理態3,3
B_2_9,B,2,9,rika,B理態3,3
B_2_10,B,2,10,rika,B理態3,4
B_2_11,B,2,11,rika,B理態3,3
B_2_12,B,2,12,rika,B理態3,4
B_2_13,B,2,13,rika,B理態3,4
B_2_14,B,2,14,rika,B理態3,4
B_2_15,B,2,15,rika,B理態3,3
B_2_16,B,2,16,rika,B理態3,4
B_2_17,B,2,17,rika,B理態3,3
B_2_18,B,2,18,rika,B理態3,4
B_2_19,B,2,19,rika,B理態3,4
B_2_20,B,2,20,rika,B理態3,4
B_2_21,B,2,21,rika,B理態3,4
B_2_22,B,2,22,rika,B理態3,4
B_2_23,B,2,23,rika,B理態3,4
B_2_24,B,2,24,rika,B理態3,4
B_2_25,B,2,25,rika,B理態3,4
B_2_26,B,2,26,rika,B理態3,4
B_2_27,B,2,27,rika,B理態3,4
B_2_28,B,2,28,rika,B理態3,4
B_2_29,B,2,29,rika,B理態3,4
B_2_30,B,2,30,rika,B理態3,3
C_1_1,C,1,1,rika,B理態3,4
C_1_2,C,1,2,rika,B理態3,3
C_1_3,C,1,3,rika,B理態3,2
C_1_4,C,1,4,rika,B理態3,3
C_1_5,C,1,5,rika,B理態3,4
C_1_6,C,1,6,rika,B理態3,4
C_1_7,C,1,7,rika,B理態3,4
C_1_8,C,1,8,rika,B理態3,2
C_1_9,C,1,9,rika,B理態3,3
C_1_10,C,1,10,rika,B理態3,3
C_1_11,C,1,11,rika,B理態3,4
C_1_12,C,1,12,rika,B理態3,3
C_1_13,C,1,13,rika,B理態3,4
C_1_14,C,1,14,rika,B理態3,3
C_1_15,C,1,15,rika,B理態3,3
C_1_16,C,1,16,rika,B理態3,2
C_1_17,C,1,17,rika,B理態3,4
C_1_18,C,1,18,rika,B理態3,4
C_1_19,C,1,19,rika,B理態3,3
C_1_20,C,1,20,rika,B理態3,4
C_1_21,C,1,21,rika,B理態3,4
C_1_22,C,1,22,rika,B理態3,3
C_1_23,C,1,23,rika,B理態3,3
C_1_24,C,1,24,rika,B理態3,3
C_1_25,C,1,25,rika,B理態3,4
C_1_26,C,1,26,rika,B理態3,3
C_1_27,C,1,27,rika,B理態3,4
C_1_28,C,1,28,rika,B理態3,3
C_1_29,C,1,29,rika,B理態3,4
C_1_30,C,1,30,rika,B理態3,4
C_2_1,C,2,1,rika,B理態3,4
C_2_2,C,2,2,rika,B理態3,4
C_2_3,C,2,3,rika,B理態3,2
C_2_4,C,2,4,rika,B理態3,2
C_2_5,C,2,5,rika,B理態3,3
C_2_6,C,2,6,rika,B理態3,3
C_2_7,C,2,7,rika,B理態3,3
C_2_8,C,2,8,rika,B理態3,4
C_2_9,C,2,9,rika,B理態3,3
C_2_10,C,2,10,rika,B理態3,3
C_2_11,C,2,11,rika,B理態3,3
C_2_12,C,2,12,rika,B理態3,3
C_2_13,C,2,13,rika,B理態3,4
C_2_14,C,2,14,rika,B理態3,4
C_2_15,C,2,15,rika,B理態3,2
C_2_16,C,2,16,rika,B理態3,4
C_2_17,C,2,17,rika,B理態3,2
C_2_18,C,2,18,rika,B理態3,3
C_2_19,C,2,19,rika,B理態3,4
C_2_20,C,2,20,rika,B理態3,4
C_2_21,C,2,21,rika,B理態3,2
C_2_22,C,2,22,rika,B理態3,4
C_2_23,C,2,23,rika,B理態3,4
C_2_24,C,2,24,rika,B理態3,4
C_2_25,C,2,25,rika,B理態3,2
C_2_26,C,2,26,rika,B理態3,3
C_2_27,C,2,27,rika,B理態3,3
C_2_28,C,2,28,rika,B理態3,3
C_2_29,C,2,29,rika,B理態3,3
C_2_30,C,2,30,rika,B理態3,4
C_1_1,C,1,1,rika,B理態3,4
C_1_2,C,1,2,rika,B理態3,3
C_1_3,C,1,3,rika,B理態3,4
C_1_4,C,1,4,rika,B理態3,3
C_1_5,C,1,5,rika,B理態3,3
C_1_6,C,1,6,rika,B理態3,2
C_1_7,C,1,7,rika,B理態3,1
C_1_8,C,1,8,rika,B理態3,3
C_1_9,C,1,9,rika,B理態3,2
C_1_10,C,1,10,rika,B理態3,3
C_1_11,C,1,11,rika,B理態3,4
C_1_12,C,1,12,rika,B理態3,3
D_1_13,D,1,13,rika,B理態3,3
D_1_14,D,1,14,rika,B理態3,3
D_1_15,D,1,15,rika,B理態3,4
D_1_16,D,1,16,rika,B理態3,4
D_1_17,D,1,17,rika,B理態3,2
D_1_18,D,1,18,rika,B理態3,3
D_1_19,D,1,19,rika,B理態3,2
D_1_20,D,1,20,rika,B理態3,1
D_1_21,D,1,21,rika,B理態3,2
D_1_22,D,1,22,rika,B理態3,2
D_1_23,D,1,23,rika,B理態3,3
D_1_24,D,1,24,rika,B理態3,3
D_1_25,D,1,25,rika,B理態3,3
D_1_26,D,1,26,rika,B理態3,3
D_1_27,D,1,27,rika,B理態3,4
D_1_28,D,1,28,rika,B理態3,4
D_1_29,D,1,29,rika,B理態3,3
D_1_30,D,1,30,rika,B理態3,4
D_2_1,D,2,1,rika,B理態3,3
D_2_2,D,2,2,rika,B理態3,4
D_2_3,D,2,3,rika,B理態3,4
D_2_4,D,2,4,rika,B理態3,3
D_2_5,D,2,5,rika,B理態3,2
D_2_6,D,2,6,rika,B理態3,3
D_2_7,D,2,7,rika,B理態3,4
D_2_8,D,2,8,rika,B理態3,3
D_2_9,D,2,9,rika,B理態3,3
D_2_10,D,2,10,rika,B理態3,2
D_2_11,D,2,11,rika,B理態3,4
D_2_12,D,2,12,rika,B理態3,3
D_2_13,D,2,13,rika,B理態3,3
D_2_14,D,2,14,rika,B理態3,2
D_2_15,D,2,15,rika,B理態3,4
D_2_16,D,2,16,rika,B理態3,4
D_2_17,D,2,17,rika,B理態3,3
D_2_18,D,2,18,rika,B理態3,4
D_2_19,D,2,19,rika,B理態3,2
D_2_20,D,2,20,rika,B理態3,4
D_2_21,D,2,21,rika,B理態3,3
D_2_22,D,2,22,rika,B理態3,4
D_2_23,D,2,23,rika,B理態3,3
D_2_24,D,2,24,rika,B理態3,2
D_2_25,D,2,25,rika,B理態3,2
D_2_26,D,2,26,rika,B理態3,4
D_2_27,D,2,27,rika,B理態3,3
D_2_28,D,2,28,rika,B理態3,4
D_2_29,D,2,29,rika,B理態3,3
D_2_30,D,2,30,rika,B理態3,4
A_1_1,A,1,1,rika,B理態4,4
A_1_2,A,1,2,rika,B理態4,3
A_1_3,A,1,3,rika,B理態4,3
A_1_4,A,1,4,rika,B理態4,3
A_1_5,A,1,5,rika,B理態4,3
A_1_6,A,1,6,rika,B理態4,4
A_1_7,A,1,7,rika,B理態4,3
A_1_8,A,1,8,rika,B理態4,4
A_1_9,A,1,9,rika,B理態4,3
A_1_10,A,1,10,rika,B理態4,3
A_1_11,A,1,11,rika,B理態4,4
A_1_12,A,1,12,rika,B理態4,3
A_1_13,A,1,13,rika,B理態4,3
A_1_14,A,1,14,rika,B理態4,3
A_1_15,A,1,15,rika,B理態4,4
A_1_16,A,1,16,rika,B理態4,4
A_1_17,A,1,17,rika,B理態4,3
A_1_18,A,1,18,rika,B理態4,4
A_1_19,A,1,19,rika,B理態4,4
A_1_20,A,1,20,rika,B理態4,4
A_1_21,A,1,21,rika,B理態4,4
A_1_22,A,1,22,rika,B理態4,3
A_1_23,A,1,23,rika,B理態4,3
A_1_24,A,1,24,rika,B理態4,4
A_1_25,A,1,25,rika,B理態4,4
A_1_26,A,1,26,rika,B理態4,2
A_1_27,A,1,27,rika,B理態4,4
A_1_28,A,1,28,rika,B理態4,3
A_1_29,A,1,29,rika,B理態4,4
A_1_30,A,1,30,rika,B理態4,4
A_2_1,A,2,1,rika,B理態4,4
A_2_2,A,2,2,rika,B理態4,3
A_2_3,A,2,3,rika,B理態4,4
A_2_4,A,2,4,rika,B理態4,4
A_2_5,A,2,5,rika,B理態4,4
A_2_6,A,2,6,rika,B理態4,3
A_2_7,A,2,7,rika,B理態4,4
A_2_8,A,2,8,rika,B理態4,4
A_2_9,A,2,9,rika,B理態4,3
A_2_10,A,2,10,rika,B理態4,4
A_2_11,A,2,11,rika,B理態4,4
A_2_12,A,2,12,rika,B理態4,2
A_2_13,A,2,13,rika,B理態4,4
A_2_14,A,2,14,rika,B理態4,3
A_2_15,A,2,15,rika,B理態4,3
A_2_16,A,2,16,rika,B理態4,4
A_2_17,A,2,17,rika,B理態4,3
A_2_18,A,2,18,rika,B理態4,4
A_2_19,A,2,19,rika,B理態4,4
A_2_20,A,2,20,rika,B理態4,4
A_2_21,A,2,21,rika,B理態4,4
A_2_22,A,2,22,rika,B理態4,4
A_2_23,A,2,23,rika,B理態4,4
A_2_24,A,2,24,rika,B理態4,2
A_2_25,A,2,25,rika,B理態4,2
A_2_26,A,2,26,rika,B理態4,4
A_2_27,A,2,27,rika,B理態4,2
A_2_28,A,2,28,rika,B理態4,4
A_2_29,A,2,29,rika,B理態4,4
A_2_30,A,2,30,rika,B理態4,3
B_1_1,B,1,1,rika,B理態4,3
B_1_2,B,1,2,rika,B理態4,2
B_1_3,B,1,3,rika,B理態4,3
B_1_4,B,1,4,rika,B理態4,4
B_1_5,B,1,5,rika,B理態4,3
B_1_6,B,1,6,rika,B理態4,3
B_1_7,B,1,7,rika,B理態4,3
B_1_8,B,1,8,rika,B理態4,4
B_1_9,B,1,9,rika,B理態4,3
B_1_10,B,1,10,rika,B理態4,3
B_1_11,B,1,11,rika,B理態4,4
B_1_12,B,1,12,rika,B理態4,3
B_1_13,B,1,13,rika,B理態4,4
B_1_14,B,1,14,rika,B理態4,2
B_1_15,B,1,15,rika,B理態4,2
B_1_16,B,1,16,rika,B理態4,4
B_1_17,B,1,17,rika,B理態4,3
B_1_18,B,1,18,rika,B理態4,4
B_1_19,B,1,19,rika,B理態4,2
B_1_20,B,1,20,rika,B理態4,3
B_1_21,B,1,21,rika,B理態4,3
B_1_22,B,1,22,rika,B理態4,4
B_1_23,B,1,23,rika,B理態4,2
B_1_24,B,1,24,rika,B理態4,1
B_1_25,B,1,25,rika,B理態4,3
B_1_26,B,1,26,rika,B理態4,4
B_1_27,B,1,27,rika,B理態4,2
B_1_28,B,1,28,rika,B理態4,3
B_1_29,B,1,29,rika,B理態4,2
B_1_30,B,1,30,rika,B理態4,4
B_2_1,B,2,1,rika,B理態4,4
B_2_2,B,2,2,rika,B理態4,4
B_2_3,B,2,3,rika,B理態4,4
B_2_4,B,2,4,rika,B理態4,4
B_2_5,B,2,5,rika,B理態4,4
B_2_6,B,2,6,rika,B理態4,3
B_2_7,B,2,7,rika,B理態4,2
B_2_8,B,2,8,rika,B理態4,4
B_2_9,B,2,9,rika,B理態4,4
B_2_10,B,2,10,rika,B理態4,3
B_2_11,B,2,11,rika,B理態4,2
B_2_12,B,2,12,rika,B理態4,4
B_2_13,B,2,13,rika,B理態4,4
B_2_14,B,2,14,rika,B理態4,4
B_2_15,B,2,15,rika,B理態4,2
B_2_16,B,2,16,rika,B理態4,3
B_2_17,B,2,17,rika,B理態4,3
B_2_18,B,2,18,rika,B理態4,3
B_2_19,B,2,19,rika,B理態4,3
B_2_20,B,2,20,rika,B理態4,4
B_2_21,B,2,21,rika,B理態4,2
B_2_22,B,2,22,rika,B理態4,4
B_2_23,B,2,23,rika,B理態4,4
B_2_24,B,2,24,rika,B理態4,4
B_2_25,B,2,25,rika,B理態4,3
B_2_26,B,2,26,rika,B理態4,3
B_2_27,B,2,27,rika,B理態4,4
B_2_28,B,2,28,rika,B理態4,4
B_2_29,B,2,29,rika,B理態4,4
B_2_30,B,2,30,rika,B理態4,4
C_1_1,C,1,1,rika,B理態4,4
C_1_2,C,1,2,rika,B理態4,3
C_1_3,C,1,3,rika,B理態4,3
C_1_4,C,1,4,rika,B理態4,3
C_1_5,C,1,5,rika,B理態4,3
C_1_6,C,1,6,rika,B理態4,3
C_1_7,C,1,7,rika,B理態4,3
C_1_8,C,1,8,rika,B理態4,3
C_1_9,C,1,9,rika,B理態4,3
C_1_10,C,1,10,rika,B理態4,4
C_1_11,C,1,11,rika,B理態4,4
C_1_12,C,1,12,rika,B理態4,3
C_1_13,C,1,13,rika,B理態4,4
C_1_14,C,1,14,rika,B理態4,2
C_1_15,C,1,15,rika,B理態4,3
C_1_16,C,1,16,rika,B理態4,3
C_1_17,C,1,17,rika,B理態4,4
C_1_18,C,1,18,rika,B理態4,3
C_1_19,C,1,19,rika,B理態4,3
C_1_20,C,1,20,rika,B理態4,4
C_1_21,C,1,21,rika,B理態4,4
C_1_22,C,1,22,rika,B理態4,3
C_1_23,C,1,23,rika,B理態4,2
C_1_24,C,1,24,rika,B理態4,4
C_1_25,C,1,25,rika,B理態4,4
C_1_26,C,1,26,rika,B理態4,2
C_1_27,C,1,27,rika,B理態4,4
C_1_28,C,1,28,rika,B理態4,3
C_1_29,C,1,29,rika,B理態4,4
C_1_30,C,1,30,rika,B理態4,3
C_2_1,C,2,1,rika,B理態4,4
C_2_2,C,2,2,rika,B理態4,4
C_2_3,C,2,3,rika,B理態4,2
C_2_4,C,2,4,rika,B理態4,1
C_2_5,C,2,5,rika,B理態4,3
C_2_6,C,2,6,rika,B理態4,2
C_2_7,C,2,7,rika,B理態4,3
C_2_8,C,2,8,rika,B理態4,3
C_2_9,C,2,9,rika,B理態4,1
C_2_10,C,2,10,rika,B理態4,3
C_2_11,C,2,11,rika,B理態4,3
C_2_12,C,2,12,rika,B理態4,3
C_2_13,C,2,13,rika,B理態4,3
C_2_14,C,2,14,rika,B理態4,4
C_2_15,C,2,15,rika,B理態4,3
C_2_16,C,2,16,rika,B理態4,3
C_2_17,C,2,17,rika,B理態4,2
C_2_18,C,2,18,rika,B理態4,3
C_2_19,C,2,19,rika,B理態4,4
C_2_20,C,2,20,rika,B理態4,2
C_2_21,C,2,21,rika,B理態4,2
C_2_22,C,2,22,rika,B理態4,3
C_2_23,C,2,23,rika,B理態4,4
C_2_24,C,2,24,rika,B理態4,4
C_2_25,C,2,25,rika,B理態4,2
C_2_26,C,2,26,rika,B理態4,3
C_2_27,C,2,27,rika,B理態4,0
C_2_28,C,2,28,rika,B理態4,3
C_2_29,C,2,29,rika,B理態4,3
C_2_30,C,2,30,rika,B理態4,4
C_1_1,C,1,1,rika,B理態4,4
C_1_2,C,1,2,rika,B理態4,3
C_1_3,C,1,3,rika,B理態4,3
C_1_4,C,1,4,rika,B理態4,2
C_1_5,C,1,5,rika,B理態4,3
C_1_6,C,1,6,rika,B理態4,2
C_1_7,C,1,7,rika,B理態4,1
C_1_8,C,1,8,rika,B理態4,3
C_1_9,C,1,9,rika,B理態4,2
C_1_10,C,1,10,rika,B理態4,4
C_1_11,C,1,11,rika,B理態4,3
C_1_12,C,1,12,rika,B理態4,3
D_1_13,D,1,13,rika,B理態4,3
D_1_14,D,1,14,rika,B理態4,3
D_1_15,D,1,15,rika,B理態4,4
D_1_16,D,1,16,rika,B理態4,4
D_1_17,D,1,17,rika,B理態4,2
D_1_18,D,1,18,rika,B理態4,3
D_1_19,D,1,19,rika,B理態4,2
D_1_20,D,1,20,rika,B理態4,1
D_1_21,D,1,21,rika,B理態4,2
D_1_22,D,1,22,rika,B理態4,2
D_1_23,D,1,23,rika,B理態4,3
D_1_24,D,1,24,rika,B理態4,0
D_1_25,D,1,25,rika,B理態4,3
D_1_26,D,1,26,rika,B理態4,3
D_1_27,D,1,27,rika,B理態4,4
D_1_28,D,1,28,rika,B理態4,4
D_1_29,D,1,29,rika,B理態4,3
D_1_30,D,1,30,rika,B理態4,3
D_2_1,D,2,1,rika,B理態4,3
D_2_2,D,2,2,rika,B理態4,4
D_2_3,D,2,3,rika,B理態4,2
D_2_4,D,2,4,rika,B理態4,3
D_2_5,D,2,5,rika,B理態4,2
D_2_6,D,2,6,rika,B理態4,4
D_2_7,D,2,7,rika,B理態4,3
D_2_8,D,2,8,rika,B理態4,3
D_2_9,D,2,9,rika,B理態4,2
D_2_10,D,2,10,rika,B理態4,3
D_2_11,D,2,11,rika,B理態4,4
D_2_12,D,2,12,rika,B理態4,3
D_2_13,D,2,13,rika,B理態4,3
D_2_14,D,2,14,rika,B理態4,2
D_2_15,D,2,15,rika,B理態4,3
D_2_16,D,2,16,rika,B理態4,3
D_2_17,D,2,17,rika,B理態4,3
D_2_18,D,2,18,rika,B理態4,3
D_2_19,D,2,19,rika,B理態4,2
D_2_20,D,2,20,rika,B理態4,4
D_2_21,D,2,21,rika,B理態4,3
D_2_22,D,2,22,rika,B理態4,4
D_2_23,D,2,23,rika,B理態4,3
D_2_24,D,2,24,rika,B理態4,2
D_2_25,D,2,25,rika,B理態4,3
D_2_26,D,2,26,rika,B理態4,4
D_2_27,D,2,27,rika,B理態4,3
D_2_28,D,2,28,rika,B理態4,3
D_2_29,D,2,29,rika,B理態4,2
D_2_30,D,2,30,rika,B理態4,3
A_1_1,A,1,1,rika,B理態5,3
A_1_2,A,1,2,rika,B理態5,3
A_1_3,A,1,3,rika,B理態5,3
A_1_4,A,1,4,rika,B理態5,4
A_1_5,A,1,5,rika,B理態5,3
A_1_6,A,1,6,rika,B理態5,4
A_1_7,A,1,7,rika,B理態5,4
A_1_8,A,1,8,rika,B理態5,4
A_1_9,A,1,9,rika,B理態5,3
A_1_10,A,1,10,rika,B理態5,3
A_1_11,A,1,11,rika,B理態5,4
A_1_12,A,1,12,rika,B理態5,4
A_1_13,A,1,13,rika,B理態5,4
A_1_14,A,1,14,rika,B理態5,4
A_1_15,A,1,15,rika,B理態5,3
A_1_16,A,1,16,rika,B理態5,4
A_1_17,A,1,17,rika,B理態5,3
A_1_18,A,1,18,rika,B理態5,4
A_1_19,A,1,19,rika,B理態5,4
A_1_20,A,1,20,rika,B理態5,4
A_1_21,A,1,21,rika,B理態5,4
A_1_22,A,1,22,rika,B理態5,4
A_1_23,A,1,23,rika,B理態5,4
A_1_24,A,1,24,rika,B理態5,4
A_1_25,A,1,25,rika,B理態5,4
A_1_26,A,1,26,rika,B理態5,3
A_1_27,A,1,27,rika,B理態5,4
A_1_28,A,1,28,rika,B理態5,4
A_1_29,A,1,29,rika,B理態5,4
A_1_30,A,1,30,rika,B理態5,4
A_2_1,A,2,1,rika,B理態5,4
A_2_2,A,2,2,rika,B理態5,3
A_2_3,A,2,3,rika,B理態5,4
A_2_4,A,2,4,rika,B理態5,4
A_2_5,A,2,5,rika,B理態5,3
A_2_6,A,2,6,rika,B理態5,3
A_2_7,A,2,7,rika,B理態5,4
A_2_8,A,2,8,rika,B理態5,4
A_2_9,A,2,9,rika,B理態5,3
A_2_10,A,2,10,rika,B理態5,4
A_2_11,A,2,11,rika,B理態5,4
A_2_12,A,2,12,rika,B理態5,2
A_2_13,A,2,13,rika,B理態5,4
A_2_14,A,2,14,rika,B理態5,4
A_2_15,A,2,15,rika,B理態5,4
A_2_16,A,2,16,rika,B理態5,4
A_2_17,A,2,17,rika,B理態5,3
A_2_18,A,2,18,rika,B理態5,4
A_2_19,A,2,19,rika,B理態5,4
A_2_20,A,2,20,rika,B理態5,4
A_2_21,A,2,21,rika,B理態5,4
A_2_22,A,2,22,rika,B理態5,4
A_2_23,A,2,23,rika,B理態5,4
A_2_24,A,2,24,rika,B理態5,4
A_2_25,A,2,25,rika,B理態5,3
A_2_26,A,2,26,rika,B理態5,4
A_2_27,A,2,27,rika,B理態5,4
A_2_28,A,2,28,rika,B理態5,4
A_2_29,A,2,29,rika,B理態5,4
A_2_30,A,2,30,rika,B理態5,4
B_1_1,B,1,1,rika,B理態5,3
B_1_2,B,1,2,rika,B理態5,4
B_1_3,B,1,3,rika,B理態5,3
B_1_4,B,1,4,rika,B理態5,4
B_1_5,B,1,5,rika,B理態5,4
B_1_6,B,1,6,rika,B理態5,3
B_1_7,B,1,7,rika,B理態5,3
B_1_8,B,1,8,rika,B理態5,4
B_1_9,B,1,9,rika,B理態5,3
B_1_10,B,1,10,rika,B理態5,3
B_1_11,B,1,11,rika,B理態5,4
B_1_12,B,1,12,rika,B理態5,4
B_1_13,B,1,13,rika,B理態5,4
B_1_14,B,1,14,rika,B理態5,2
B_1_15,B,1,15,rika,B理態5,1
B_1_16,B,1,16,rika,B理態5,4
B_1_17,B,1,17,rika,B理態5,3
B_1_18,B,1,18,rika,B理態5,4
B_1_19,B,1,19,rika,B理態5,3
B_1_20,B,1,20,rika,B理態5,3
B_1_21,B,1,21,rika,B理態5,4
B_1_22,B,1,22,rika,B理態5,4
B_1_23,B,1,23,rika,B理態5,3
B_1_24,B,1,24,rika,B理態5,2
B_1_25,B,1,25,rika,B理態5,4
B_1_26,B,1,26,rika,B理態5,3
B_1_27,B,1,27,rika,B理態5,3
B_1_28,B,1,28,rika,B理態5,3
B_1_29,B,1,29,rika,B理態5,3
B_1_30,B,1,30,rika,B理態5,4
B_2_1,B,2,1,rika,B理態5,4
B_2_2,B,2,2,rika,B理態5,4
B_2_3,B,2,3,rika,B理態5,4
B_2_4,B,2,4,rika,B理態5,4
B_2_5,B,2,5,rika,B理態5,4
B_2_6,B,2,6,rika,B理態5,2
B_2_7,B,2,7,rika,B理態5,4
B_2_8,B,2,8,rika,B理態5,3
B_2_9,B,2,9,rika,B理態5,4
B_2_10,B,2,10,rika,B理態5,4
B_2_11,B,2,11,rika,B理態5,2
B_2_12,B,2,12,rika,B理態5,4
B_2_13,B,2,13,rika,B理態5,4
B_2_14,B,2,14,rika,B理態5,3
B_2_15,B,2,15,rika,B理態5,3
B_2_16,B,2,16,rika,B理態5,3
B_2_17,B,2,17,rika,B理態5,3
B_2_18,B,2,18,rika,B理態5,4
B_2_19,B,2,19,rika,B理態5,3
B_2_20,B,2,20,rika,B理態5,4
B_2_21,B,2,21,rika,B理態5,4
B_2_22,B,2,22,rika,B理態5,4
B_2_23,B,2,23,rika,B理態5,4
B_2_24,B,2,24,rika,B理態5,4
B_2_25,B,2,25,rika,B理態5,4
B_2_26,B,2,26,rika,B理態5,3
B_2_27,B,2,27,rika,B理態5,4
B_2_28,B,2,28,rika,B理態5,4
B_2_29,B,2,29,rika,B理態5,4
B_2_30,B,2,30,rika,B理態5,4
C_1_1,C,1,1,rika,B理態5,4
C_1_2,C,1,2,rika,B理態5,4
C_1_3,C,1,3,rika,B理態5,4
C_1_4,C,1,4,rika,B理態5,4
C_1_5,C,1,5,rika,B理態5,4
C_1_6,C,1,6,rika,B理態5,3
C_1_7,C,1,7,rika,B理態5,4
C_1_8,C,1,8,rika,B理態5,2
C_1_9,C,1,9,rika,B理態5,3
C_1_10,C,1,10,rika,B理態5,4
C_1_11,C,1,11,rika,B理態5,2
C_1_12,C,1,12,rika,B理態5,3
C_1_13,C,1,13,rika,B理態5,4
C_1_14,C,1,14,rika,B理態5,4
C_1_15,C,1,15,rika,B理態5,3
C_1_16,C,1,16,rika,B理態5,3
C_1_17,C,1,17,rika,B理態5,4
C_1_18,C,1,18,rika,B理態5,3
C_1_19,C,1,19,rika,B理態5,3
C_1_20,C,1,20,rika,B理態5,4
C_1_21,C,1,21,rika,B理態5,4
C_1_22,C,1,22,rika,B理態5,3
C_1_23,C,1,23,rika,B理態5,4
C_1_24,C,1,24,rika,B理態5,4
C_1_25,C,1,25,rika,B理態5,4
C_1_26,C,1,26,rika,B理態5,3
C_1_27,C,1,27,rika,B理態5,4
C_1_28,C,1,28,rika,B理態5,4
C_1_29,C,1,29,rika,B理態5,4
C_1_30,C,1,30,rika,B理態5,4
C_2_1,C,2,1,rika,B理態5,3
C_2_2,C,2,2,rika,B理態5,4
C_2_3,C,2,3,rika,B理態5,2
C_2_4,C,2,4,rika,B理態5,3
C_2_5,C,2,5,rika,B理態5,3
C_2_6,C,2,6,rika,B理態5,4
C_2_7,C,2,7,rika,B理態5,3
C_2_8,C,2,8,rika,B理態5,2
C_2_9,C,2,9,rika,B理態5,1
C_2_10,C,2,10,rika,B理態5,2
C_2_11,C,2,11,rika,B理態5,3
C_2_12,C,2,12,rika,B理態5,3
C_2_13,C,2,13,rika,B理態5,4
C_2_14,C,2,14,rika,B理態5,4
C_2_15,C,2,15,rika,B理態5,3
C_2_16,C,2,16,rika,B理態5,4
C_2_17,C,2,17,rika,B理態5,2
C_2_18,C,2,18,rika,B理態5,4
C_2_19,C,2,19,rika,B理態5,4
C_2_20,C,2,20,rika,B理態5,4
C_2_21,C,2,21,rika,B理態5,3
C_2_22,C,2,22,rika,B理態5,3
C_2_23,C,2,23,rika,B理態5,4
C_2_24,C,2,24,rika,B理態5,4
C_2_25,C,2,25,rika,B理態5,3
C_2_26,C,2,26,rika,B理態5,3
C_2_27,C,2,27,rika,B理態5,2
C_2_28,C,2,28,rika,B理態5,2
C_2_29,C,2,29,rika,B理態5,4
C_2_30,C,2,30,rika,B理態5,4
C_1_1,C,1,1,rika,B理態5,4
C_1_2,C,1,2,rika,B理態5,3
C_1_3,C,1,3,rika,B理態5,4
C_1_4,C,1,4,rika,B理態5,3
C_1_5,C,1,5,rika,B理態5,2
C_1_6,C,1,6,rika,B理態5,3
C_1_7,C,1,7,rika,B理態5,3
C_1_8,C,1,8,rika,B理態5,3
C_1_9,C,1,9,rika,B理態5,1
C_1_10,C,1,10,rika,B理態5,4
C_1_11,C,1,11,rika,B理態5,4
C_1_12,C,1,12,rika,B理態5,3
D_1_13,D,1,13,rika,B理態5,2
D_1_14,D,1,14,rika,B理態5,3
D_1_15,D,1,15,rika,B理態5,4
D_1_16,D,1,16,rika,B理態5,4
D_1_17,D,1,17,rika,B理態5,3
D_1_18,D,1,18,rika,B理態5,4
D_1_19,D,1,19,rika,B理態5,3
D_1_20,D,1,20,rika,B理態5,3
D_1_21,D,1,21,rika,B理態5,2
D_1_22,D,1,22,rika,B理態5,3
D_1_23,D,1,23,rika,B理態5,3
D_1_24,D,1,24,rika,B理態5,2
D_1_25,D,1,25,rika,B理態5,2
D_1_26,D,1,26,rika,B理態5,4
D_1_27,D,1,27,rika,B理態5,4
D_1_28,D,1,28,rika,B理態5,4
D_1_29,D,1,29,rika,B理態5,3
D_1_30,D,1,30,rika,B理態5,4
D_2_1,D,2,1,rika,B理態5,4
D_2_2,D,2,2,rika,B理態5,4
D_2_3,D,2,3,rika,B理態5,4
D_2_4,D,2,4,rika,B理態5,3
D_2_5,D,2,5,rika,B理態5,1
D_2_6,D,2,6,rika,B理態5,4
D_2_7,D,2,7,rika,B理態5,4
D_2_8,D,2,8,rika,B理態5,3
D_2_9,D,2,9,rika,B理態5,3
D_2_10,D,2,10,rika,B理態5,2
D_2_11,D,2,11,rika,B理態5,4
D_2_12,D,2,12,rika,B理態5,3
D_2_13,D,2,13,rika,B理態5,4
D_2_14,D,2,14,rika,B理態5,2
D_2_15,D,2,15,rika,B理態5,4
D_2_16,D,2,16,rika,B理態5,3
D_2_17,D,2,17,rika,B理態5,2
D_2_18,D,2,18,rika,B理態5,4
D_2_19,D,2,19,rika,B理態5,3
D_2_20,D,2,20,rika,B理態5,4
D_2_21,D,2,21,rika,B理態5,3
D_2_22,D,2,22,rika,B理態5,4
D_2_23,D,2,23,rika,B理態5,4
D_2_24,D,2,24,rika,B理態5,2
D_2_25,D,2,25,rika,B理態5,2
D_2_26,D,2,26,rika,B理態5,4
D_2_27,D,2,27,rika,B理態5,3
D_2_28,D,2,28,rika,B理態5,4
D_2_29,D,2,29,rika,B理態5,2
D_2_30,D,2,30,rika,B理態5,4
A_1_1,A,1,1,rika,B理態6,3
A_1_2,A,1,2,rika,B理態6,2
A_1_3,A,1,3,rika,B理態6,4
A_1_4,A,1,4,rika,B理態6,4
A_1_5,A,1,5,rika,B理態6,2
A_1_6,A,1,6,rika,B理態6,4
A_1_7,A,1,7,rika,B理態6,3
A_1_8,A,1,8,rika,B理態6,4
A_1_9,A,1,9,rika,B理態6,4
A_1_10,A,1,10,rika,B理態6,3
A_1_11,A,1,11,rika,B理態6,4
A_1_12,A,1,12,rika,B理態6,3
A_1_13,A,1,13,rika,B理態6,2
A_1_14,A,1,14,rika,B理態6,4
A_1_15,A,1,15,rika,B理態6,2
A_1_16,A,1,16,rika,B理態6,4
A_1_17,A,1,17,rika,B理態6,3
A_1_18,A,1,18,rika,B理態6,4
A_1_19,A,1,19,rika,B理態6,4
A_1_20,A,1,20,rika,B理態6,3
A_1_21,A,1,21,rika,B理態6,4
A_1_22,A,1,22,rika,B理態6,3
A_1_23,A,1,23,rika,B理態6,3
A_1_24,A,1,24,rika,B理態6,4
A_1_25,A,1,25,rika,B理態6,3
A_1_26,A,1,26,rika,B理態6,3
A_1_27,A,1,27,rika,B理態6,4
A_1_28,A,1,28,rika,B理態6,4
A_1_29,A,1,29,rika,B理態6,4
A_1_30,A,1,30,rika,B理態6,4
A_2_1,A,2,1,rika,B理態6,4
A_2_2,A,2,2,rika,B理態6,3
A_2_3,A,2,3,rika,B理態6,4
A_2_4,A,2,4,rika,B理態6,4
A_2_5,A,2,5,rika,B理態6,3
A_2_6,A,2,6,rika,B理態6,3
A_2_7,A,2,7,rika,B理態6,4
A_2_8,A,2,8,rika,B理態6,4
A_2_9,A,2,9,rika,B理態6,3
A_2_10,A,2,10,rika,B理態6,4
A_2_11,A,2,11,rika,B理態6,4
A_2_12,A,2,12,rika,B理態6,2
A_2_13,A,2,13,rika,B理態6,4
A_2_14,A,2,14,rika,B理態6,3
A_2_15,A,2,15,rika,B理態6,3
A_2_16,A,2,16,rika,B理態6,4
A_2_17,A,2,17,rika,B理態6,3
A_2_18,A,2,18,rika,B理態6,4
A_2_19,A,2,19,rika,B理態6,3
A_2_20,A,2,20,rika,B理態6,3
A_2_21,A,2,21,rika,B理態6,4
A_2_22,A,2,22,rika,B理態6,4
A_2_23,A,2,23,rika,B理態6,4
A_2_24,A,2,24,rika,B理態6,4
A_2_25,A,2,25,rika,B理態6,2
A_2_26,A,2,26,rika,B理態6,4
A_2_27,A,2,27,rika,B理態6,3
A_2_28,A,2,28,rika,B理態6,4
A_2_29,A,2,29,rika,B理態6,4
A_2_30,A,2,30,rika,B理態6,3
B_1_1,B,1,1,rika,B理態6,3
B_1_2,B,1,2,rika,B理態6,2
B_1_3,B,1,3,rika,B理態6,3
B_1_4,B,1,4,rika,B理態6,4
B_1_5,B,1,5,rika,B理態6,3
B_1_6,B,1,6,rika,B理態6,3
B_1_7,B,1,7,rika,B理態6,3
B_1_8,B,1,8,rika,B理態6,2
B_1_9,B,1,9,rika,B理態6,3
B_1_10,B,1,10,rika,B理態6,3
B_1_11,B,1,11,rika,B理態6,4
B_1_12,B,1,12,rika,B理態6,4
B_1_13,B,1,13,rika,B理態6,3
B_1_14,B,1,14,rika,B理態6,2
B_1_15,B,1,15,rika,B理態6,2
B_1_16,B,1,16,rika,B理態6,4
B_1_17,B,1,17,rika,B理態6,3
B_1_18,B,1,18,rika,B理態6,4
B_1_19,B,1,19,rika,B理態6,3
B_1_20,B,1,20,rika,B理態6,2
B_1_21,B,1,21,rika,B理態6,4
B_1_22,B,1,22,rika,B理態6,4
B_1_23,B,1,23,rika,B理態6,2
B_1_24,B,1,24,rika,B理態6,2
B_1_25,B,1,25,rika,B理態6,3
B_1_26,B,1,26,rika,B理態6,3
B_1_27,B,1,27,rika,B理態6,2
B_1_28,B,1,28,rika,B理態6,3
B_1_29,B,1,29,rika,B理態6,2
B_1_30,B,1,30,rika,B理態6,4
B_2_1,B,2,1,rika,B理態6,4
B_2_2,B,2,2,rika,B理態6,4
B_2_3,B,2,3,rika,B理態6,4
B_2_4,B,2,4,rika,B理態6,4
B_2_5,B,2,5,rika,B理態6,4
B_2_6,B,2,6,rika,B理態6,3
B_2_7,B,2,7,rika,B理態6,3
B_2_8,B,2,8,rika,B理態6,3
B_2_9,B,2,9,rika,B理態6,3
B_2_10,B,2,10,rika,B理態6,3
B_2_11,B,2,11,rika,B理態6,3
B_2_12,B,2,12,rika,B理態6,4
B_2_13,B,2,13,rika,B理態6,4
B_2_14,B,2,14,rika,B理態6,3
B_2_15,B,2,15,rika,B理態6,3
B_2_16,B,2,16,rika,B理態6,3
B_2_17,B,2,17,rika,B理態6,3
B_2_18,B,2,18,rika,B理態6,4
B_2_19,B,2,19,rika,B理態6,3
B_2_20,B,2,20,rika,B理態6,3
B_2_21,B,2,21,rika,B理態6,2
B_2_22,B,2,22,rika,B理態6,4
B_2_23,B,2,23,rika,B理態6,4
B_2_24,B,2,24,rika,B理態6,4
B_2_25,B,2,25,rika,B理態6,4
B_2_26,B,2,26,rika,B理態6,3
B_2_27,B,2,27,rika,B理態6,4
B_2_28,B,2,28,rika,B理態6,4
B_2_29,B,2,29,rika,B理態6,4
B_2_30,B,2,30,rika,B理態6,1
C_1_1,C,1,1,rika,B理態6,4
C_1_2,C,1,2,rika,B理態6,3
C_1_3,C,1,3,rika,B理態6,1
C_1_4,C,1,4,rika,B理態6,3
C_1_5,C,1,5,rika,B理態6,4
C_1_6,C,1,6,rika,B理態6,2
C_1_7,C,1,7,rika,B理態6,3
C_1_8,C,1,8,rika,B理態6,3
C_1_9,C,1,9,rika,B理態6,3
C_1_10,C,1,10,rika,B理態6,1
C_1_11,C,1,11,rika,B理態6,1
C_1_12,C,1,12,rika,B理態6,2
C_1_13,C,1,13,rika,B理態6,4
C_1_14,C,1,14,rika,B理態6,3
C_1_15,C,1,15,rika,B理態6,3
C_1_16,C,1,16,rika,B理態6,3
C_1_17,C,1,17,rika,B理態6,3
C_1_18,C,1,18,rika,B理態6,3
C_1_19,C,1,19,rika,B理態6,3
C_1_20,C,1,20,rika,B理態6,4
C_1_21,C,1,21,rika,B理態6,3
C_1_22,C,1,22,rika,B理態6,2
C_1_23,C,1,23,rika,B理態6,3
C_1_24,C,1,24,rika,B理態6,2
C_1_25,C,1,25,rika,B理態6,4
C_1_26,C,1,26,rika,B理態6,2
C_1_27,C,1,27,rika,B理態6,4
C_1_28,C,1,28,rika,B理態6,3
C_1_29,C,1,29,rika,B理態6,4
C_1_30,C,1,30,rika,B理態6,3
C_2_1,C,2,1,rika,B理態6,4
C_2_2,C,2,2,rika,B理態6,4
C_2_3,C,2,3,rika,B理態6,2
C_2_4,C,2,4,rika,B理態6,1
C_2_5,C,2,5,rika,B理態6,3
C_2_6,C,2,6,rika,B理態6,2
C_2_7,C,2,7,rika,B理態6,1
C_2_8,C,2,8,rika,B理態6,4
C_2_9,C,2,9,rika,B理態6,2
C_2_10,C,2,10,rika,B理態6,3
C_2_11,C,2,11,rika,B理態6,3
C_2_12,C,2,12,rika,B理態6,3
C_2_13,C,2,13,rika,B理態6,3
C_2_14,C,2,14,rika,B理態6,3
C_2_15,C,2,15,rika,B理態6,2
C_2_16,C,2,16,rika,B理態6,3
C_2_17,C,2,17,rika,B理態6,2
C_2_18,C,2,18,rika,B理態6,2
C_2_19,C,2,19,rika,B理態6,3
C_2_20,C,2,20,rika,B理態6,2
C_2_21,C,2,21,rika,B理態6,2
C_2_22,C,2,22,rika,B理態6,4
C_2_23,C,2,23,rika,B理態6,3
C_2_24,C,2,24,rika,B理態6,4
C_2_25,C,2,25,rika,B理態6,2
C_2_26,C,2,26,rika,B理態6,3
C_2_27,C,2,27,rika,B理態6,2
C_2_28,C,2,28,rika,B理態6,2
C_2_29,C,2,29,rika,B理態6,2
C_2_30,C,2,30,rika,B理態6,4
C_1_1,C,1,1,rika,B理態6,4
C_1_2,C,1,2,rika,B理態6,2
C_1_3,C,1,3,rika,B理態6,4
C_1_4,C,1,4,rika,B理態6,2
C_1_5,C,1,5,rika,B理態6,2
C_1_6,C,1,6,rika,B理態6,2
C_1_7,C,1,7,rika,B理態6,1
C_1_8,C,1,8,rika,B理態6,2
C_1_9,C,1,9,rika,B理態6,1
C_1_10,C,1,10,rika,B理態6,3
C_1_11,C,1,11,rika,B理態6,4
C_1_12,C,1,12,rika,B理態6,2
D_1_13,D,1,13,rika,B理態6,2
D_1_14,D,1,14,rika,B理態6,2
D_1_15,D,1,15,rika,B理態6,4
D_1_16,D,1,16,rika,B理態6,4
D_1_17,D,1,17,rika,B理態6,2
D_1_18,D,1,18,rika,B理態6,3
D_1_19,D,1,19,rika,B理態6,2
D_1_20,D,1,20,rika,B理態6,1
D_1_21,D,1,21,rika,B理態6,2
D_1_22,D,1,22,rika,B理態6,2
D_1_23,D,1,23,rika,B理態6,3
D_1_24,D,1,24,rika,B理態6,2
D_1_25,D,1,25,rika,B理態6,2
D_1_26,D,1,26,rika,B理態6,2
D_1_27,D,1,27,rika,B理態6,4
D_1_28,D,1,28,rika,B理態6,4
D_1_29,D,1,29,rika,B理態6,2
D_1_30,D,1,30,rika,B理態6,4
D_2_1,D,2,1,rika,B理態6,2
D_2_2,D,2,2,rika,B理態6,3
D_2_3,D,2,3,rika,B理態6,2
D_2_4,D,2,4,rika,B理態6,2
D_2_5,D,2,5,rika,B理態6,1
D_2_6,D,2,6,rika,B理態6,3
D_2_7,D,2,7,rika,B理態6,4
D_2_8,D,2,8,rika,B理態6,2
D_2_9,D,2,9,rika,B理態6,2
D_2_10,D,2,10,rika,B理態6,1
D_2_11,D,2,11,rika,B理態6,3
D_2_12,D,2,12,rika,B理態6,3
D_2_13,D,2,13,rika,B理態6,3
D_2_14,D,2,14,rika,B理態6,1
D_2_15,D,2,15,rika,B理態6,3
D_2_16,D,2,16,rika,B理態6,3
D_2_17,D,2,17,rika,B理態6,2
D_2_18,D,2,18,rika,B理態6,4
D_2_19,D,2,19,rika,B理態6,2
D_2_20,D,2,20,rika,B理態6,4
D_2_21,D,2,21,rika,B理態6,2
D_2_22,D,2,22,rika,B理態6,4
D_2_23,D,2,23,rika,B理態6,3
D_2_24,D,2,24,rika,B理態6,2
D_2_25,D,2,25,rika,B理態6,2
D_2_26,D,2,26,rika,B理態6,4
D_2_27,D,2,27,rika,B理態6,1
D_2_28,D,2,28,rika,B理態6,4
D_2_29,D,2,29,rika,B理態6,2
D_2_30,D,2,30,rika,B理態6,4
A_1_1,A,1,1,rika,B理態7,3
A_1_2,A,1,2,rika,B理態7,3
A_1_3,A,1,3,rika,B理態7,3
A_1_4,A,1,4,rika,B理態7,3
A_1_5,A,1,5,rika,B理態7,2
A_1_6,A,1,6,rika,B理態7,4
A_1_7,A,1,7,rika,B理態7,3
A_1_8,A,1,8,rika,B理態7,4
A_1_9,A,1,9,rika,B理態7,4
A_1_10,A,1,10,rika,B理態7,3
A_1_11,A,1,11,rika,B理態7,4
A_1_12,A,1,12,rika,B理態7,4
A_1_13,A,1,13,rika,B理態7,2
A_1_14,A,1,14,rika,B理態7,4
A_1_15,A,1,15,rika,B理態7,3
A_1_16,A,1,16,rika,B理態7,4
A_1_17,A,1,17,rika,B理態7,3
A_1_18,A,1,18,rika,B理態7,4
A_1_19,A,1,19,rika,B理態7,3
A_1_20,A,1,20,rika,B理態7,3
A_1_21,A,1,21,rika,B理態7,4
A_1_22,A,1,22,rika,B理態7,2
A_1_23,A,1,23,rika,B理態7,4
A_1_24,A,1,24,rika,B理態7,4
A_1_25,A,1,25,rika,B理態7,4
A_1_26,A,1,26,rika,B理態7,3
A_1_27,A,1,27,rika,B理態7,4
A_1_28,A,1,28,rika,B理態7,2
A_1_29,A,1,29,rika,B理態7,4
A_1_30,A,1,30,rika,B理態7,4
A_2_1,A,2,1,rika,B理態7,4
A_2_2,A,2,2,rika,B理態7,3
A_2_3,A,2,3,rika,B理態7,4
A_2_4,A,2,4,rika,B理態7,4
A_2_5,A,2,5,rika,B理態7,3
A_2_6,A,2,6,rika,B理態7,3
A_2_7,A,2,7,rika,B理態7,4
A_2_8,A,2,8,rika,B理態7,4
A_2_9,A,2,9,rika,B理態7,3
A_2_10,A,2,10,rika,B理態7,4
A_2_11,A,2,11,rika,B理態7,4
A_2_12,A,2,12,rika,B理態7,2
A_2_13,A,2,13,rika,B理態7,4
A_2_14,A,2,14,rika,B理態7,3
A_2_15,A,2,15,rika,B理態7,2
A_2_16,A,2,16,rika,B理態7,3
A_2_17,A,2,17,rika,B理態7,3
A_2_18,A,2,18,rika,B理態7,4
A_2_19,A,2,19,rika,B理態7,4
A_2_20,A,2,20,rika,B理態7,4
A_2_21,A,2,21,rika,B理態7,3
A_2_22,A,2,22,rika,B理態7,4
A_2_23,A,2,23,rika,B理態7,4
A_2_24,A,2,24,rika,B理態7,4
A_2_25,A,2,25,rika,B理態7,2
A_2_26,A,2,26,rika,B理態7,4
A_2_27,A,2,27,rika,B理態7,2
A_2_28,A,2,28,rika,B理態7,4
A_2_29,A,2,29,rika,B理態7,4
A_2_30,A,2,30,rika,B理態7,3
B_1_1,B,1,1,rika,B理態7,3
B_1_2,B,1,2,rika,B理態7,3
B_1_3,B,1,3,rika,B理態7,4
B_1_4,B,1,4,rika,B理態7,4
B_1_5,B,1,5,rika,B理態7,4
B_1_6,B,1,6,rika,B理態7,3
B_1_7,B,1,7,rika,B理態7,3
B_1_8,B,1,8,rika,B理態7,4
B_1_9,B,1,9,rika,B理態7,4
B_1_10,B,1,10,rika,B理態7,3
B_1_11,B,1,11,rika,B理態7,4
B_1_12,B,1,12,rika,B理態7,4
B_1_13,B,1,13,rika,B理態7,4
B_1_14,B,1,14,rika,B理態7,2
B_1_15,B,1,15,rika,B理態7,4
B_1_16,B,1,16,rika,B理態7,4
B_1_17,B,1,17,rika,B理態7,3
B_1_18,B,1,18,rika,B理態7,4
B_1_19,B,1,19,rika,B理態7,2
B_1_20,B,1,20,rika,B理態7,3
B_1_21,B,1,21,rika,B理態7,4
B_1_22,B,1,22,rika,B理態7,4
B_1_23,B,1,23,rika,B理態7,3
B_1_24,B,1,24,rika,B理態7,2
B_1_25,B,1,25,rika,B理態7,3
B_1_26,B,1,26,rika,B理態7,2
B_1_27,B,1,27,rika,B理態7,3
B_1_28,B,1,28,rika,B理態7,3
B_1_29,B,1,29,rika,B理態7,3
B_1_30,B,1,30,rika,B理態7,2
B_2_1,B,2,1,rika,B理態7,4
B_2_2,B,2,2,rika,B理態7,4
B_2_3,B,2,3,rika,B理態7,2
B_2_4,B,2,4,rika,B理態7,3
B_2_5,B,2,5,rika,B理態7,4
B_2_6,B,2,6,rika,B理態7,3
B_2_7,B,2,7,rika,B理態7,2
B_2_8,B,2,8,rika,B理態7,3
B_2_9,B,2,9,rika,B理態7,2
B_2_10,B,2,10,rika,B理態7,4
B_2_11,B,2,11,rika,B理態7,4
B_2_12,B,2,12,rika,B理態7,4
B_2_13,B,2,13,rika,B理態7,4
B_2_14,B,2,14,rika,B理態7,3
B_2_15,B,2,15,rika,B理態7,3
B_2_16,B,2,16,rika,B理態7,2
B_2_17,B,2,17,rika,B理態7,3
B_2_18,B,2,18,rika,B理態7,4
B_2_19,B,2,19,rika,B理態7,3
B_2_20,B,2,20,rika,B理態7,3
B_2_21,B,2,21,rika,B理態7,2
B_2_22,B,2,22,rika,B理態7,4
B_2_23,B,2,23,rika,B理態7,4
B_2_24,B,2,24,rika,B理態7,2
B_2_25,B,2,25,rika,B理態7,4
B_2_26,B,2,26,rika,B理態7,3
B_2_27,B,2,27,rika,B理態7,2
B_2_28,B,2,28,rika,B理態7,4
B_2_29,B,2,29,rika,B理態7,2
B_2_30,B,2,30,rika,B理態7,2
C_1_1,C,1,1,rika,B理態7,4
C_1_2,C,1,2,rika,B理態7,3
C_1_3,C,1,3,rika,B理態7,1
C_1_4,C,1,4,rika,B理態7,3
C_1_5,C,1,5,rika,B理態7,4
C_1_6,C,1,6,rika,B理態7,2
C_1_7,C,1,7,rika,B理態7,4
C_1_8,C,1,8,rika,B理態7,3
C_1_9,C,1,9,rika,B理態7,3
C_1_10,C,1,10,rika,B理態7,4
C_1_11,C,1,11,rika,B理態7,4
C_1_12,C,1,12,rika,B理態7,3
C_1_13,C,1,13,rika,B理態7,4
C_1_14,C,1,14,rika,B理態7,3
C_1_15,C,1,15,rika,B理態7,3
C_1_16,C,1,16,rika,B理態7,3
C_1_17,C,1,17,rika,B理態7,3
C_1_18,C,1,18,rika,B理態7,3
C_1_19,C,1,19,rika,B理態7,3
C_1_20,C,1,20,rika,B理態7,4
C_1_21,C,1,21,rika,B理態7,4
C_1_22,C,1,22,rika,B理態7,1
C_1_23,C,1,23,rika,B理態7,3
C_1_24,C,1,24,rika,B理態7,3
C_1_25,C,1,25,rika,B理態7,4
C_1_26,C,1,26,rika,B理態7,2
C_1_27,C,1,27,rika,B理態7,4
C_1_28,C,1,28,rika,B理態7,2
C_1_29,C,1,29,rika,B理態7,4
C_1_30,C,1,30,rika,B理態7,4
C_2_1,C,2,1,rika,B理態7,3
C_2_2,C,2,2,rika,B理態7,4
C_2_3,C,2,3,rika,B理態7,2
C_2_4,C,2,4,rika,B理態7,1
C_2_5,C,2,5,rika,B理態7,3
C_2_6,C,2,6,rika,B理態7,1
C_2_7,C,2,7,rika,B理態7,3
C_2_8,C,2,8,rika,B理態7,4
C_2_9,C,2,9,rika,B理態7,2
C_2_10,C,2,10,rika,B理態7,2
C_2_11,C,2,11,rika,B理態7,3
C_2_12,C,2,12,rika,B理態7,3
C_2_13,C,2,13,rika,B理態7,3
C_2_14,C,2,14,rika,B理態7,3
C_2_15,C,2,15,rika,B理態7,2
C_2_16,C,2,16,rika,B理態7,3
C_2_17,C,2,17,rika,B理態7,2
C_2_18,C,2,18,rika,B理態7,2
C_2_19,C,2,19,rika,B理態7,4
C_2_20,C,2,20,rika,B理態7,2
C_2_21,C,2,21,rika,B理態7,2
C_2_22,C,2,22,rika,B理態7,3
C_2_23,C,2,23,rika,B理態7,3
C_2_24,C,2,24,rika,B理態7,4
C_2_25,C,2,25,rika,B理態7,1
C_2_26,C,2,26,rika,B理態7,3
C_2_27,C,2,27,rika,B理態7,3
C_2_28,C,2,28,rika,B理態7,2
C_2_29,C,2,29,rika,B理態7,2
C_2_30,C,2,30,rika,B理態7,4
C_1_1,C,1,1,rika,B理態7,4
C_1_2,C,1,2,rika,B理態7,2
C_1_3,C,1,3,rika,B理態7,4
C_1_4,C,1,4,rika,B理態7,2
C_1_5,C,1,5,rika,B理態7,3
C_1_6,C,1,6,rika,B理態7,2
C_1_7,C,1,7,rika,B理態7,1
C_1_8,C,1,8,rika,B理態7,3
C_1_9,C,1,9,rika,B理態7,2
C_1_10,C,1,10,rika,B理態7,4
C_1_11,C,1,11,rika,B理態7,4
C_1_12,C,1,12,rika,B理態7,1
D_1_13,D,1,13,rika,B理態7,3
D_1_14,D,1,14,rika,B理態7,2
D_1_15,D,1,15,rika,B理態7,4
D_1_16,D,1,16,rika,B理態7,4
D_1_17,D,1,17,rika,B理態7,2
D_1_18,D,1,18,rika,B理態7,2
D_1_19,D,1,19,rika,B理態7,2
D_1_20,D,1,20,rika,B理態7,1
D_1_21,D,1,21,rika,B理態7,2
D_1_22,D,1,22,rika,B理態7,1
D_1_23,D,1,23,rika,B理態7,3
D_1_24,D,1,24,rika,B理態7,3
D_1_25,D,1,25,rika,B理態7,2
D_1_26,D,1,26,rika,B理態7,2
D_1_27,D,1,27,rika,B理態7,4
D_1_28,D,1,28,rika,B理態7,4
D_1_29,D,1,29,rika,B理態7,2
D_1_30,D,1,30,rika,B理態7,4
D_2_1,D,2,1,rika,B理態7,2
D_2_2,D,2,2,rika,B理態7,4
D_2_3,D,2,3,rika,B理態7,2
D_2_4,D,2,4,rika,B理態7,3
D_2_5,D,2,5,rika,B理態7,2
D_2_6,D,2,6,rika,B理態7,4
D_2_7,D,2,7,rika,B理態7,4
D_2_8,D,2,8,rika,B理態7,1
D_2_9,D,2,9,rika,B理態7,2
D_2_10,D,2,10,rika,B理態7,1
D_2_11,D,2,11,rika,B理態7,3
D_2_12,D,2,12,rika,B理態7,3
D_2_13,D,2,13,rika,B理態7,4
D_2_14,D,2,14,rika,B理態7,2
D_2_15,D,2,15,rika,B理態7,4
D_2_16,D,2,16,rika,B理態7,2
D_2_17,D,2,17,rika,B理態7,2
D_2_18,D,2,18,rika,B理態7,4
D_2_19,D,2,19,rika,B理態7,2
D_2_20,D,2,20,rika,B理態7,4
D_2_21,D,2,21,rika,B理態7,2
D_2_22,D,2,22,rika,B理態7,4
D_2_23,D,2,23,rika,B理態7,3
D_2_24,D,2,24,rika,B理態7,2
D_2_25,D,2,25,rika,B理態7,3
D_2_26,D,2,26,rika,B理態7,4
D_2_27,D,2,27,rika,B理態7,2
D_2_28,D,2,28,rika,B理態7,3
D_2_29,D,2,29,rika,B理態7,3
D_2_30,D,2,30,rika,B理態7,3
A_1_1,A,1,1,rika,B理態8,4
A_1_2,A,1,2,rika,B理態8,3
A_1_3,A,1,3,rika,B理態8,4
A_1_4,A,1,4,rika,B理態8,4
A_1_5,A,1,5,rika,B理態8,4
A_1_6,A,1,6,rika,B理態8,4
A_1_7,A,1,7,rika,B理態8,4
A_1_8,A,1,8,rika,B理態8,4
A_1_9,A,1,9,rika,B理態8,3
A_1_10,A,1,10,rika,B理態8,3
A_1_11,A,1,11,rika,B理態8,4
A_1_12,A,1,12,rika,B理態8,4
A_1_13,A,1,13,rika,B理態8,3
A_1_14,A,1,14,rika,B理態8,4
A_1_15,A,1,15,rika,B理態8,4
A_1_16,A,1,16,rika,B理態8,4
A_1_17,A,1,17,rika,B理態8,3
A_1_18,A,1,18,rika,B理態8,4
A_1_19,A,1,19,rika,B理態8,4
A_1_20,A,1,20,rika,B理態8,4
A_1_21,A,1,21,rika,B理態8,4
A_1_22,A,1,22,rika,B理態8,3
A_1_23,A,1,23,rika,B理態8,4
A_1_24,A,1,24,rika,B理態8,4
A_1_25,A,1,25,rika,B理態8,4
A_1_26,A,1,26,rika,B理態8,3
A_1_27,A,1,27,rika,B理態8,4
A_1_28,A,1,28,rika,B理態8,4
A_1_29,A,1,29,rika,B理態8,4
A_1_30,A,1,30,rika,B理態8,4
A_2_1,A,2,1,rika,B理態8,4
A_2_2,A,2,2,rika,B理態8,3
A_2_3,A,2,3,rika,B理態8,4
A_2_4,A,2,4,rika,B理態8,4
A_2_5,A,2,5,rika,B理態8,4
A_2_6,A,2,6,rika,B理態8,4
A_2_7,A,2,7,rika,B理態8,4
A_2_8,A,2,8,rika,B理態8,4
A_2_9,A,2,9,rika,B理態8,4
A_2_10,A,2,10,rika,B理態8,4
A_2_11,A,2,11,rika,B理態8,4
A_2_12,A,2,12,rika,B理態8,3
A_2_13,A,2,13,rika,B理態8,4
A_2_14,A,2,14,rika,B理態8,4
A_2_15,A,2,15,rika,B理態8,4
A_2_16,A,2,16,rika,B理態8,4
A_2_17,A,2,17,rika,B理態8,4
A_2_18,A,2,18,rika,B理態8,4
A_2_19,A,2,19,rika,B理態8,4
A_2_20,A,2,20,rika,B理態8,4
A_2_21,A,2,21,rika,B理態8,4
A_2_22,A,2,22,rika,B理態8,4
A_2_23,A,2,23,rika,B理態8,4
A_2_24,A,2,24,rika,B理態8,2
A_2_25,A,2,25,rika,B理態8,4
A_2_26,A,2,26,rika,B理態8,4
A_2_27,A,2,27,rika,B理態8,4
A_2_28,A,2,28,rika,B理態8,4
A_2_29,A,2,29,rika,B理態8,4
A_2_30,A,2,30,rika,B理態8,4
B_1_1,B,1,1,rika,B理態8,4
B_1_2,B,1,2,rika,B理態8,3
B_1_3,B,1,3,rika,B理態8,4
B_1_4,B,1,4,rika,B理態8,4
B_1_5,B,1,5,rika,B理態8,4
B_1_6,B,1,6,rika,B理態8,3
B_1_7,B,1,7,rika,B理態8,3
B_1_8,B,1,8,rika,B理態8,4
B_1_9,B,1,9,rika,B理態8,4
B_1_10,B,1,10,rika,B理態8,3
B_1_11,B,1,11,rika,B理態8,4
B_1_12,B,1,12,rika,B理態8,4
B_1_13,B,1,13,rika,B理態8,4
B_1_14,B,1,14,rika,B理態8,2
B_1_15,B,1,15,rika,B理態8,3
B_1_16,B,1,16,rika,B理態8,4
B_1_17,B,1,17,rika,B理態8,3
B_1_18,B,1,18,rika,B理態8,4
B_1_19,B,1,19,rika,B理態8,4
B_1_20,B,1,20,rika,B理態8,3
B_1_21,B,1,21,rika,B理態8,4
B_1_22,B,1,22,rika,B理態8,4
B_1_23,B,1,23,rika,B理態8,3
B_1_24,B,1,24,rika,B理態8,2
B_1_25,B,1,25,rika,B理態8,4
B_1_26,B,1,26,rika,B理態8,3
B_1_27,B,1,27,rika,B理態8,3
B_1_28,B,1,28,rika,B理態8,3
B_1_29,B,1,29,rika,B理態8,3
B_1_30,B,1,30,rika,B理態8,4
B_2_1,B,2,1,rika,B理態8,4
B_2_2,B,2,2,rika,B理態8,4
B_2_3,B,2,3,rika,B理態8,4
B_2_4,B,2,4,rika,B理態8,4
B_2_5,B,2,5,rika,B理態8,4
B_2_6,B,2,6,rika,B理態8,4
B_2_7,B,2,7,rika,B理態8,4
B_2_8,B,2,8,rika,B理態8,4
B_2_9,B,2,9,rika,B理態8,4
B_2_10,B,2,10,rika,B理態8,4
B_2_11,B,2,11,rika,B理態8,3
B_2_12,B,2,12,rika,B理態8,4
B_2_13,B,2,13,rika,B理態8,4
B_2_14,B,2,14,rika,B理態8,4
B_2_15,B,2,15,rika,B理態8,2
B_2_16,B,2,16,rika,B理態8,3
B_2_17,B,2,17,rika,B理態8,4
B_2_18,B,2,18,rika,B理態8,4
B_2_19,B,2,19,rika,B理態8,4
B_2_20,B,2,20,rika,B理態8,4
B_2_21,B,2,21,rika,B理態8,4
B_2_22,B,2,22,rika,B理態8,4
B_2_23,B,2,23,rika,B理態8,4
B_2_24,B,2,24,rika,B理態8,4
B_2_25,B,2,25,rika,B理態8,4
B_2_26,B,2,26,rika,B理態8,4
B_2_27,B,2,27,rika,B理態8,4
B_2_28,B,2,28,rika,B理態8,4
B_2_29,B,2,29,rika,B理態8,4
B_2_30,B,2,30,rika,B理態8,4
C_1_1,C,1,1,rika,B理態8,4
C_1_2,C,1,2,rika,B理態8,4
C_1_3,C,1,3,rika,B理態8,2
C_1_4,C,1,4,rika,B理態8,3
C_1_5,C,1,5,rika,B理態8,4
C_1_6,C,1,6,rika,B理態8,2
C_1_7,C,1,7,rika,B理態8,4
C_1_8,C,1,8,rika,B理態8,2
C_1_9,C,1,9,rika,B理態8,3
C_1_10,C,1,10,rika,B理態8,4
C_1_11,C,1,11,rika,B理態8,4
C_1_12,C,1,12,rika,B理態8,3
C_1_13,C,1,13,rika,B理態8,4
C_1_14,C,1,14,rika,B理態8,4
C_1_15,C,1,15,rika,B理態8,3
C_1_16,C,1,16,rika,B理態8,4
C_1_17,C,1,17,rika,B理態8,4
C_1_18,C,1,18,rika,B理態8,3
C_1_19,C,1,19,rika,B理態8,3
C_1_20,C,1,20,rika,B理態8,4
C_1_21,C,1,21,rika,B理態8,4
C_1_22,C,1,22,rika,B理態8,2
C_1_23,C,1,23,rika,B理態8,4
C_1_24,C,1,24,rika,B理態8,3
C_1_25,C,1,25,rika,B理態8,4
C_1_26,C,1,26,rika,B理態8,4
C_1_27,C,1,27,rika,B理態8,4
C_1_28,C,1,28,rika,B理態8,3
C_1_29,C,1,29,rika,B理態8,4
C_1_30,C,1,30,rika,B理態8,4
C_2_1,C,2,1,rika,B理態8,4
C_2_2,C,2,2,rika,B理態8,4
C_2_3,C,2,3,rika,B理態8,2
C_2_4,C,2,4,rika,B理態8,2
C_2_5,C,2,5,rika,B理態8,3
C_2_6,C,2,6,rika,B理態8,3
C_2_7,C,2,7,rika,B理態8,3
C_2_8,C,2,8,rika,B理態8,2
C_2_9,C,2,9,rika,B理態8,2
C_2_10,C,2,10,rika,B理態8,3
C_2_11,C,2,11,rika,B理態8,3
C_2_12,C,2,12,rika,B理態8,3
C_2_13,C,2,13,rika,B理態8,4
C_2_14,C,2,14,rika,B理態8,4
C_2_15,C,2,15,rika,B理態8,3
C_2_16,C,2,16,rika,B理態8,3
C_2_17,C,2,17,rika,B理態8,2
C_2_18,C,2,18,rika,B理態8,4
C_2_19,C,2,19,rika,B理態8,4
C_2_20,C,2,20,rika,B理態8,3
C_2_21,C,2,21,rika,B理態8,3
C_2_22,C,2,22,rika,B理態8,4
C_2_23,C,2,23,rika,B理態8,4
C_2_24,C,2,24,rika,B理態8,4
C_2_25,C,2,25,rika,B理態8,3
C_2_26,C,2,26,rika,B理態8,3
C_2_27,C,2,27,rika,B理態8,3
C_2_28,C,2,28,rika,B理態8,3
C_2_29,C,2,29,rika,B理態8,4
C_2_30,C,2,30,rika,B理態8,4
C_1_1,C,1,1,rika,B理態8,4
C_1_2,C,1,2,rika,B理態8,2
C_1_3,C,1,3,rika,B理態8,4
C_1_4,C,1,4,rika,B理態8,3
C_1_5,C,1,5,rika,B理態8,4
C_1_6,C,1,6,rika,B理態8,2
C_1_7,C,1,7,rika,B理態8,1
C_1_8,C,1,8,rika,B理態8,3
C_1_9,C,1,9,rika,B理態8,3
C_1_10,C,1,10,rika,B理態8,4
C_1_11,C,1,11,rika,B理態8,4
C_1_12,C,1,12,rika,B理態8,2
D_1_13,D,1,13,rika,B理態8,4
D_1_14,D,1,14,rika,B理態8,3
D_1_15,D,1,15,rika,B理態8,4
D_1_16,D,1,16,rika,B理態8,4
D_1_17,D,1,17,rika,B理態8,3
D_1_18,D,1,18,rika,B理態8,4
D_1_19,D,1,19,rika,B理態8,2
D_1_20,D,1,20,rika,B理態8,1
D_1_21,D,1,21,rika,B理態8,2
D_1_22,D,1,22,rika,B理態8,3
D_1_23,D,1,23,rika,B理態8,3
D_1_24,D,1,24,rika,B理態8,3
D_1_25,D,1,25,rika,B理態8,3
D_1_26,D,1,26,rika,B理態8,4
D_1_27,D,1,27,rika,B理態8,4
D_1_28,D,1,28,rika,B理態8,4
D_1_29,D,1,29,rika,B理態8,2
D_1_30,D,1,30,rika,B理態8,4
D_2_1,D,2,1,rika,B理態8,4
D_2_2,D,2,2,rika,B理態8,4
D_2_3,D,2,3,rika,B理態8,3
D_2_4,D,2,4,rika,B理態8,3
D_2_5,D,2,5,rika,B理態8,3
D_2_6,D,2,6,rika,B理態8,4
D_2_7,D,2,7,rika,B理態8,4
D_2_8,D,2,8,rika,B理態8,2
D_2_9,D,2,9,rika,B理態8,3
D_2_10,D,2,10,rika,B理態8,3
D_2_11,D,2,11,rika,B理態8,4
D_2_12,D,2,12,rika,B理態8,4
D_2_13,D,2,13,rika,B理態8,4
D_2_14,D,2,14,rika,B理態8,2
D_2_15,D,2,15,rika,B理態8,4
D_2_16,D,2,16,rika,B理態8,3
D_2_17,D,2,17,rika,B理態8,4
D_2_18,D,2,18,rika,B理態8,4
D_2_19,D,2,19,rika,B理態8,2
D_2_20,D,2,20,rika,B理態8,4
D_2_21,D,2,21,rika,B理態8,3
D_2_22,D,2,22,rika,B理態8,4
D_2_23,D,2,23,rika,B理態8,4
D_2_24,D,2,24,rika,B理態8,2
D_2_25,D,2,25,rika,B理態8,3
D_2_26,D,2,26,rika,B理態8,4
D_2_27,D,2,27,rika,B理態8,3
D_2_28,D,2,28,rika,B理態8,4
D_2_29,D,2,29,rika,B理態8,3
D_2_30,D,2,30,rika,B理態8,4
A_1_1,A,1,1,rika,B理態9,4
A_1_2,A,1,2,rika,B理態9,3
A_1_3,A,1,3,rika,B理態9,4
A_1_4,A,1,4,rika,B理態9,4
A_1_5,A,1,5,rika,B理態9,4
A_1_6,A,1,6,rika,B理態9,4
A_1_7,A,1,7,rika,B理態9,4
A_1_8,A,1,8,rika,B理態9,4
A_1_9,A,1,9,rika,B理態9,4
A_1_10,A,1,10,rika,B理態9,3
A_1_11,A,1,11,rika,B理態9,4
A_1_12,A,1,12,rika,B理態9,4
A_1_13,A,1,13,rika,B理態9,4
A_1_14,A,1,14,rika,B理態9,4
A_1_15,A,1,15,rika,B理態9,4
A_1_16,A,1,16,rika,B理態9,4
A_1_17,A,1,17,rika,B理態9,4
A_1_18,A,1,18,rika,B理態9,4
A_1_19,A,1,19,rika,B理態9,4
A_1_20,A,1,20,rika,B理態9,3
A_1_21,A,1,21,rika,B理態9,4
A_1_22,A,1,22,rika,B理態9,4
A_1_23,A,1,23,rika,B理態9,4
A_1_24,A,1,24,rika,B理態9,4
A_1_25,A,1,25,rika,B理態9,4
A_1_26,A,1,26,rika,B理態9,3
A_1_27,A,1,27,rika,B理態9,4
A_1_28,A,1,28,rika,B理態9,4
A_1_29,A,1,29,rika,B理態9,4
A_1_30,A,1,30,rika,B理態9,4
A_2_1,A,2,1,rika,B理態9,4
A_2_2,A,2,2,rika,B理態9,3
A_2_3,A,2,3,rika,B理態9,4
A_2_4,A,2,4,rika,B理態9,4
A_2_5,A,2,5,rika,B理態9,4
A_2_6,A,2,6,rika,B理態9,4
A_2_7,A,2,7,rika,B理態9,4
A_2_8,A,2,8,rika,B理態9,4
A_2_9,A,2,9,rika,B理態9,4
A_2_10,A,2,10,rika,B理態9,4
A_2_11,A,2,11,rika,B理態9,4
A_2_12,A,2,12,rika,B理態9,4
A_2_13,A,2,13,rika,B理態9,4
A_2_14,A,2,14,rika,B理態9,4
A_2_15,A,2,15,rika,B理態9,4
A_2_16,A,2,16,rika,B理態9,4
A_2_17,A,2,17,rika,B理態9,3
A_2_18,A,2,18,rika,B理態9,4
A_2_19,A,2,19,rika,B理態9,4
A_2_20,A,2,20,rika,B理態9,4
A_2_21,A,2,21,rika,B理態9,4
A_2_22,A,2,22,rika,B理態9,4
A_2_23,A,2,23,rika,B理態9,4
A_2_24,A,2,24,rika,B理態9,4
A_2_25,A,2,25,rika,B理態9,4
A_2_26,A,2,26,rika,B理態9,4
A_2_27,A,2,27,rika,B理態9,4
A_2_28,A,2,28,rika,B理態9,4
A_2_29,A,2,29,rika,B理態9,4
A_2_30,A,2,30,rika,B理態9,3
B_1_1,B,1,1,rika,B理態9,4
B_1_2,B,1,2,rika,B理態9,4
B_1_3,B,1,3,rika,B理態9,4
B_1_4,B,1,4,rika,B理態9,4
B_1_5,B,1,5,rika,B理態9,4
B_1_6,B,1,6,rika,B理態9,3
B_1_7,B,1,7,rika,B理態9,3
B_1_8,B,1,8,rika,B理態9,4
B_1_9,B,1,9,rika,B理態9,3
B_1_10,B,1,10,rika,B理態9,4
B_1_11,B,1,11,rika,B理態9,4
B_1_12,B,1,12,rika,B理態9,4
B_1_13,B,1,13,rika,B理態9,4
B_1_14,B,1,14,rika,B理態9,2
B_1_15,B,1,15,rika,B理態9,1
B_1_16,B,1,16,rika,B理態9,4
B_1_17,B,1,17,rika,B理態9,3
B_1_18,B,1,18,rika,B理態9,4
B_1_19,B,1,19,rika,B理態9,3
B_1_20,B,1,20,rika,B理態9,4
B_1_21,B,1,21,rika,B理態9,4
B_1_22,B,1,22,rika,B理態9,4
B_1_23,B,1,23,rika,B理態9,3
B_1_24,B,1,24,rika,B理態9,2
B_1_25,B,1,25,rika,B理態9,4
B_1_26,B,1,26,rika,B理態9,3
B_1_27,B,1,27,rika,B理態9,4
B_1_28,B,1,28,rika,B理態9,3
B_1_29,B,1,29,rika,B理態9,3
B_1_30,B,1,30,rika,B理態9,4
B_2_1,B,2,1,rika,B理態9,4
B_2_2,B,2,2,rika,B理態9,4
B_2_3,B,2,3,rika,B理態9,4
B_2_4,B,2,4,rika,B理態9,4
B_2_5,B,2,5,rika,B理態9,4
B_2_6,B,2,6,rika,B理態9,4
B_2_7,B,2,7,rika,B理態9,4
B_2_8,B,2,8,rika,B理態9,3
B_2_9,B,2,9,rika,B理態9,4
B_2_10,B,2,10,rika,B理態9,4
B_2_11,B,2,11,rika,B理態9,3
B_2_12,B,2,12,rika,B理態9,4
B_2_13,B,2,13,rika,B理態9,4
B_2_14,B,2,14,rika,B理態9,4
B_2_15,B,2,15,rika,B理態9,3
B_2_16,B,2,16,rika,B理態9,4
B_2_17,B,2,17,rika,B理態9,4
B_2_18,B,2,18,rika,B理態9,4
B_2_19,B,2,19,rika,B理態9,4
B_2_20,B,2,20,rika,B理態9,4
B_2_21,B,2,21,rika,B理態9,4
B_2_22,B,2,22,rika,B理態9,4
B_2_23,B,2,23,rika,B理態9,4
B_2_24,B,2,24,rika,B理態9,4
B_2_25,B,2,25,rika,B理態9,4
B_2_26,B,2,26,rika,B理態9,4
B_2_27,B,2,27,rika,B理態9,4
B_2_28,B,2,28,rika,B理態9,4
B_2_29,B,2,29,rika,B理態9,4
B_2_30,B,2,30,rika,B理態9,4
C_1_1,C,1,1,rika,B理態9,4
C_1_2,C,1,2,rika,B理態9,4
C_1_3,C,1,3,rika,B理態9,4
C_1_4,C,1,4,rika,B理態9,4
C_1_5,C,1,5,rika,B理態9,4
C_1_6,C,1,6,rika,B理態9,4
C_1_7,C,1,7,rika,B理態9,4
C_1_8,C,1,8,rika,B理態9,3
C_1_9,C,1,9,rika,B理態9,3
C_1_10,C,1,10,rika,B理態9,4
C_1_11,C,1,11,rika,B理態9,4
C_1_12,C,1,12,rika,B理態9,4
C_1_13,C,1,13,rika,B理態9,4
C_1_14,C,1,14,rika,B理態9,2
C_1_15,C,1,15,rika,B理態9,3
C_1_16,C,1,16,rika,B理態9,3
C_1_17,C,1,17,rika,B理態9,4
C_1_18,C,1,18,rika,B理態9,3
C_1_19,C,1,19,rika,B理態9,4
C_1_20,C,1,20,rika,B理態9,4
C_1_21,C,1,21,rika,B理態9,4
C_1_22,C,1,22,rika,B理態9,4
C_1_23,C,1,23,rika,B理態9,4
C_1_24,C,1,24,rika,B理態9,4
C_1_25,C,1,25,rika,B理態9,4
C_1_26,C,1,26,rika,B理態9,3
C_1_27,C,1,27,rika,B理態9,4
C_1_28,C,1,28,rika,B理態9,4
C_1_29,C,1,29,rika,B理態9,4
C_1_30,C,1,30,rika,B理態9,4
C_2_1,C,2,1,rika,B理態9,3
C_2_2,C,2,2,rika,B理態9,4
C_2_3,C,2,3,rika,B理態9,2
C_2_4,C,2,4,rika,B理態9,3
C_2_5,C,2,5,rika,B理態9,3
C_2_6,C,2,6,rika,B理態9,4
C_2_7,C,2,7,rika,B理態9,3
C_2_8,C,2,8,rika,B理態9,3
C_2_9,C,2,9,rika,B理態9,3
C_2_10,C,2,10,rika,B理態9,4
C_2_11,C,2,11,rika,B理態9,3
C_2_12,C,2,12,rika,B理態9,3
C_2_13,C,2,13,rika,B理態9,4
C_2_14,C,2,14,rika,B理態9,4
C_2_15,C,2,15,rika,B理態9,4
C_2_16,C,2,16,rika,B理態9,4
C_2_17,C,2,17,rika,B理態9,3
C_2_18,C,2,18,rika,B理態9,4
C_2_19,C,2,19,rika,B理態9,4
C_2_20,C,2,20,rika,B理態9,4
C_2_21,C,2,21,rika,B理態9,4
C_2_22,C,2,22,rika,B理態9,4
C_2_23,C,2,23,rika,B理態9,4
C_2_24,C,2,24,rika,B理態9,4
C_2_25,C,2,25,rika,B理態9,4
C_2_26,C,2,26,rika,B理態9,3
C_2_27,C,2,27,rika,B理態9,3
C_2_28,C,2,28,rika,B理態9,3
C_2_29,C,2,29,rika,B理態9,4
C_2_30,C,2,30,rika,B理態9,4
C_1_1,C,1,1,rika,B理態9,4
C_1_2,C,1,2,rika,B理態9,3
C_1_3,C,1,3,rika,B理態9,4
C_1_4,C,1,4,rika,B理態9,4
C_1_5,C,1,5,rika,B理態9,3
C_1_6,C,1,6,rika,B理態9,3
C_1_7,C,1,7,rika,B理態9,4
C_1_8,C,1,8,rika,B理態9,3
C_1_9,C,1,9,rika,B理態9,3
C_1_10,C,1,10,rika,B理態9,4
C_1_11,C,1,11,rika,B理態9,4
C_1_12,C,1,12,rika,B理態9,3
D_1_13,D,1,13,rika,B理態9,3
D_1_14,D,1,14,rika,B理態9,3
D_1_15,D,1,15,rika,B理態9,4
D_1_16,D,1,16,rika,B理態9,4
D_1_17,D,1,17,rika,B理態9,4
D_1_18,D,1,18,rika,B理態9,3
D_1_19,D,1,19,rika,B理態9,3
D_1_20,D,1,20,rika,B理態9,4
D_1_21,D,1,21,rika,B理態9,3
D_1_22,D,1,22,rika,B理態9,4
D_1_23,D,1,23,rika,B理態9,3
D_1_24,D,1,24,rika,B理態9,3
D_1_25,D,1,25,rika,B理態9,3
D_1_26,D,1,26,rika,B理態9,4
D_1_27,D,1,27,rika,B理態9,4
D_1_28,D,1,28,rika,B理態9,4
D_1_29,D,1,29,rika,B理態9,3
D_1_30,D,1,30,rika,B理態9,4
D_2_1,D,2,1,rika,B理態9,4
D_2_2,D,2,2,rika,B理態9,4
D_2_3,D,2,3,rika,B理態9,4
D_2_4,D,2,4,rika,B理態9,3
D_2_5,D,2,5,rika,B理態9,3
D_2_6,D,2,6,rika,B理態9,4
D_2_7,D,2,7,rika,B理態9,4
D_2_8,D,2,8,rika,B理態9,3
D_2_9,D,2,9,rika,B理態9,4
D_2_10,D,2,10,rika,B理態9,4
D_2_11,D,2,11,rika,B理態9,4
D_2_12,D,2,12,rika,B理態9,4
D_2_13,D,2,13,rika,B理態9,4
D_2_14,D,2,14,rika,B理態9,3
D_2_15,D,2,15,rika,B理態9,4
D_2_16,D,2,16,rika,B理態9,4
D_2_17,D,2,17,rika,B理態9,4
D_2_18,D,2,18,rika,B理態9,4
D_2_19,D,2,19,rika,B理態9,3
D_2_20,D,2,20,rika,B理態9,4
D_2_21,D,2,21,rika,B理態9,4
D_2_22,D,2,22,rika,B理態9,4
D_2_23,D,2,23,rika,B理態9,4
D_2_24,D,2,24,rika,B理態9,2
D_2_25,D,2,25,rika,B理態9,3
D_2_26,D,2,26,rika,B理態9,4
D_2_27,D,2,27,rika,B理態9,3
D_2_28,D,2,28,rika,B理態9,4
D_2_29,D,2,29,rika,B理態9,3
D_2_30,D,2,30,rika,B理態9,4
A_1_1,A,1,1,rika,B理態10,4
A_1_2,A,1,2,rika,B理態10,3
A_1_3,A,1,3,rika,B理態10,3
A_1_4,A,1,4,rika,B理態10,4
A_1_5,A,1,5,rika,B理態10,3
A_1_6,A,1,6,rika,B理態10,4
A_1_7,A,1,7,rika,B理態10,4
A_1_8,A,1,8,rika,B理態10,4
A_1_9,A,1,9,rika,B理態10,4
A_1_10,A,1,10,rika,B理態10,3
A_1_11,A,1,11,rika,B理態10,4
A_1_12,A,1,12,rika,B理態10,4
A_1_13,A,1,13,rika,B理態10,3
A_1_14,A,1,14,rika,B理態10,4
A_1_15,A,1,15,rika,B理態10,4
A_1_16,A,1,16,rika,B理態10,4
A_1_17,A,1,17,rika,B理態10,4
A_1_18,A,1,18,rika,B理態10,4
A_1_19,A,1,19,rika,B理態10,4
A_1_20,A,1,20,rika,B理態10,3
A_1_21,A,1,21,rika,B理態10,4
A_1_22,A,1,22,rika,B理態10,3
A_1_23,A,1,23,rika,B理態10,4
A_1_24,A,1,24,rika,B理態10,4
A_1_25,A,1,25,rika,B理態10,4
A_1_26,A,1,26,rika,B理態10,3
A_1_27,A,1,27,rika,B理態10,4
A_1_28,A,1,28,rika,B理態10,4
A_1_29,A,1,29,rika,B理態10,4
A_1_30,A,1,30,rika,B理態10,4
A_2_1,A,2,1,rika,B理態10,4
A_2_2,A,2,2,rika,B理態10,3
A_2_3,A,2,3,rika,B理態10,4
A_2_4,A,2,4,rika,B理態10,3
A_2_5,A,2,5,rika,B理態10,3
A_2_6,A,2,6,rika,B理態10,4
A_2_7,A,2,7,rika,B理態10,4
A_2_8,A,2,8,rika,B理態10,4
A_2_9,A,2,9,rika,B理態10,4
A_2_10,A,2,10,rika,B理態10,4
A_2_11,A,2,11,rika,B理態10,4
A_2_12,A,2,12,rika,B理態10,3
A_2_13,A,2,13,rika,B理態10,4
A_2_14,A,2,14,rika,B理態10,3
A_2_15,A,2,15,rika,B理態10,3
A_2_16,A,2,16,rika,B理態10,4
A_2_17,A,2,17,rika,B理態10,3
A_2_18,A,2,18,rika,B理態10,4
A_2_19,A,2,19,rika,B理態10,4
A_2_20,A,2,20,rika,B理態10,4
A_2_21,A,2,21,rika,B理態10,4
A_2_22,A,2,22,rika,B理態10,4
A_2_23,A,2,23,rika,B理態10,4
A_2_24,A,2,24,rika,B理態10,4
A_2_25,A,2,25,rika,B理態10,2
A_2_26,A,2,26,rika,B理態10,4
A_2_27,A,2,27,rika,B理態10,3
A_2_28,A,2,28,rika,B理態10,4
A_2_29,A,2,29,rika,B理態10,4
A_2_30,A,2,30,rika,B理態10,4
B_1_1,B,1,1,rika,B理態10,3
B_1_2,B,1,2,rika,B理態10,4
B_1_3,B,1,3,rika,B理態10,4
B_1_4,B,1,4,rika,B理態10,4
B_1_5,B,1,5,rika,B理態10,4
B_1_6,B,1,6,rika,B理態10,3
B_1_7,B,1,7,rika,B理態10,3
B_1_8,B,1,8,rika,B理態10,4
B_1_9,B,1,9,rika,B理態10,4
B_1_10,B,1,10,rika,B理態10,4
B_1_11,B,1,11,rika,B理態10,4
B_1_12,B,1,12,rika,B理態10,4
B_1_13,B,1,13,rika,B理態10,4
B_1_14,B,1,14,rika,B理態10,2
B_1_15,B,1,15,rika,B理態10,2
B_1_16,B,1,16,rika,B理態10,4
B_1_17,B,1,17,rika,B理態10,3
B_1_18,B,1,18,rika,B理態10,4
B_1_19,B,1,19,rika,B理態10,3
B_1_20,B,1,20,rika,B理態10,3
B_1_21,B,1,21,rika,B理態10,3
B_1_22,B,1,22,rika,B理態10,4
B_1_23,B,1,23,rika,B理態10,3
B_1_24,B,1,24,rika,B理態10,2
B_1_25,B,1,25,rika,B理態10,4
B_1_26,B,1,26,rika,B理態10,3
B_1_27,B,1,27,rika,B理態10,3
B_1_28,B,1,28,rika,B理態10,3
B_1_29,B,1,29,rika,B理態10,3
B_1_30,B,1,30,rika,B理態10,4
B_2_1,B,2,1,rika,B理態10,4
B_2_2,B,2,2,rika,B理態10,4
B_2_3,B,2,3,rika,B理態10,4
B_2_4,B,2,4,rika,B理態10,3
B_2_5,B,2,5,rika,B理態10,4
B_2_6,B,2,6,rika,B理態10,4
B_2_7,B,2,7,rika,B理態10,3
B_2_8,B,2,8,rika,B理態10,3
B_2_9,B,2,9,rika,B理態10,3
B_2_10,B,2,10,rika,B理態10,4
B_2_11,B,2,11,rika,B理態10,2
B_2_12,B,2,12,rika,B理態10,4
B_2_13,B,2,13,rika,B理態10,4
B_2_14,B,2,14,rika,B理態10,4
B_2_15,B,2,15,rika,B理態10,3
B_2_16,B,2,16,rika,B理態10,4
B_2_17,B,2,17,rika,B理態10,4
B_2_18,B,2,18,rika,B理態10,4
B_2_19,B,2,19,rika,B理態10,3
B_2_20,B,2,20,rika,B理態10,4
B_2_21,B,2,21,rika,B理態10,3
B_2_22,B,2,22,rika,B理態10,4
B_2_23,B,2,23,rika,B理態10,4
B_2_24,B,2,24,rika,B理態10,4
B_2_25,B,2,25,rika,B理態10,4
B_2_26,B,2,26,rika,B理態10,4
B_2_27,B,2,27,rika,B理態10,4
B_2_28,B,2,28,rika,B理態10,4
B_2_29,B,2,29,rika,B理態10,4
B_2_30,B,2,30,rika,B理態10,3
C_1_1,C,1,1,rika,B理態10,4
C_1_2,C,1,2,rika,B理態10,2
C_1_3,C,1,3,rika,B理態10,3
C_1_4,C,1,4,rika,B理態10,3
C_1_5,C,1,5,rika,B理態10,4
C_1_6,C,1,6,rika,B理態10,4
C_1_7,C,1,7,rika,B理態10,4
C_1_8,C,1,8,rika,B理態10,2
C_1_9,C,1,9,rika,B理態10,3
C_1_10,C,1,10,rika,B理態10,4
C_1_11,C,1,11,rika,B理態10,4
C_1_12,C,1,12,rika,B理態10,3
C_1_13,C,1,13,rika,B理態10,4
C_1_14,C,1,14,rika,B理態10,3
C_1_15,C,1,15,rika,B理態10,3
C_1_16,C,1,16,rika,B理態10,3
C_1_17,C,1,17,rika,B理態10,2
C_1_18,C,1,18,rika,B理態10,3
C_1_19,C,1,19,rika,B理態10,4
C_1_20,C,1,20,rika,B理態10,4
C_1_21,C,1,21,rika,B理態10,4
C_1_22,C,1,22,rika,B理態10,3
C_1_23,C,1,23,rika,B理態10,3
C_1_24,C,1,24,rika,B理態10,3
C_1_25,C,1,25,rika,B理態10,4
C_1_26,C,1,26,rika,B理態10,2
C_1_27,C,1,27,rika,B理態10,4
C_1_28,C,1,28,rika,B理態10,4
C_1_29,C,1,29,rika,B理態10,4
C_1_30,C,1,30,rika,B理態10,4
C_2_1,C,2,1,rika,B理態10,2
C_2_2,C,2,2,rika,B理態10,4
C_2_3,C,2,3,rika,B理態10,2
C_2_4,C,2,4,rika,B理態10,2
C_2_5,C,2,5,rika,B理態10,3
C_2_6,C,2,6,rika,B理態10,3
C_2_7,C,2,7,rika,B理態10,3
C_2_8,C,2,8,rika,B理態10,3
C_2_9,C,2,9,rika,B理態10,2
C_2_10,C,2,10,rika,B理態10,3
C_2_11,C,2,11,rika,B理態10,3
C_2_12,C,2,12,rika,B理態10,3
C_2_13,C,2,13,rika,B理態10,4
C_2_14,C,2,14,rika,B理態10,4
C_2_15,C,2,15,rika,B理態10,3
C_2_16,C,2,16,rika,B理態10,4
C_2_17,C,2,17,rika,B理態10,2
C_2_18,C,2,18,rika,B理態10,3
C_2_19,C,2,19,rika,B理態10,4
C_2_20,C,2,20,rika,B理態10,3
C_2_21,C,2,21,rika,B理態10,2
C_2_22,C,2,22,rika,B理態10,4
C_2_23,C,2,23,rika,B理態10,4
C_2_24,C,2,24,rika,B理態10,4
C_2_25,C,2,25,rika,B理態10,3
C_2_26,C,2,26,rika,B理態10,2
C_2_27,C,2,27,rika,B理態10,3
C_2_28,C,2,28,rika,B理態10,2
C_2_29,C,2,29,rika,B理態10,2
C_2_30,C,2,30,rika,B理態10,4
C_1_1,C,1,1,rika,B理態10,4
C_1_2,C,1,2,rika,B理態10,3
C_1_3,C,1,3,rika,B理態10,4
C_1_4,C,1,4,rika,B理態10,2
C_1_5,C,1,5,rika,B理態10,3
C_1_6,C,1,6,rika,B理態10,2
C_1_7,C,1,7,rika,B理態10,1
C_1_8,C,1,8,rika,B理態10,2
C_1_9,C,1,9,rika,B理態10,2
C_1_10,C,1,10,rika,B理態10,3
C_1_11,C,1,11,rika,B理態10,4
C_1_12,C,1,12,rika,B理態10,2
D_1_13,D,1,13,rika,B理態10,3
D_1_14,D,1,14,rika,B理態10,3
D_1_15,D,1,15,rika,B理態10,4
D_1_16,D,1,16,rika,B理態10,4
D_1_17,D,1,17,rika,B理態10,2
D_1_18,D,1,18,rika,B理態10,2
D_1_19,D,1,19,rika,B理態10,2
D_1_20,D,1,20,rika,B理態10,1
D_1_21,D,1,21,rika,B理態10,2
D_1_22,D,1,22,rika,B理態10,3
D_1_23,D,1,23,rika,B理態10,2
D_1_24,D,1,24,rika,B理態10,3
D_1_25,D,1,25,rika,B理態10,2
D_1_26,D,1,26,rika,B理態10,2
D_1_27,D,1,27,rika,B理態10,4
D_1_28,D,1,28,rika,B理態10,4
D_1_29,D,1,29,rika,B理態10,3
D_1_30,D,1,30,rika,B理態10,4
D_2_1,D,2,1,rika,B理態10,3
D_2_2,D,2,2,rika,B理態10,4
D_2_3,D,2,3,rika,B理態10,3
D_2_4,D,2,4,rika,B理態10,2
D_2_5,D,2,5,rika,B理態10,2
D_2_6,D,2,6,rika,B理態10,3
D_2_7,D,2,7,rika,B理態10,4
D_2_8,D,2,8,rika,B理態10,2
D_2_9,D,2,9,rika,B理態10,2
D_2_10,D,2,10,rika,B理態10,2
D_2_11,D,2,11,rika,B理態10,3
D_2_12,D,2,12,rika,B理態10,4
D_2_13,D,2,13,rika,B理態10,3
D_2_14,D,2,14,rika,B理態10,3
D_2_15,D,2,15,rika,B理態10,4
D_2_16,D,2,16,rika,B理態10,4
D_2_17,D,2,17,rika,B理態10,3
D_2_18,D,2,18,rika,B理態10,4
D_2_19,D,2,19,rika,B理態10,2
D_2_20,D,2,20,rika,B理態10,4
D_2_21,D,2,21,rika,B理態10,2
D_2_22,D,2,22,rika,B理態10,4
D_2_23,D,2,23,rika,B理態10,3
D_2_24,D,2,24,rika,B理態10,2
D_2_25,D,2,25,rika,B理態10,2
D_2_26,D,2,26,rika,B理態10,4
D_2_27,D,2,27,rika,B理態10,4
D_2_28,D,2,28,rika,B理態10,3
D_2_29,D,2,29,rika,B理態10,2
D_2_30,D,2,30,rika,B理態10,4
A_1_1,A,1,1,rika,B理態11,4
A_1_2,A,1,2,rika,B理態11,3
A_1_3,A,1,3,rika,B理態11,4
A_1_4,A,1,4,rika,B理態11,4
A_1_5,A,1,5,rika,B理態11,3
A_1_6,A,1,6,rika,B理態11,4
A_1_7,A,1,7,rika,B理態11,4
A_1_8,A,1,8,rika,B理態11,4
A_1_9,A,1,9,rika,B理態11,3
A_1_10,A,1,10,rika,B理態11,3
A_1_11,A,1,11,rika,B理態11,4
A_1_12,A,1,12,rika,B理態11,4
A_1_13,A,1,13,rika,B理態11,3
A_1_14,A,1,14,rika,B理態11,4
A_1_15,A,1,15,rika,B理態11,3
A_1_16,A,1,16,rika,B理態11,4
A_1_17,A,1,17,rika,B理態11,4
A_1_18,A,1,18,rika,B理態11,4
A_1_19,A,1,19,rika,B理態11,4
A_1_20,A,1,20,rika,B理態11,4
A_1_21,A,1,21,rika,B理態11,4
A_1_22,A,1,22,rika,B理態11,3
A_1_23,A,1,23,rika,B理態11,4
A_1_24,A,1,24,rika,B理態11,4
A_1_25,A,1,25,rika,B理態11,3
A_1_26,A,1,26,rika,B理態11,3
A_1_27,A,1,27,rika,B理態11,4
A_1_28,A,1,28,rika,B理態11,4
A_1_29,A,1,29,rika,B理態11,4
A_1_30,A,1,30,rika,B理態11,4
A_2_1,A,2,1,rika,B理態11,4
A_2_2,A,2,2,rika,B理態11,3
A_2_3,A,2,3,rika,B理態11,4
A_2_4,A,2,4,rika,B理態11,4
A_2_5,A,2,5,rika,B理態11,4
A_2_6,A,2,6,rika,B理態11,3
A_2_7,A,2,7,rika,B理態11,4
A_2_8,A,2,8,rika,B理態11,4
A_2_9,A,2,9,rika,B理態11,4
A_2_10,A,2,10,rika,B理態11,4
A_2_11,A,2,11,rika,B理態11,4
A_2_12,A,2,12,rika,B理態11,3
A_2_13,A,2,13,rika,B理態11,4
A_2_14,A,2,14,rika,B理態11,3
A_2_15,A,2,15,rika,B理態11,4
A_2_16,A,2,16,rika,B理態11,4
A_2_17,A,2,17,rika,B理態11,3
A_2_18,A,2,18,rika,B理態11,4
A_2_19,A,2,19,rika,B理態11,4
A_2_20,A,2,20,rika,B理態11,4
A_2_21,A,2,21,rika,B理態11,4
A_2_22,A,2,22,rika,B理態11,4
A_2_23,A,2,23,rika,B理態11,4
A_2_24,A,2,24,rika,B理態11,3
A_2_25,A,2,25,rika,B理態11,2
A_2_26,A,2,26,rika,B理態11,4
A_2_27,A,2,27,rika,B理態11,4
A_2_28,A,2,28,rika,B理態11,4
A_2_29,A,2,29,rika,B理態11,4
A_2_30,A,2,30,rika,B理態11,4
B_1_1,B,1,1,rika,B理態11,3
B_1_2,B,1,2,rika,B理態11,4
B_1_3,B,1,3,rika,B理態11,4
B_1_4,B,1,4,rika,B理態11,4
B_1_5,B,1,5,rika,B理態11,4
B_1_6,B,1,6,rika,B理態11,3
B_1_7,B,1,7,rika,B理態11,3
B_1_8,B,1,8,rika,B理態11,4
B_1_9,B,1,9,rika,B理態11,4
B_1_10,B,1,10,rika,B理態11,3
B_1_11,B,1,11,rika,B理態11,4
B_1_12,B,1,12,rika,B理態11,4
B_1_13,B,1,13,rika,B理態11,4
B_1_14,B,1,14,rika,B理態11,2
B_1_15,B,1,15,rika,B理態11,2
B_1_16,B,1,16,rika,B理態11,4
B_1_17,B,1,17,rika,B理態11,3
B_1_18,B,1,18,rika,B理態11,4
B_1_19,B,1,19,rika,B理態11,3
B_1_20,B,1,20,rika,B理態11,2
B_1_21,B,1,21,rika,B理態11,4
B_1_22,B,1,22,rika,B理態11,4
B_1_23,B,1,23,rika,B理態11,2
B_1_24,B,1,24,rika,B理態11,2
B_1_25,B,1,25,rika,B理態11,4
B_1_26,B,1,26,rika,B理態11,3
B_1_27,B,1,27,rika,B理態11,3
B_1_28,B,1,28,rika,B理態11,3
B_1_29,B,1,29,rika,B理態11,3
B_1_30,B,1,30,rika,B理態11,4
B_2_1,B,2,1,rika,B理態11,4
B_2_2,B,2,2,rika,B理態11,4
B_2_3,B,2,3,rika,B理態11,4
B_2_4,B,2,4,rika,B理態11,4
B_2_5,B,2,5,rika,B理態11,4
B_2_6,B,2,6,rika,B理態11,4
B_2_7,B,2,7,rika,B理態11,3
B_2_8,B,2,8,rika,B理態11,3
B_2_9,B,2,9,rika,B理態11,2
B_2_10,B,2,10,rika,B理態11,4
B_2_11,B,2,11,rika,B理態11,3
B_2_12,B,2,12,rika,B理態11,3
B_2_13,B,2,13,rika,B理態11,4
B_2_14,B,2,14,rika,B理態11,3
B_2_15,B,2,15,rika,B理態11,3
B_2_16,B,2,16,rika,B理態11,4
B_2_17,B,2,17,rika,B理態11,3
B_2_18,B,2,18,rika,B理態11,4
B_2_19,B,2,19,rika,B理態11,2
B_2_20,B,2,20,rika,B理態11,4
B_2_21,B,2,21,rika,B理態11,3
B_2_22,B,2,22,rika,B理態11,4
B_2_23,B,2,23,rika,B理態11,4
B_2_24,B,2,24,rika,B理態11,4
B_2_25,B,2,25,rika,B理態11,4
B_2_26,B,2,26,rika,B理態11,4
B_2_27,B,2,27,rika,B理態11,4
B_2_28,B,2,28,rika,B理態11,4
B_2_29,B,2,29,rika,B理態11,4
B_2_30,B,2,30,rika,B理態11,4
C_1_1,C,1,1,rika,B理態11,4
C_1_2,C,1,2,rika,B理態11,3
C_1_3,C,1,3,rika,B理態11,2
C_1_4,C,1,4,rika,B理態11,4
C_1_5,C,1,5,rika,B理態11,4
C_1_6,C,1,6,rika,B理態11,3
C_1_7,C,1,7,rika,B理態11,4
C_1_8,C,1,8,rika,B理態11,3
C_1_9,C,1,9,rika,B理態11,3
C_1_10,C,1,10,rika,B理態11,4
C_1_11,C,1,11,rika,B理態11,3
C_1_12,C,1,12,rika,B理態11,3
C_1_13,C,1,13,rika,B理態11,4
C_1_14,C,1,14,rika,B理態11,4
C_1_15,C,1,15,rika,B理態11,3
C_1_16,C,1,16,rika,B理態11,4
C_1_17,C,1,17,rika,B理態11,4
C_1_18,C,1,18,rika,B理態11,3
C_1_19,C,1,19,rika,B理態11,4
C_1_20,C,1,20,rika,B理態11,4
C_1_21,C,1,21,rika,B理態11,4
C_1_22,C,1,22,rika,B理態11,2
C_1_23,C,1,23,rika,B理態11,4
C_1_24,C,1,24,rika,B理態11,3
C_1_25,C,1,25,rika,B理態11,4
C_1_26,C,1,26,rika,B理態11,2
C_1_27,C,1,27,rika,B理態11,4
C_1_28,C,1,28,rika,B理態11,4
C_1_29,C,1,29,rika,B理態11,4
C_1_30,C,1,30,rika,B理態11,4
C_2_1,C,2,1,rika,B理態11,3
C_2_2,C,2,2,rika,B理態11,4
C_2_3,C,2,3,rika,B理態11,2
C_2_4,C,2,4,rika,B理態11,1
C_2_5,C,2,5,rika,B理態11,3
C_2_6,C,2,6,rika,B理態11,3
C_2_7,C,2,7,rika,B理態11,3
C_2_8,C,2,8,rika,B理態11,4
C_2_9,C,2,9,rika,B理態11,3
C_2_10,C,2,10,rika,B理態11,3
C_2_11,C,2,11,rika,B理態11,3
C_2_12,C,2,12,rika,B理態11,3
C_2_13,C,2,13,rika,B理態11,4
C_2_14,C,2,14,rika,B理態11,4
C_2_15,C,2,15,rika,B理態11,2
C_2_16,C,2,16,rika,B理態11,3
C_2_17,C,2,17,rika,B理態11,2
C_2_18,C,2,18,rika,B理態11,2
C_2_19,C,2,19,rika,B理態11,4
C_2_20,C,2,20,rika,B理態11,3
C_2_21,C,2,21,rika,B理態11,2
C_2_22,C,2,22,rika,B理態11,2
C_2_23,C,2,23,rika,B理態11,3
C_2_24,C,2,24,rika,B理態11,4
C_2_25,C,2,25,rika,B理態11,1
C_2_26,C,2,26,rika,B理態11,3
C_2_27,C,2,27,rika,B理態11,2
C_2_28,C,2,28,rika,B理態11,3
C_2_29,C,2,29,rika,B理態11,4
C_2_30,C,2,30,rika,B理態11,4
C_1_1,C,1,1,rika,B理態11,4
C_1_2,C,1,2,rika,B理態11,3
C_1_3,C,1,3,rika,B理態11,4
C_1_4,C,1,4,rika,B理態11,4
C_1_5,C,1,5,rika,B理態11,3
C_1_6,C,1,6,rika,B理態11,2
C_1_7,C,1,7,rika,B理態11,1
C_1_8,C,1,8,rika,B理態11,3
C_1_9,C,1,9,rika,B理態11,2
C_1_10,C,1,10,rika,B理態11,4
C_1_11,C,1,11,rika,B理態11,4
C_1_12,C,1,12,rika,B理態11,2
D_1_13,D,1,13,rika,B理態11,3
D_1_14,D,1,14,rika,B理態11,3
D_1_15,D,1,15,rika,B理態11,4
D_1_16,D,1,16,rika,B理態11,3
D_1_17,D,1,17,rika,B理態11,2
D_1_18,D,1,18,rika,B理態11,2
D_1_19,D,1,19,rika,B理態11,2
D_1_20,D,1,20,rika,B理態11,1
D_1_21,D,1,21,rika,B理態11,2
D_1_22,D,1,22,rika,B理態11,1
D_1_23,D,1,23,rika,B理態11,3
D_1_24,D,1,24,rika,B理態11,2
D_1_25,D,1,25,rika,B理態11,3
D_1_26,D,1,26,rika,B理態11,4
D_1_27,D,1,27,rika,B理態11,4
D_1_28,D,1,28,rika,B理態11,4
D_1_29,D,1,29,rika,B理態11,3
D_1_30,D,1,30,rika,B理態11,4
D_2_1,D,2,1,rika,B理態11,2
D_2_2,D,2,2,rika,B理態11,4
D_2_3,D,2,3,rika,B理態11,3
D_2_4,D,2,4,rika,B理態11,3
D_2_5,D,2,5,rika,B理態11,2
D_2_6,D,2,6,rika,B理態11,4
D_2_7,D,2,7,rika,B理態11,4
D_2_8,D,2,8,rika,B理態11,2
D_2_9,D,2,9,rika,B理態11,4
D_2_10,D,2,10,rika,B理態11,3
D_2_11,D,2,11,rika,B理態11,4
D_2_12,D,2,12,rika,B理態11,4
D_2_13,D,2,13,rika,B理態11,3
D_2_14,D,2,14,rika,B理態11,2
D_2_15,D,2,15,rika,B理態11,4
D_2_16,D,2,16,rika,B理態11,4
D_2_17,D,2,17,rika,B理態11,2
D_2_18,D,2,18,rika,B理態11,4
D_2_19,D,2,19,rika,B理態11,2
D_2_20,D,2,20,rika,B理態11,4
D_2_21,D,2,21,rika,B理態11,2
D_2_22,D,2,22,rika,B理態11,4
D_2_23,D,2,23,rika,B理態11,4
D_2_24,D,2,24,rika,B理態11,2
D_2_25,D,2,25,rika,B理態11,2
D_2_26,D,2,26,rika,B理態11,4
D_2_27,D,2,27,rika,B理態11,3
D_2_28,D,2,28,rika,B理態11,3
D_2_29,D,2,29,rika,B理態11,2
D_2_30,D,2,30,rika,B理態11,4
A_1_1,A,1,1,rika,B理態12,4
A_1_2,A,1,2,rika,B理態12,3
A_1_3,A,1,3,rika,B理態12,3
A_1_4,A,1,4,rika,B理態12,4
A_1_5,A,1,5,rika,B理態12,4
A_1_6,A,1,6,rika,B理態12,4
A_1_7,A,1,7,rika,B理態12,4
A_1_8,A,1,8,rika,B理態12,4
A_1_9,A,1,9,rika,B理態12,4
A_1_10,A,1,10,rika,B理態12,3
A_1_11,A,1,11,rika,B理態12,4
A_1_12,A,1,12,rika,B理態12,3
A_1_13,A,1,13,rika,B理態12,4
A_1_14,A,1,14,rika,B理態12,4
A_1_15,A,1,15,rika,B理態12,4
A_1_16,A,1,16,rika,B理態12,4
A_1_17,A,1,17,rika,B理態12,4
A_1_18,A,1,18,rika,B理態12,4
A_1_19,A,1,19,rika,B理態12,4
A_1_20,A,1,20,rika,B理態12,4
A_1_21,A,1,21,rika,B理態12,4
A_1_22,A,1,22,rika,B理態12,4
A_1_23,A,1,23,rika,B理態12,4
A_1_24,A,1,24,rika,B理態12,4
A_1_25,A,1,25,rika,B理態12,4
A_1_26,A,1,26,rika,B理態12,3
A_1_27,A,1,27,rika,B理態12,4
A_1_28,A,1,28,rika,B理態12,3
A_1_29,A,1,29,rika,B理態12,4
A_1_30,A,1,30,rika,B理態12,4
A_2_1,A,2,1,rika,B理態12,4
A_2_2,A,2,2,rika,B理態12,3
A_2_3,A,2,3,rika,B理態12,4
A_2_4,A,2,4,rika,B理態12,4
A_2_5,A,2,5,rika,B理態12,4
A_2_6,A,2,6,rika,B理態12,3
A_2_7,A,2,7,rika,B理態12,4
A_2_8,A,2,8,rika,B理態12,4
A_2_9,A,2,9,rika,B理態12,4
A_2_10,A,2,10,rika,B理態12,4
A_2_11,A,2,11,rika,B理態12,4
A_2_12,A,2,12,rika,B理態12,2
A_2_13,A,2,13,rika,B理態12,4
A_2_14,A,2,14,rika,B理態12,3
A_2_15,A,2,15,rika,B理態12,3
A_2_16,A,2,16,rika,B理態12,4
A_2_17,A,2,17,rika,B理態12,4
A_2_18,A,2,18,rika,B理態12,4
A_2_19,A,2,19,rika,B理態12,4
A_2_20,A,2,20,rika,B理態12,4
A_2_21,A,2,21,rika,B理態12,4
A_2_22,A,2,22,rika,B理態12,4
A_2_23,A,2,23,rika,B理態12,4
A_2_24,A,2,24,rika,B理態12,4
A_2_25,A,2,25,rika,B理態12,3
A_2_26,A,2,26,rika,B理態12,4
A_2_27,A,2,27,rika,B理態12,4
A_2_28,A,2,28,rika,B理態12,4
A_2_29,A,2,29,rika,B理態12,4
A_2_30,A,2,30,rika,B理態12,4
B_1_1,B,1,1,rika,B理態12,4
B_1_2,B,1,2,rika,B理態12,3
B_1_3,B,1,3,rika,B理態12,3
B_1_4,B,1,4,rika,B理態12,4
B_1_5,B,1,5,rika,B理態12,4
B_1_6,B,1,6,rika,B理態12,3
B_1_7,B,1,7,rika,B理態12,3
B_1_8,B,1,8,rika,B理態12,4
B_1_9,B,1,9,rika,B理態12,3
B_1_10,B,1,10,rika,B理態12,4
B_1_11,B,1,11,rika,B理態12,4
B_1_12,B,1,12,rika,B理態12,4
B_1_13,B,1,13,rika,B理態12,4
B_1_14,B,1,14,rika,B理態12,2
B_1_15,B,1,15,rika,B理態12,3
B_1_16,B,1,16,rika,B理態12,4
B_1_17,B,1,17,rika,B理態12,3
B_1_18,B,1,18,rika,B理態12,4
B_1_19,B,1,19,rika,B理態12,1
B_1_20,B,1,20,rika,B理態12,2
B_1_21,B,1,21,rika,B理態12,4
B_1_22,B,1,22,rika,B理態12,4
B_1_23,B,1,23,rika,B理態12,2
B_1_24,B,1,24,rika,B理態12,2
B_1_25,B,1,25,rika,B理態12,4
B_1_26,B,1,26,rika,B理態12,3
B_1_27,B,1,27,rika,B理態12,3
B_1_28,B,1,28,rika,B理態12,3
B_1_29,B,1,29,rika,B理態12,3
B_1_30,B,1,30,rika,B理態12,4
B_2_1,B,2,1,rika,B理態12,4
B_2_2,B,2,2,rika,B理態12,4
B_2_3,B,2,3,rika,B理態12,4
B_2_4,B,2,4,rika,B理態12,3
B_2_5,B,2,5,rika,B理態12,4
B_2_6,B,2,6,rika,B理態12,3
B_2_7,B,2,7,rika,B理態12,3
B_2_8,B,2,8,rika,B理態12,4
B_2_9,B,2,9,rika,B理態12,4
B_2_10,B,2,10,rika,B理態12,4
B_2_11,B,2,11,rika,B理態12,2
B_2_12,B,2,12,rika,B理態12,4
B_2_13,B,2,13,rika,B理態12,4
B_2_14,B,2,14,rika,B理態12,4
B_2_15,B,2,15,rika,B理態12,2
B_2_16,B,2,16,rika,B理態12,3
B_2_17,B,2,17,rika,B理態12,4
B_2_18,B,2,18,rika,B理態12,4
B_2_19,B,2,19,rika,B理態12,4
B_2_20,B,2,20,rika,B理態12,4
B_2_21,B,2,21,rika,B理態12,4
B_2_22,B,2,22,rika,B理態12,4
B_2_23,B,2,23,rika,B理態12,4
B_2_24,B,2,24,rika,B理態12,4
B_2_25,B,2,25,rika,B理態12,4
B_2_26,B,2,26,rika,B理態12,4
B_2_27,B,2,27,rika,B理態12,4
B_2_28,B,2,28,rika,B理態12,4
B_2_29,B,2,29,rika,B理態12,4
B_2_30,B,2,30,rika,B理態12,3
C_1_1,C,1,1,rika,B理態12,4
C_1_2,C,1,2,rika,B理態12,3
C_1_3,C,1,3,rika,B理態12,2
C_1_4,C,1,4,rika,B理態12,3
C_1_5,C,1,5,rika,B理態12,4
C_1_6,C,1,6,rika,B理態12,3
C_1_7,C,1,7,rika,B理態12,4
C_1_8,C,1,8,rika,B理態12,2
C_1_9,C,1,9,rika,B理態12,3
C_1_10,C,1,10,rika,B理態12,4
C_1_11,C,1,11,rika,B理態12,4
C_1_12,C,1,12,rika,B理態12,3
C_1_13,C,1,13,rika,B理態12,4
C_1_14,C,1,14,rika,B理態12,3
C_1_15,C,1,15,rika,B理態12,3
C_1_16,C,1,16,rika,B理態12,1
C_1_17,C,1,17,rika,B理態12,3
C_1_18,C,1,18,rika,B理態12,3
C_1_19,C,1,19,rika,B理態12,3
C_1_20,C,1,20,rika,B理態12,4
C_1_21,C,1,21,rika,B理態12,4
C_1_22,C,1,22,rika,B理態12,3
C_1_23,C,1,23,rika,B理態12,4
C_1_24,C,1,24,rika,B理態12,4
C_1_25,C,1,25,rika,B理態12,4
C_1_26,C,1,26,rika,B理態12,2
C_1_27,C,1,27,rika,B理態12,4
C_1_28,C,1,28,rika,B理態12,4
C_1_29,C,1,29,rika,B理態12,4
C_1_30,C,1,30,rika,B理態12,3
C_2_1,C,2,1,rika,B理態12,4
C_2_2,C,2,2,rika,B理態12,4
C_2_3,C,2,3,rika,B理態12,2
C_2_4,C,2,4,rika,B理態12,1
C_2_5,C,2,5,rika,B理態12,3
C_2_6,C,2,6,rika,B理態12,4
C_2_7,C,2,7,rika,B理態12,2
C_2_8,C,2,8,rika,B理態12,3
C_2_9,C,2,9,rika,B理態12,1
C_2_10,C,2,10,rika,B理態12,3
C_2_11,C,2,11,rika,B理態12,3
C_2_12,C,2,12,rika,B理態12,3
C_2_13,C,2,13,rika,B理態12,4
C_2_14,C,2,14,rika,B理態12,3
C_2_15,C,2,15,rika,B理態12,3
C_2_16,C,2,16,rika,B理態12,3
C_2_17,C,2,17,rika,B理態12,2
C_2_18,C,2,18,rika,B理態12,3
C_2_19,C,2,19,rika,B理態12,4
C_2_20,C,2,20,rika,B理態12,2
C_2_21,C,2,21,rika,B理態12,2
C_2_22,C,2,22,rika,B理態12,1
C_2_23,C,2,23,rika,B理態12,4
C_2_24,C,2,24,rika,B理態12,4
C_2_25,C,2,25,rika,B理態12,3
C_2_26,C,2,26,rika,B理態12,2
C_2_27,C,2,27,rika,B理態12,3
C_2_28,C,2,28,rika,B理態12,2
C_2_29,C,2,29,rika,B理態12,4
C_2_30,C,2,30,rika,B理態12,4
C_1_1,C,1,1,rika,B理態12,4
C_1_2,C,1,2,rika,B理態12,2
C_1_3,C,1,3,rika,B理態12,4
C_1_4,C,1,4,rika,B理態12,3
C_1_5,C,1,5,rika,B理態12,2
C_1_6,C,1,6,rika,B理態12,2
C_1_7,C,1,7,rika,B理態12,3
C_1_8,C,1,8,rika,B理態12,3
C_1_9,C,1,9,rika,B理態12,2
C_1_10,C,1,10,rika,B理態12,3
C_1_11,C,1,11,rika,B理態12,4
C_1_12,C,1,12,rika,B理態12,2
D_1_13,D,1,13,rika,B理態12,2
D_1_14,D,1,14,rika,B理態12,3
D_1_15,D,1,15,rika,B理態12,4
D_1_16,D,1,16,rika,B理態12,3
D_1_17,D,1,17,rika,B理態12,3
D_1_18,D,1,18,rika,B理態12,3
D_1_19,D,1,19,rika,B理態12,2
D_1_20,D,1,20,rika,B理態12,3
D_1_21,D,1,21,rika,B理態12,2
D_1_22,D,1,22,rika,B理態12,3
D_1_23,D,1,23,rika,B理態12,2
D_1_24,D,1,24,rika,B理態12,3
D_1_25,D,1,25,rika,B理態12,2
D_1_26,D,1,26,rika,B理態12,4
D_1_27,D,1,27,rika,B理態12,4
D_1_28,D,1,28,rika,B理態12,4
D_1_29,D,1,29,rika,B理態12,2
D_1_30,D,1,30,rika,B理態12,4
D_2_1,D,2,1,rika,B理態12,3
D_2_2,D,2,2,rika,B理態12,4
D_2_3,D,2,3,rika,B理態12,2
D_2_4,D,2,4,rika,B理態12,3
D_2_5,D,2,5,rika,B理態12,2
D_2_6,D,2,6,rika,B理態12,3
D_2_7,D,2,7,rika,B理態12,4
D_2_8,D,2,8,rika,B理態12,2
D_2_9,D,2,9,rika,B理態12,3
D_2_10,D,2,10,rika,B理態12,1
D_2_11,D,2,11,rika,B理態12,3
D_2_12,D,2,12,rika,B理態12,3
D_2_13,D,2,13,rika,B理態12,4
D_2_14,D,2,14,rika,B理態12,3
D_2_15,D,2,15,rika,B理態12,4
D_2_16,D,2,16,rika,B理態12,4
D_2_17,D,2,17,rika,B理態12,2
D_2_18,D,2,18,rika,B理態12,4
D_2_19,D,2,19,rika,B理態12,4
D_2_20,D,2,20,rika,B理態12,4
D_2_21,D,2,21,rika,B理態12,2
D_2_22,D,2,22,rika,B理態12,4
D_2_23,D,2,23,rika,B理態12,4
D_2_24,D,2,24,rika,B理態12,3
D_2_25,D,2,25,rika,B理態12,2
D_2_26,D,2,26,rika,B理態12,4
D_2_27,D,2,27,rika,B理態12,4
D_2_28,D,2,28,rika,B理態12,4
D_2_29,D,2,29,rika,B理態12,3
D_2_30,D,2,30,rika,B理態12,4
A_1_1,A,1,1,eigo,英態1,4
A_1_2,A,1,2,eigo,英態1,3
A_1_3,A,1,3,eigo,英態1,3
A_1_4,A,1,4,eigo,英態1,4
A_1_5,A,1,5,eigo,英態1,4
A_1_6,A,1,6,eigo,英態1,4
A_1_7,A,1,7,eigo,英態1,3
A_1_8,A,1,8,eigo,英態1,4
A_1_9,A,1,9,eigo,英態1,4
A_1_10,A,1,10,eigo,英態1,3
A_1_11,A,1,11,eigo,英態1,4
A_1_12,A,1,12,eigo,英態1,3
A_1_13,A,1,13,eigo,英態1,2
A_1_14,A,1,14,eigo,英態1,4
A_1_15,A,1,15,eigo,英態1,4
A_1_16,A,1,16,eigo,英態1,4
A_1_17,A,1,17,eigo,英態1,4
A_1_18,A,1,18,eigo,英態1,4
A_1_19,A,1,19,eigo,英態1,4
A_1_20,A,1,20,eigo,英態1,4
A_1_21,A,1,21,eigo,英態1,4
A_1_22,A,1,22,eigo,英態1,4
A_1_23,A,1,23,eigo,英態1,4
A_1_24,A,1,24,eigo,英態1,4
A_1_25,A,1,25,eigo,英態1,4
A_1_26,A,1,26,eigo,英態1,4
A_1_27,A,1,27,eigo,英態1,4
A_1_28,A,1,28,eigo,英態1,3
A_1_29,A,1,29,eigo,英態1,4
A_1_30,A,1,30,eigo,英態1,3
A_2_1,A,2,1,eigo,英態1,4
A_2_2,A,2,2,eigo,英態1,4
A_2_3,A,2,3,eigo,英態1,2
A_2_4,A,2,4,eigo,英態1,4
A_2_5,A,2,5,eigo,英態1,4
A_2_6,A,2,6,eigo,英態1,4
A_2_7,A,2,7,eigo,英態1,4
A_2_8,A,2,8,eigo,英態1,4
A_2_9,A,2,9,eigo,英態1,3
A_2_10,A,2,10,eigo,英態1,4
A_2_11,A,2,11,eigo,英態1,4
A_2_12,A,2,12,eigo,英態1,3
A_2_13,A,2,13,eigo,英態1,4
A_2_14,A,2,14,eigo,英態1,3
A_2_15,A,2,15,eigo,英態1,3
A_2_16,A,2,16,eigo,英態1,4
A_2_17,A,2,17,eigo,英態1,3
A_2_18,A,2,18,eigo,英態1,4
A_2_19,A,2,19,eigo,英態1,3
A_2_20,A,2,20,eigo,英態1,3
A_2_21,A,2,21,eigo,英態1,4
A_2_22,A,2,22,eigo,英態1,3
A_2_23,A,2,23,eigo,英態1,4
A_2_24,A,2,24,eigo,英態1,1
A_2_25,A,2,25,eigo,英態1,3
A_2_26,A,2,26,eigo,英態1,4
A_2_27,A,2,27,eigo,英態1,2
A_2_28,A,2,28,eigo,英態1,4
A_2_29,A,2,29,eigo,英態1,4
A_2_30,A,2,30,eigo,英態1,4
B_1_1,B,1,1,eigo,英態1,1
B_1_2,B,1,2,eigo,英態1,2
B_1_3,B,1,3,eigo,英態1,3
B_1_4,B,1,4,eigo,英態1,3
B_1_5,B,1,5,eigo,英態1,3
B_1_6,B,1,6,eigo,英態1,1
B_1_7,B,1,7,eigo,英態1,2
B_1_8,B,1,8,eigo,英態1,3
B_1_9,B,1,9,eigo,英態1,3
B_1_10,B,1,10,eigo,英態1,4
B_1_11,B,1,11,eigo,英態1,3
B_1_12,B,1,12,eigo,英態1,3
B_1_13,B,1,13,eigo,英態1,3
B_1_14,B,1,14,eigo,英態1,3
B_1_15,B,1,15,eigo,英態1,3
B_1_16,B,1,16,eigo,英態1,3
B_1_17,B,1,17,eigo,英態1,3
B_1_18,B,1,18,eigo,英態1,4
B_1_19,B,1,19,eigo,英態1,4
B_1_20,B,1,20,eigo,英態1,3
B_1_21,B,1,21,eigo,英態1,3
B_1_22,B,1,22,eigo,英態1,3
B_1_23,B,1,23,eigo,英態1,2
B_1_24,B,1,24,eigo,英態1,3
B_1_25,B,1,25,eigo,英態1,4
B_1_26,B,1,26,eigo,英態1,3
B_1_27,B,1,27,eigo,英態1,3
B_1_28,B,1,28,eigo,英態1,4
B_1_29,B,1,29,eigo,英態1,3
B_1_30,B,1,30,eigo,英態1,4
B_2_1,B,2,1,eigo,英態1,3
B_2_2,B,2,2,eigo,英態1,4
B_2_3,B,2,3,eigo,英態1,4
B_2_4,B,2,4,eigo,英態1,4
B_2_5,B,2,5,eigo,英態1,4
B_2_6,B,2,6,eigo,英態1,4
B_2_7,B,2,7,eigo,英態1,4
B_2_8,B,2,8,eigo,英態1,3
B_2_9,B,2,9,eigo,英態1,4
B_2_10,B,2,10,eigo,英態1,4
B_2_11,B,2,11,eigo,英態1,3
B_2_12,B,2,12,eigo,英態1,4
B_2_13,B,2,13,eigo,英態1,4
B_2_14,B,2,14,eigo,英態1,4
B_2_15,B,2,15,eigo,英態1,4
B_2_16,B,2,16,eigo,英態1,3
B_2_17,B,2,17,eigo,英態1,4
B_2_18,B,2,18,eigo,英態1,4
B_2_19,B,2,19,eigo,英態1,3
B_2_20,B,2,20,eigo,英態1,4
B_2_21,B,2,21,eigo,英態1,4
B_2_22,B,2,22,eigo,英態1,4
B_2_23,B,2,23,eigo,英態1,4
B_2_24,B,2,24,eigo,英態1,4
B_2_25,B,2,25,eigo,英態1,4
B_2_26,B,2,26,eigo,英態1,4
B_2_27,B,2,27,eigo,英態1,4
B_2_28,B,2,28,eigo,英態1,4
B_2_29,B,2,29,eigo,英態1,4
B_2_30,B,2,30,eigo,英態1,3
C_1_1,C,1,1,eigo,英態1,3
C_1_2,C,1,2,eigo,英態1,3
C_1_3,C,1,3,eigo,英態1,4
C_1_4,C,1,4,eigo,英態1,4
C_1_5,C,1,5,eigo,英態1,3
C_1_6,C,1,6,eigo,英態1,4
C_1_7,C,1,7,eigo,英態1,4
C_1_8,C,1,8,eigo,英態1,1
C_1_9,C,1,9,eigo,英態1,3
C_1_10,C,1,10,eigo,英態1,3
C_1_11,C,1,11,eigo,英態1,4
C_1_12,C,1,12,eigo,英態1,3
C_1_13,C,1,13,eigo,英態1,3
C_1_14,C,1,14,eigo,英態1,2
C_1_15,C,1,15,eigo,英態1,4
C_1_16,C,1,16,eigo,英態1,3
C_1_17,C,1,17,eigo,英態1,2
C_1_18,C,1,18,eigo,英態1,3
C_1_19,C,1,19,eigo,英態1,1
C_1_20,C,1,20,eigo,英態1,4
C_1_21,C,1,21,eigo,英態1,3
C_1_22,C,1,22,eigo,英態1,2
C_1_23,C,1,23,eigo,英態1,2
C_1_24,C,1,24,eigo,英態1,4
C_1_25,C,1,25,eigo,英態1,2
C_1_26,C,1,26,eigo,英態1,4
C_1_27,C,1,27,eigo,英態1,1
C_1_28,C,1,28,eigo,英態1,3
C_1_29,C,1,29,eigo,英態1,2
C_1_30,C,1,30,eigo,英態1,1
C_2_1,C,2,1,eigo,英態1,1
C_2_3,C,2,3,eigo,英態1,2
C_2_4,C,2,4,eigo,英態1,4
C_2_5,C,2,5,eigo,英態1,4
C_2_6,C,2,6,eigo,英態1,4
C_2_7,C,2,7,eigo,英態1,3
C_2_8,C,2,8,eigo,英態1,2
C_2_10,C,2,10,eigo,英態1,2
C_2_11,C,2,11,eigo,英態1,3
C_2_12,C,2,12,eigo,英態1,2
C_2_13,C,2,13,eigo,英態1,3
C_2_14,C,2,14,eigo,英態1,4
C_2_15,C,2,15,eigo,英態1,4
C_2_16,C,2,16,eigo,英態1,3
C_2_17,C,2,17,eigo,英態1,4
C_2_18,C,2,18,eigo,英態1,4
C_2_19,C,2,19,eigo,英態1,4
C_2_20,C,2,20,eigo,英態1,3
C_2_21,C,2,21,eigo,英態1,2
C_2_22,C,2,22,eigo,英態1,2
C_2_23,C,2,23,eigo,英態1,3
C_2_24,C,2,24,eigo,英態1,3
C_2_25,C,2,25,eigo,英態1,4
C_2_26,C,2,26,eigo,英態1,3
C_2_27,C,2,27,eigo,英態1,2
C_2_29,C,2,29,eigo,英態1,3
C_2_30,C,2,30,eigo,英態1,4
C_1_1,C,1,1,eigo,英態1,3
C_1_2,C,1,2,eigo,英態1,4
C_1_3,C,1,3,eigo,英態1,4
C_1_4,C,1,4,eigo,英態1,3
C_1_5,C,1,5,eigo,英態1,4
C_1_6,C,1,6,eigo,英態1,2
C_1_7,C,1,7,eigo,英態1,4
C_1_8,C,1,8,eigo,英態1,2
C_1_9,C,1,9,eigo,英態1,4
C_1_10,C,1,10,eigo,英態1,3
C_1_11,C,1,11,eigo,英態1,3
C_1_12,C,1,12,eigo,英態1,3
D_1_13,D,1,13,eigo,英態1,4
D_1_14,D,1,14,eigo,英態1,4
D_1_15,D,1,15,eigo,英態1,4
D_1_16,D,1,16,eigo,英態1,2
D_1_17,D,1,17,eigo,英態1,3
D_1_18,D,1,18,eigo,英態1,4
D_1_19,D,1,19,eigo,英態1,1
D_1_20,D,1,20,eigo,英態1,4
D_1_21,D,1,21,eigo,英態1,3
D_1_22,D,1,22,eigo,英態1,4
D_1_23,D,1,23,eigo,英態1,3
D_1_24,D,1,24,eigo,英態1,3
D_1_25,D,1,25,eigo,英態1,2
D_1_26,D,1,26,eigo,英態1,3
D_1_27,D,1,27,eigo,英態1,4
D_1_28,D,1,28,eigo,英態1,3
D_1_29,D,1,29,eigo,英態1,3
D_1_30,D,1,30,eigo,英態1,4
D_2_1,D,2,1,eigo,英態1,3
D_2_2,D,2,2,eigo,英態1,3
D_2_3,D,2,3,eigo,英態1,3
D_2_4,D,2,4,eigo,英態1,2
D_2_5,D,2,5,eigo,英態1,3
D_2_6,D,2,6,eigo,英態1,4
D_2_7,D,2,7,eigo,英態1,4
D_2_8,D,2,8,eigo,英態1,2
D_2_9,D,2,9,eigo,英態1,4
D_2_10,D,2,10,eigo,英態1,4
D_2_11,D,2,11,eigo,英態1,3
D_2_12,D,2,12,eigo,英態1,4
D_2_13,D,2,13,eigo,英態1,3
D_2_14,D,2,14,eigo,英態1,4
D_2_15,D,2,15,eigo,英態1,4
D_2_16,D,2,16,eigo,英態1,4
D_2_17,D,2,17,eigo,英態1,3
D_2_18,D,2,18,eigo,英態1,4
D_2_19,D,2,19,eigo,英態1,2
D_2_20,D,2,20,eigo,英態1,3
D_2_21,D,2,21,eigo,英態1,2
D_2_22,D,2,22,eigo,英態1,4
D_2_23,D,2,23,eigo,英態1,3
D_2_24,D,2,24,eigo,英態1,2
D_2_25,D,2,25,eigo,英態1,2
D_2_26,D,2,26,eigo,英態1,4
D_2_27,D,2,27,eigo,英態1,3
D_2_28,D,2,28,eigo,英態1,4
D_2_29,D,2,29,eigo,英態1,3
D_2_30,D,2,30,eigo,英態1,3
A_1_1,A,1,1,eigo,英態2,3
A_1_2,A,1,2,eigo,英態2,3
A_1_3,A,1,3,eigo,英態2,4
A_1_4,A,1,4,eigo,英態2,4
A_1_5,A,1,5,eigo,英態2,3
A_1_6,A,1,6,eigo,英態2,4
A_1_7,A,1,7,eigo,英態2,3
A_1_8,A,1,8,eigo,英態2,3
A_1_9,A,1,9,eigo,英態2,4
A_1_10,A,1,10,eigo,英態2,3
A_1_11,A,1,11,eigo,英態2,4
A_1_12,A,1,12,eigo,英態2,3
A_1_13,A,1,13,eigo,英態2,2
A_1_14,A,1,14,eigo,英態2,4
A_1_15,A,1,15,eigo,英態2,4
A_1_16,A,1,16,eigo,英態2,4
A_1_17,A,1,17,eigo,英態2,3
A_1_18,A,1,18,eigo,英態2,4
A_1_19,A,1,19,eigo,英態2,4
A_1_20,A,1,20,eigo,英態2,3
A_1_21,A,1,21,eigo,英態2,4
A_1_22,A,1,22,eigo,英態2,3
A_1_23,A,1,23,eigo,英態2,4
A_1_24,A,1,24,eigo,英態2,4
A_1_25,A,1,25,eigo,英態2,3
A_1_26,A,1,26,eigo,英態2,4
A_1_27,A,1,27,eigo,英態2,4
A_1_28,A,1,28,eigo,英態2,4
A_1_29,A,1,29,eigo,英態2,3
A_1_30,A,1,30,eigo,英態2,3
A_2_1,A,2,1,eigo,英態2,4
A_2_2,A,2,2,eigo,英態2,3
A_2_3,A,2,3,eigo,英態2,3
A_2_4,A,2,4,eigo,英態2,4
A_2_5,A,2,5,eigo,英態2,4
A_2_6,A,2,6,eigo,英態2,3
A_2_7,A,2,7,eigo,英態2,4
A_2_8,A,2,8,eigo,英態2,4
A_2_9,A,2,9,eigo,英態2,3
A_2_10,A,2,10,eigo,英態2,4
A_2_11,A,2,11,eigo,英態2,4
A_2_12,A,2,12,eigo,英態2,2
A_2_13,A,2,13,eigo,英態2,4
A_2_14,A,2,14,eigo,英態2,3
A_2_15,A,2,15,eigo,英態2,3
A_2_16,A,2,16,eigo,英態2,4
A_2_17,A,2,17,eigo,英態2,3
A_2_18,A,2,18,eigo,英態2,4
A_2_19,A,2,19,eigo,英態2,3
A_2_20,A,2,20,eigo,英態2,3
A_2_21,A,2,21,eigo,英態2,4
A_2_22,A,2,22,eigo,英態2,4
A_2_23,A,2,23,eigo,英態2,4
A_2_24,A,2,24,eigo,英態2,0
A_2_25,A,2,25,eigo,英態2,3
A_2_26,A,2,26,eigo,英態2,4
A_2_27,A,2,27,eigo,英態2,3
A_2_28,A,2,28,eigo,英態2,4
A_2_29,A,2,29,eigo,英態2,4
A_2_30,A,2,30,eigo,英態2,4
B_1_1,B,1,1,eigo,英態2,1
B_1_2,B,1,2,eigo,英態2,1
B_1_3,B,1,3,eigo,英態2,3
B_1_4,B,1,4,eigo,英態2,3
B_1_5,B,1,5,eigo,英態2,4
B_1_6,B,1,6,eigo,英態2,2
B_1_7,B,1,7,eigo,英態2,2
B_1_8,B,1,8,eigo,英態2,4
B_1_9,B,1,9,eigo,英態2,3
B_1_10,B,1,10,eigo,英態2,4
B_1_11,B,1,11,eigo,英態2,3
B_1_12,B,1,12,eigo,英態2,2
B_1_13,B,1,13,eigo,英態2,2
B_1_14,B,1,14,eigo,英態2,3
B_1_15,B,1,15,eigo,英態2,3
B_1_16,B,1,16,eigo,英態2,3
B_1_17,B,1,17,eigo,英態2,3
B_1_18,B,1,18,eigo,英態2,4
B_1_19,B,1,19,eigo,英態2,4
B_1_20,B,1,20,eigo,英態2,3
B_1_21,B,1,21,eigo,英態2,2
B_1_22,B,1,22,eigo,英態2,4
B_1_23,B,1,23,eigo,英態2,2
B_1_24,B,1,24,eigo,英態2,4
B_1_25,B,1,25,eigo,英態2,3
B_1_26,B,1,26,eigo,英態2,3
B_1_27,B,1,27,eigo,英態2,3
B_1_28,B,1,28,eigo,英態2,4
B_1_29,B,1,29,eigo,英態2,3
B_1_30,B,1,30,eigo,英態2,4
B_2_1,B,2,1,eigo,英態2,3
B_2_2,B,2,2,eigo,英態2,4
B_2_3,B,2,3,eigo,英態2,4
B_2_4,B,2,4,eigo,英態2,3
B_2_5,B,2,5,eigo,英態2,4
B_2_6,B,2,6,eigo,英態2,3
B_2_7,B,2,7,eigo,英態2,4
B_2_8,B,2,8,eigo,英態2,3
B_2_9,B,2,9,eigo,英態2,4
B_2_10,B,2,10,eigo,英態2,4
B_2_11,B,2,11,eigo,英態2,3
B_2_12,B,2,12,eigo,英態2,4
B_2_13,B,2,13,eigo,英態2,4
B_2_14,B,2,14,eigo,英態2,4
B_2_15,B,2,15,eigo,英態2,3
B_2_16,B,2,16,eigo,英態2,3
B_2_17,B,2,17,eigo,英態2,3
B_2_18,B,2,18,eigo,英態2,4
B_2_19,B,2,19,eigo,英態2,2
B_2_20,B,2,20,eigo,英態2,3
B_2_21,B,2,21,eigo,英態2,2
B_2_22,B,2,22,eigo,英態2,4
B_2_23,B,2,23,eigo,英態2,4
B_2_24,B,2,24,eigo,英態2,4
B_2_25,B,2,25,eigo,英態2,4
B_2_26,B,2,26,eigo,英態2,4
B_2_27,B,2,27,eigo,英態2,4
B_2_28,B,2,28,eigo,英態2,4
B_2_29,B,2,29,eigo,英態2,4
B_2_30,B,2,30,eigo,英態2,2
C_1_1,C,1,1,eigo,英態2,2
C_1_2,C,1,2,eigo,英態2,3
C_1_3,C,1,3,eigo,英態2,4
C_1_4,C,1,4,eigo,英態2,4
C_1_5,C,1,5,eigo,英態2,3
C_1_6,C,1,6,eigo,英態2,4
C_1_7,C,1,7,eigo,英態2,4
C_1_8,C,1,8,eigo,英態2,2
C_1_9,C,1,9,eigo,英態2,3
C_1_10,C,1,10,eigo,英態2,3
C_1_11,C,1,11,eigo,英態2,3
C_1_12,C,1,12,eigo,英態2,3
C_1_13,C,1,13,eigo,英態2,3
C_1_14,C,1,14,eigo,英態2,2
C_1_15,C,1,15,eigo,英態2,4
C_1_16,C,1,16,eigo,英態2,3
C_1_17,C,1,17,eigo,英態2,2
C_1_18,C,1,18,eigo,英態2,3
C_1_19,C,1,19,eigo,英態2,2
C_1_20,C,1,20,eigo,英態2,3
C_1_21,C,1,21,eigo,英態2,3
C_1_22,C,1,22,eigo,英態2,2
C_1_23,C,1,23,eigo,英態2,3
C_1_24,C,1,24,eigo,英態2,4
C_1_25,C,1,25,eigo,英態2,2
C_1_26,C,1,26,eigo,英態2,2
C_1_27,C,1,27,eigo,英態2,2
C_1_28,C,1,28,eigo,英態2,3
C_1_29,C,1,29,eigo,英態2,2
C_1_30,C,1,30,eigo,英態2,2
C_2_1,C,2,1,eigo,英態2,1
C_2_3,C,2,3,eigo,英態2,2
C_2_4,C,2,4,eigo,英態2,4
C_2_5,C,2,5,eigo,英態2,4
C_2_6,C,2,6,eigo,英態2,2
C_2_7,C,2,7,eigo,英態2,3
C_2_8,C,2,8,eigo,英態2,2
C_2_10,C,2,10,eigo,英態2,1
C_2_11,C,2,11,eigo,英態2,3
C_2_12,C,2,12,eigo,英態2,3
C_2_13,C,2,13,eigo,英態2,2
C_2_14,C,2,14,eigo,英態2,4
C_2_15,C,2,15,eigo,英態2,4
C_2_16,C,2,16,eigo,英態2,2
C_2_17,C,2,17,eigo,英態2,4
C_2_18,C,2,18,eigo,英態2,4
C_2_19,C,2,19,eigo,英態2,4
C_2_20,C,2,20,eigo,英態2,3
C_2_21,C,2,21,eigo,英態2,3
C_2_22,C,2,22,eigo,英態2,3
C_2_23,C,2,23,eigo,英態2,0
C_2_24,C,2,24,eigo,英態2,3
C_2_25,C,2,25,eigo,英態2,4
C_2_26,C,2,26,eigo,英態2,3
C_2_27,C,2,27,eigo,英態2,2
C_2_29,C,2,29,eigo,英態2,4
C_2_30,C,2,30,eigo,英態2,4
C_1_1,C,1,1,eigo,英態2,3
C_1_2,C,1,2,eigo,英態2,4
C_1_3,C,1,3,eigo,英態2,4
C_1_4,C,1,4,eigo,英態2,3
C_1_5,C,1,5,eigo,英態2,4
C_1_6,C,1,6,eigo,英態2,2
C_1_7,C,1,7,eigo,英態2,3
C_1_8,C,1,8,eigo,英態2,4
C_1_9,C,1,9,eigo,英態2,4
C_1_10,C,1,10,eigo,英態2,3
C_1_11,C,1,11,eigo,英態2,2
C_1_12,C,1,12,eigo,英態2,2
D_1_13,D,1,13,eigo,英態2,2
D_1_14,D,1,14,eigo,英態2,3
D_1_15,D,1,15,eigo,英態2,4
D_1_16,D,1,16,eigo,英態2,3
D_1_17,D,1,17,eigo,英態2,2
D_1_18,D,1,18,eigo,英態2,3
D_1_19,D,1,19,eigo,英態2,2
D_1_20,D,1,20,eigo,英態2,2
D_1_21,D,1,21,eigo,英態2,2
D_1_22,D,1,22,eigo,英態2,4
D_1_23,D,1,23,eigo,英態2,3
D_1_24,D,1,24,eigo,英態2,2
D_1_25,D,1,25,eigo,英態2,2
D_1_26,D,1,26,eigo,英態2,3
D_1_27,D,1,27,eigo,英態2,4
D_1_28,D,1,28,eigo,英態2,4
D_1_29,D,1,29,eigo,英態2,3
D_1_30,D,1,30,eigo,英態2,4
D_2_1,D,2,1,eigo,英態2,2
D_2_2,D,2,2,eigo,英態2,3
D_2_3,D,2,3,eigo,英態2,2
D_2_4,D,2,4,eigo,英態2,2
D_2_5,D,2,5,eigo,英態2,2
D_2_6,D,2,6,eigo,英態2,4
D_2_7,D,2,7,eigo,英態2,4
D_2_8,D,2,8,eigo,英態2,2
D_2_9,D,2,9,eigo,英態2,2
D_2_10,D,2,10,eigo,英態2,3
D_2_11,D,2,11,eigo,英態2,3
D_2_12,D,2,12,eigo,英態2,3
D_2_13,D,2,13,eigo,英態2,3
D_2_14,D,2,14,eigo,英態2,4
D_2_15,D,2,15,eigo,英態2,3
D_2_16,D,2,16,eigo,英態2,4
D_2_17,D,2,17,eigo,英態2,3
D_2_18,D,2,18,eigo,英態2,4
D_2_19,D,2,19,eigo,英態2,2
D_2_20,D,2,20,eigo,英態2,3
D_2_21,D,2,21,eigo,英態2,2
D_2_22,D,2,22,eigo,英態2,3
D_2_23,D,2,23,eigo,英態2,2
D_2_24,D,2,24,eigo,英態2,2
D_2_25,D,2,25,eigo,英態2,1
D_2_26,D,2,26,eigo,英態2,4
D_2_27,D,2,27,eigo,英態2,2
D_2_28,D,2,28,eigo,英態2,4
D_2_29,D,2,29,eigo,英態2,2
D_2_30,D,2,30,eigo,英態2,2
A_1_1,A,1,1,eigo,英態3,4
A_1_2,A,1,2,eigo,英態3,3
A_1_3,A,1,3,eigo,英態3,4
A_1_4,A,1,4,eigo,英態3,4
A_1_5,A,1,5,eigo,英態3,3
A_1_6,A,1,6,eigo,英態3,4
A_1_7,A,1,7,eigo,英態3,3
A_1_8,A,1,8,eigo,英態3,4
A_1_9,A,1,9,eigo,英態3,4
A_1_10,A,1,10,eigo,英態3,3
A_1_11,A,1,11,eigo,英態3,4
A_1_12,A,1,12,eigo,英態3,3
A_1_13,A,1,13,eigo,英態3,2
A_1_14,A,1,14,eigo,英態3,4
A_1_15,A,1,15,eigo,英態3,4
A_1_16,A,1,16,eigo,英態3,4
A_1_17,A,1,17,eigo,英態3,3
A_1_18,A,1,18,eigo,英態3,4
A_1_19,A,1,19,eigo,英態3,4
A_1_20,A,1,20,eigo,英態3,4
A_1_21,A,1,21,eigo,英態3,4
A_1_22,A,1,22,eigo,英態3,4
A_1_23,A,1,23,eigo,英態3,4
A_1_24,A,1,24,eigo,英態3,4
A_1_25,A,1,25,eigo,英態3,4
A_1_26,A,1,26,eigo,英態3,4
A_1_27,A,1,27,eigo,英態3,4
A_1_28,A,1,28,eigo,英態3,4
A_1_29,A,1,29,eigo,英態3,4
A_1_30,A,1,30,eigo,英態3,3
A_2_1,A,2,1,eigo,英態3,4
A_2_2,A,2,2,eigo,英態3,3
A_2_3,A,2,3,eigo,英態3,3
A_2_4,A,2,4,eigo,英態3,4
A_2_5,A,2,5,eigo,英態3,4
A_2_6,A,2,6,eigo,英態3,4
A_2_7,A,2,7,eigo,英態3,4
A_2_8,A,2,8,eigo,英態3,4
A_2_9,A,2,9,eigo,英態3,4
A_2_10,A,2,10,eigo,英態3,4
A_2_11,A,2,11,eigo,英態3,4
A_2_12,A,2,12,eigo,英態3,3
A_2_13,A,2,13,eigo,英態3,4
A_2_14,A,2,14,eigo,英態3,3
A_2_15,A,2,15,eigo,英態3,4
A_2_16,A,2,16,eigo,英態3,4
A_2_17,A,2,17,eigo,英態3,3
A_2_18,A,2,18,eigo,英態3,4
A_2_19,A,2,19,eigo,英態3,3
A_2_20,A,2,20,eigo,英態3,4
A_2_21,A,2,21,eigo,英態3,4
A_2_22,A,2,22,eigo,英態3,4
A_2_23,A,2,23,eigo,英態3,4
A_2_24,A,2,24,eigo,英態3,1
A_2_25,A,2,25,eigo,英態3,4
A_2_26,A,2,26,eigo,英態3,4
A_2_27,A,2,27,eigo,英態3,3
A_2_28,A,2,28,eigo,英態3,4
A_2_29,A,2,29,eigo,英態3,4
A_2_30,A,2,30,eigo,英態3,4
B_1_1,B,1,1,eigo,英態3,1
B_1_2,B,1,2,eigo,英態3,2
B_1_3,B,1,3,eigo,英態3,3
B_1_4,B,1,4,eigo,英態3,4
B_1_5,B,1,5,eigo,英態3,4
B_1_6,B,1,6,eigo,英態3,3
B_1_7,B,1,7,eigo,英態3,3
B_1_8,B,1,8,eigo,英態3,2
B_1_9,B,1,9,eigo,英態3,3
B_1_10,B,1,10,eigo,英態3,4
B_1_11,B,1,11,eigo,英態3,3
B_1_12,B,1,12,eigo,英態3,3
B_1_13,B,1,13,eigo,英態3,3
B_1_14,B,1,14,eigo,英態3,4
B_1_15,B,1,15,eigo,英態3,3
B_1_16,B,1,16,eigo,英態3,3
B_1_17,B,1,17,eigo,英態3,4
B_1_18,B,1,18,eigo,英態3,4
B_1_19,B,1,19,eigo,英態3,4
B_1_20,B,1,20,eigo,英態3,4
B_1_21,B,1,21,eigo,英態3,2
B_1_22,B,1,22,eigo,英態3,4
B_1_23,B,1,23,eigo,英態3,3
B_1_24,B,1,24,eigo,英態3,3
B_1_25,B,1,25,eigo,英態3,4
B_1_26,B,1,26,eigo,英態3,3
B_1_27,B,1,27,eigo,英態3,3
B_1_28,B,1,28,eigo,英態3,4
B_1_29,B,1,29,eigo,英態3,3
B_1_30,B,1,30,eigo,英態3,4
B_2_1,B,2,1,eigo,英態3,3
B_2_2,B,2,2,eigo,英態3,4
B_2_3,B,2,3,eigo,英態3,4
B_2_4,B,2,4,eigo,英態3,4
B_2_5,B,2,5,eigo,英態3,4
B_2_6,B,2,6,eigo,英態3,4
B_2_7,B,2,7,eigo,英態3,4
B_2_8,B,2,8,eigo,英態3,0
B_2_9,B,2,9,eigo,英態3,4
B_2_10,B,2,10,eigo,英態3,4
B_2_11,B,2,11,eigo,英態3,3
B_2_12,B,2,12,eigo,英態3,4
B_2_13,B,2,13,eigo,英態3,4
B_2_14,B,2,14,eigo,英態3,4
B_2_15,B,2,15,eigo,英態3,4
B_2_16,B,2,16,eigo,英態3,4
B_2_17,B,2,17,eigo,英態3,4
B_2_18,B,2,18,eigo,英態3,4
B_2_19,B,2,19,eigo,英態3,4
B_2_20,B,2,20,eigo,英態3,4
B_2_21,B,2,21,eigo,英態3,3
B_2_22,B,2,22,eigo,英態3,4
B_2_23,B,2,23,eigo,英態3,4
B_2_24,B,2,24,eigo,英態3,4
B_2_25,B,2,25,eigo,英態3,4
B_2_26,B,2,26,eigo,英態3,4
B_2_27,B,2,27,eigo,英態3,4
B_2_28,B,2,28,eigo,英態3,4
B_2_29,B,2,29,eigo,英態3,4
B_2_30,B,2,30,eigo,英態3,3
C_1_1,C,1,1,eigo,英態3,3
C_1_2,C,1,2,eigo,英態3,4
C_1_3,C,1,3,eigo,英態3,3
C_1_4,C,1,4,eigo,英態3,4
C_1_5,C,1,5,eigo,英態3,3
C_1_6,C,1,6,eigo,英態3,4
C_1_7,C,1,7,eigo,英態3,4
C_1_8,C,1,8,eigo,英態3,3
C_1_9,C,1,9,eigo,英態3,4
C_1_10,C,1,10,eigo,英態3,4
C_1_11,C,1,11,eigo,英態3,4
C_1_12,C,1,12,eigo,英態3,4
C_1_13,C,1,13,eigo,英態3,4
C_1_14,C,1,14,eigo,英態3,2
C_1_15,C,1,15,eigo,英態3,4
C_1_16,C,1,16,eigo,英態3,4
C_1_17,C,1,17,eigo,英態3,4
C_1_18,C,1,18,eigo,英態3,4
C_1_19,C,1,19,eigo,英態3,2
C_1_20,C,1,20,eigo,英態3,2
C_1_21,C,1,21,eigo,英態3,3
C_1_22,C,1,22,eigo,英態3,3
C_1_23,C,1,23,eigo,英態3,3
C_1_24,C,1,24,eigo,英態3,4
C_1_25,C,1,25,eigo,英態3,2
C_1_26,C,1,26,eigo,英態3,3
C_1_27,C,1,27,eigo,英態3,3
C_1_28,C,1,28,eigo,英態3,3
C_1_29,C,1,29,eigo,英態3,2
C_1_30,C,1,30,eigo,英態3,3
C_2_1,C,2,1,eigo,英態3,2
C_2_3,C,2,3,eigo,英態3,2
C_2_4,C,2,4,eigo,英態3,4
C_2_5,C,2,5,eigo,英態3,4
C_2_6,C,2,6,eigo,英態3,4
C_2_7,C,2,7,eigo,英態3,3
C_2_8,C,2,8,eigo,英態3,3
C_2_10,C,2,10,eigo,英態3,3
C_2_11,C,2,11,eigo,英態3,3
C_2_12,C,2,12,eigo,英態3,3
C_2_13,C,2,13,eigo,英態3,3
C_2_14,C,2,14,eigo,英態3,4
C_2_15,C,2,15,eigo,英態3,4
C_2_16,C,2,16,eigo,英態3,3
C_2_17,C,2,17,eigo,英態3,4
C_2_18,C,2,18,eigo,英態3,4
C_2_19,C,2,19,eigo,英態3,4
C_2_20,C,2,20,eigo,英態3,4
C_2_21,C,2,21,eigo,英態3,4
C_2_22,C,2,22,eigo,英態3,3
C_2_23,C,2,23,eigo,英態3,3
C_2_24,C,2,24,eigo,英態3,3
C_2_25,C,2,25,eigo,英態3,4
C_2_26,C,2,26,eigo,英態3,4
C_2_27,C,2,27,eigo,英態3,3
C_2_29,C,2,29,eigo,英態3,3
C_2_30,C,2,30,eigo,英態3,4
C_1_1,C,1,1,eigo,英態3,3
C_1_2,C,1,2,eigo,英態3,4
C_1_3,C,1,3,eigo,英態3,4
C_1_4,C,1,4,eigo,英態3,3
C_1_5,C,1,5,eigo,英態3,4
C_1_6,C,1,6,eigo,英態3,3
C_1_7,C,1,7,eigo,英態3,3
C_1_8,C,1,8,eigo,英態3,4
C_1_9,C,1,9,eigo,英態3,4
C_1_10,C,1,10,eigo,英態3,4
C_1_11,C,1,11,eigo,英態3,4
C_1_12,C,1,12,eigo,英態3,3
D_1_13,D,1,13,eigo,英態3,4
D_1_14,D,1,14,eigo,英態3,3
D_1_15,D,1,15,eigo,英態3,4
D_1_16,D,1,16,eigo,英態3,3
D_1_17,D,1,17,eigo,英態3,3
D_1_18,D,1,18,eigo,英態3,4
D_1_19,D,1,19,eigo,英態3,2
D_1_20,D,1,20,eigo,英態3,1
D_1_21,D,1,21,eigo,英態3,2
D_1_22,D,1,22,eigo,英態3,4
D_1_23,D,1,23,eigo,英態3,3
D_1_24,D,1,24,eigo,英態3,3
D_1_25,D,1,25,eigo,英態3,3
D_1_26,D,1,26,eigo,英態3,3
D_1_27,D,1,27,eigo,英態3,4
D_1_28,D,1,28,eigo,英態3,4
D_1_29,D,1,29,eigo,英態3,3
D_1_30,D,1,30,eigo,英態3,4
D_2_1,D,2,1,eigo,英態3,3
D_2_2,D,2,2,eigo,英態3,3
D_2_3,D,2,3,eigo,英態3,4
D_2_4,D,2,4,eigo,英態3,2
D_2_5,D,2,5,eigo,英態3,3
D_2_6,D,2,6,eigo,英態3,3
D_2_7,D,2,7,eigo,英態3,4
D_2_8,D,2,8,eigo,英態3,3
D_2_9,D,2,9,eigo,英態3,3
D_2_10,D,2,10,eigo,英態3,2
D_2_11,D,2,11,eigo,英態3,4
D_2_12,D,2,12,eigo,英態3,3
D_2_13,D,2,13,eigo,英態3,2
D_2_14,D,2,14,eigo,英態3,4
D_2_15,D,2,15,eigo,英態3,4
D_2_16,D,2,16,eigo,英態3,4
D_2_17,D,2,17,eigo,英態3,3
D_2_18,D,2,18,eigo,英態3,4
D_2_19,D,2,19,eigo,英態3,2
D_2_20,D,2,20,eigo,英態3,3
D_2_21,D,2,21,eigo,英態3,3
D_2_22,D,2,22,eigo,英態3,4
D_2_23,D,2,23,eigo,英態3,3
D_2_24,D,2,24,eigo,英態3,2
D_2_25,D,2,25,eigo,英態3,2
D_2_26,D,2,26,eigo,英態3,4
D_2_27,D,2,27,eigo,英態3,3
D_2_28,D,2,28,eigo,英態3,4
D_2_29,D,2,29,eigo,英態3,3
D_2_30,D,2,30,eigo,英態3,3
A_1_1,A,1,1,eigo,英態4,3
A_1_2,A,1,2,eigo,英態4,3
A_1_3,A,1,3,eigo,英態4,2
A_1_4,A,1,4,eigo,英態4,3
A_1_5,A,1,5,eigo,英態4,4
A_1_6,A,1,6,eigo,英態4,4
A_1_7,A,1,7,eigo,英態4,2
A_1_8,A,1,8,eigo,英態4,4
A_1_9,A,1,9,eigo,英態4,4
A_1_10,A,1,10,eigo,英態4,3
A_1_11,A,1,11,eigo,英態4,4
A_1_12,A,1,12,eigo,英態4,3
A_1_13,A,1,13,eigo,英態4,2
A_1_14,A,1,14,eigo,英態4,3
A_1_15,A,1,15,eigo,英態4,4
A_1_16,A,1,16,eigo,英態4,4
A_1_17,A,1,17,eigo,英態4,3
A_1_18,A,1,18,eigo,英態4,3
A_1_19,A,1,19,eigo,英態4,4
A_1_20,A,1,20,eigo,英態4,4
A_1_21,A,1,21,eigo,英態4,4
A_1_22,A,1,22,eigo,英態4,3
A_1_23,A,1,23,eigo,英態4,4
A_1_24,A,1,24,eigo,英態4,4
A_1_25,A,1,25,eigo,英態4,4
A_1_26,A,1,26,eigo,英態4,3
A_1_27,A,1,27,eigo,英態4,4
A_1_28,A,1,28,eigo,英態4,3
A_1_29,A,1,29,eigo,英態4,3
A_1_30,A,1,30,eigo,英態4,3
A_2_1,A,2,1,eigo,英態4,4
A_2_2,A,2,2,eigo,英態4,3
A_2_3,A,2,3,eigo,英態4,2
A_2_4,A,2,4,eigo,英態4,4
A_2_5,A,2,5,eigo,英態4,4
A_2_6,A,2,6,eigo,英態4,3
A_2_7,A,2,7,eigo,英態4,4
A_2_8,A,2,8,eigo,英態4,4
A_2_9,A,2,9,eigo,英態4,3
A_2_10,A,2,10,eigo,英態4,4
A_2_11,A,2,11,eigo,英態4,4
A_2_12,A,2,12,eigo,英態4,2
A_2_13,A,2,13,eigo,英態4,4
A_2_14,A,2,14,eigo,英態4,3
A_2_15,A,2,15,eigo,英態4,4
A_2_16,A,2,16,eigo,英態4,4
A_2_17,A,2,17,eigo,英態4,3
A_2_18,A,2,18,eigo,英態4,4
A_2_19,A,2,19,eigo,英態4,3
A_2_20,A,2,20,eigo,英態4,3
A_2_21,A,2,21,eigo,英態4,4
A_2_22,A,2,22,eigo,英態4,2
A_2_23,A,2,23,eigo,英態4,4
A_2_24,A,2,24,eigo,英態4,1
A_2_25,A,2,25,eigo,英態4,2
A_2_26,A,2,26,eigo,英態4,4
A_2_27,A,2,27,eigo,英態4,3
A_2_28,A,2,28,eigo,英態4,4
A_2_29,A,2,29,eigo,英態4,4
A_2_30,A,2,30,eigo,英態4,4
B_1_1,B,1,1,eigo,英態4,3
B_1_2,B,1,2,eigo,英態4,1
B_1_3,B,1,3,eigo,英態4,3
B_1_4,B,1,4,eigo,英態4,3
B_1_5,B,1,5,eigo,英態4,3
B_1_6,B,1,6,eigo,英態4,4
B_1_7,B,1,7,eigo,英態4,2
B_1_8,B,1,8,eigo,英態4,2
B_1_9,B,1,9,eigo,英態4,3
B_1_10,B,1,10,eigo,英態4,4
B_1_11,B,1,11,eigo,英態4,3
B_1_12,B,1,12,eigo,英態4,3
B_1_13,B,1,13,eigo,英態4,2
B_1_14,B,1,14,eigo,英態4,4
B_1_15,B,1,15,eigo,英態4,3
B_1_16,B,1,16,eigo,英態4,3
B_1_17,B,1,17,eigo,英態4,4
B_1_18,B,1,18,eigo,英態4,4
B_1_19,B,1,19,eigo,英態4,4
B_1_20,B,1,20,eigo,英態4,3
B_1_21,B,1,21,eigo,英態4,2
B_1_22,B,1,22,eigo,英態4,4
B_1_23,B,1,23,eigo,英態4,3
B_1_24,B,1,24,eigo,英態4,4
B_1_25,B,1,25,eigo,英態4,4
B_1_26,B,1,26,eigo,英態4,3
B_1_27,B,1,27,eigo,英態4,3
B_1_28,B,1,28,eigo,英態4,4
B_1_29,B,1,29,eigo,英態4,3
B_1_30,B,1,30,eigo,英態4,4
B_2_1,B,2,1,eigo,英態4,2
B_2_2,B,2,2,eigo,英態4,4
B_2_3,B,2,3,eigo,英態4,4
B_2_4,B,2,4,eigo,英態4,4
B_2_5,B,2,5,eigo,英態4,3
B_2_6,B,2,6,eigo,英態4,4
B_2_7,B,2,7,eigo,英態4,4
B_2_8,B,2,8,eigo,英態4,0
B_2_9,B,2,9,eigo,英態4,4
B_2_10,B,2,10,eigo,英態4,4
B_2_11,B,2,11,eigo,英態4,3
B_2_12,B,2,12,eigo,英態4,4
B_2_13,B,2,13,eigo,英態4,4
B_2_14,B,2,14,eigo,英態4,4
B_2_15,B,2,15,eigo,英態4,3
B_2_16,B,2,16,eigo,英態4,3
B_2_17,B,2,17,eigo,英態4,4
B_2_18,B,2,18,eigo,英態4,4
B_2_19,B,2,19,eigo,英態4,3
B_2_20,B,2,20,eigo,英態4,3
B_2_21,B,2,21,eigo,英態4,4
B_2_22,B,2,22,eigo,英態4,4
B_2_23,B,2,23,eigo,英態4,4
B_2_24,B,2,24,eigo,英態4,4
B_2_25,B,2,25,eigo,英態4,4
B_2_26,B,2,26,eigo,英態4,4
B_2_27,B,2,27,eigo,英態4,4
B_2_28,B,2,28,eigo,英態4,4
B_2_29,B,2,29,eigo,英態4,4
B_2_30,B,2,30,eigo,英態4,3
C_1_1,C,1,1,eigo,英態4,3
C_1_2,C,1,2,eigo,英態4,3
C_1_3,C,1,3,eigo,英態4,4
C_1_4,C,1,4,eigo,英態4,4
C_1_5,C,1,5,eigo,英態4,3
C_1_6,C,1,6,eigo,英態4,3
C_1_7,C,1,7,eigo,英態4,4
C_1_8,C,1,8,eigo,英態4,3
C_1_9,C,1,9,eigo,英態4,3
C_1_10,C,1,10,eigo,英態4,3
C_1_11,C,1,11,eigo,英態4,4
C_1_12,C,1,12,eigo,英態4,4
C_1_13,C,1,13,eigo,英態4,3
C_1_14,C,1,14,eigo,英態4,2
C_1_15,C,1,15,eigo,英態4,4
C_1_16,C,1,16,eigo,英態4,3
C_1_17,C,1,17,eigo,英態4,3
C_1_18,C,1,18,eigo,英態4,4
C_1_19,C,1,19,eigo,英態4,1
C_1_20,C,1,20,eigo,英態4,0
C_1_21,C,1,21,eigo,英態4,3
C_1_22,C,1,22,eigo,英態4,3
C_1_23,C,1,23,eigo,英態4,3
C_1_24,C,1,24,eigo,英態4,4
C_1_25,C,1,25,eigo,英態4,2
C_1_26,C,1,26,eigo,英態4,3
C_1_27,C,1,27,eigo,英態4,1
C_1_28,C,1,28,eigo,英態4,3
C_1_29,C,1,29,eigo,英態4,2
C_1_30,C,1,30,eigo,英態4,1
C_2_1,C,2,1,eigo,英態4,1
C_2_3,C,2,3,eigo,英態4,2
C_2_4,C,2,4,eigo,英態4,4
C_2_5,C,2,5,eigo,英態4,4
C_2_6,C,2,6,eigo,英態4,4
C_2_7,C,2,7,eigo,英態4,3
C_2_8,C,2,8,eigo,英態4,3
C_2_10,C,2,10,eigo,英態4,3
C_2_11,C,2,11,eigo,英態4,2
C_2_12,C,2,12,eigo,英態4,2
C_2_13,C,2,13,eigo,英態4,3
C_2_14,C,2,14,eigo,英態4,4
C_2_15,C,2,15,eigo,英態4,4
C_2_16,C,2,16,eigo,英態4,3
C_2_17,C,2,17,eigo,英態4,4
C_2_18,C,2,18,eigo,英態4,4
C_2_19,C,2,19,eigo,英態4,4
C_2_20,C,2,20,eigo,英態4,4
C_2_21,C,2,21,eigo,英態4,3
C_2_22,C,2,22,eigo,英態4,1
C_2_23,C,2,23,eigo,英態4,2
C_2_24,C,2,24,eigo,英態4,3
C_2_25,C,2,25,eigo,英態4,3
C_2_26,C,2,26,eigo,英態4,2
C_2_27,C,2,27,eigo,英態4,4
C_2_29,C,2,29,eigo,英態4,4
C_2_30,C,2,30,eigo,英態4,4
C_1_1,C,1,1,eigo,英態4,3
C_1_2,C,1,2,eigo,英態4,4
C_1_3,C,1,3,eigo,英態4,4
C_1_4,C,1,4,eigo,英態4,3
C_1_5,C,1,5,eigo,英態4,4
C_1_6,C,1,6,eigo,英態4,3
C_1_7,C,1,7,eigo,英態4,4
C_1_8,C,1,8,eigo,英態4,3
C_1_9,C,1,9,eigo,英態4,3
C_1_10,C,1,10,eigo,英態4,3
C_1_11,C,1,11,eigo,英態4,2
C_1_12,C,1,12,eigo,英態4,2
D_1_13,D,1,13,eigo,英態4,3
D_1_14,D,1,14,eigo,英態4,3
D_1_15,D,1,15,eigo,英態4,4
D_1_16,D,1,16,eigo,英態4,4
D_1_17,D,1,17,eigo,英態4,2
D_1_18,D,1,18,eigo,英態4,4
D_1_19,D,1,19,eigo,英態4,2
D_1_20,D,1,20,eigo,英態4,3
D_1_21,D,1,21,eigo,英態4,2
D_1_22,D,1,22,eigo,英態4,4
D_1_23,D,1,23,eigo,英態4,3
D_1_24,D,1,24,eigo,英態4,2
D_1_25,D,1,25,eigo,英態4,2
D_1_26,D,1,26,eigo,英態4,3
D_1_27,D,1,27,eigo,英態4,4
D_1_28,D,1,28,eigo,英態4,3
D_1_29,D,1,29,eigo,英態4,3
D_1_30,D,1,30,eigo,英態4,4
D_2_1,D,2,1,eigo,英態4,3
D_2_2,D,2,2,eigo,英態4,3
D_2_3,D,2,3,eigo,英態4,3
D_2_4,D,2,4,eigo,英態4,2
D_2_5,D,2,5,eigo,英態4,3
D_2_6,D,2,6,eigo,英態4,3
D_2_7,D,2,7,eigo,英態4,3
D_2_8,D,2,8,eigo,英態4,3
D_2_9,D,2,9,eigo,英態4,3
D_2_10,D,2,10,eigo,英態4,3
D_2_11,D,2,11,eigo,英態4,3
D_2_12,D,2,12,eigo,英態4,2
D_2_13,D,2,13,eigo,英態4,2
D_2_14,D,2,14,eigo,英態4,3
D_2_15,D,2,15,eigo,英態4,2
D_2_16,D,2,16,eigo,英態4,3
D_2_17,D,2,17,eigo,英態4,3
D_2_18,D,2,18,eigo,英態4,2
D_2_19,D,2,19,eigo,英態4,2
D_2_20,D,2,20,eigo,英態4,2
D_2_21,D,2,21,eigo,英態4,3
D_2_22,D,2,22,eigo,英態4,3
D_2_23,D,2,23,eigo,英態4,3
D_2_24,D,2,24,eigo,英態4,2
D_2_25,D,2,25,eigo,英態4,1
D_2_26,D,2,26,eigo,英態4,4
D_2_27,D,2,27,eigo,英態4,3
D_2_28,D,2,28,eigo,英態4,4
D_2_29,D,2,29,eigo,英態4,2
D_2_30,D,2,30,eigo,英態4,3
A_1_1,A,1,1,eigo,英態5,3
A_1_2,A,1,2,eigo,英態5,3
A_1_3,A,1,3,eigo,英態5,4
A_1_4,A,1,4,eigo,英態5,4
A_1_5,A,1,5,eigo,英態5,3
A_1_6,A,1,6,eigo,英態5,4
A_1_7,A,1,7,eigo,英態5,4
A_1_8,A,1,8,eigo,英態5,4
A_1_9,A,1,9,eigo,英態5,4
A_1_10,A,1,10,eigo,英態5,3
A_1_11,A,1,11,eigo,英態5,4
A_1_12,A,1,12,eigo,英態5,3
A_1_13,A,1,13,eigo,英態5,2
A_1_14,A,1,14,eigo,英態5,4
A_1_15,A,1,15,eigo,英態5,4
A_1_16,A,1,16,eigo,英態5,4
A_1_17,A,1,17,eigo,英態5,4
A_1_18,A,1,18,eigo,英態5,4
A_1_19,A,1,19,eigo,英態5,4
A_1_20,A,1,20,eigo,英態5,4
A_1_21,A,1,21,eigo,英態5,4
A_1_22,A,1,22,eigo,英態5,3
A_1_23,A,1,23,eigo,英態5,4
A_1_24,A,1,24,eigo,英態5,4
A_1_25,A,1,25,eigo,英態5,4
A_1_26,A,1,26,eigo,英態5,3
A_1_27,A,1,27,eigo,英態5,4
A_1_28,A,1,28,eigo,英態5,4
A_1_29,A,1,29,eigo,英態5,4
A_1_30,A,1,30,eigo,英態5,3
A_2_1,A,2,1,eigo,英態5,4
A_2_2,A,2,2,eigo,英態5,3
A_2_3,A,2,3,eigo,英態5,2
A_2_4,A,2,4,eigo,英態5,3
A_2_5,A,2,5,eigo,英態5,4
A_2_6,A,2,6,eigo,英態5,3
A_2_7,A,2,7,eigo,英態5,4
A_2_8,A,2,8,eigo,英態5,4
A_2_9,A,2,9,eigo,英態5,3
A_2_10,A,2,10,eigo,英態5,4
A_2_11,A,2,11,eigo,英態5,4
A_2_12,A,2,12,eigo,英態5,2
A_2_13,A,2,13,eigo,英態5,4
A_2_14,A,2,14,eigo,英態5,3
A_2_15,A,2,15,eigo,英態5,4
A_2_16,A,2,16,eigo,英態5,4
A_2_17,A,2,17,eigo,英態5,3
A_2_18,A,2,18,eigo,英態5,4
A_2_19,A,2,19,eigo,英態5,3
A_2_20,A,2,20,eigo,英態5,3
A_2_21,A,2,21,eigo,英態5,4
A_2_22,A,2,22,eigo,英態5,2
A_2_23,A,2,23,eigo,英態5,4
A_2_24,A,2,24,eigo,英態5,1
A_2_25,A,2,25,eigo,英態5,3
A_2_26,A,2,26,eigo,英態5,4
A_2_27,A,2,27,eigo,英態5,4
A_2_28,A,2,28,eigo,英態5,4
A_2_29,A,2,29,eigo,英態5,4
A_2_30,A,2,30,eigo,英態5,4
B_1_1,B,1,1,eigo,英態5,1
B_1_2,B,1,2,eigo,英態5,1
B_1_3,B,1,3,eigo,英態5,2
B_1_4,B,1,4,eigo,英態5,3
B_1_5,B,1,5,eigo,英態5,4
B_1_6,B,1,6,eigo,英態5,3
B_1_7,B,1,7,eigo,英態5,2
B_1_8,B,1,8,eigo,英態5,3
B_1_9,B,1,9,eigo,英態5,3
B_1_10,B,1,10,eigo,英態5,4
B_1_11,B,1,11,eigo,英態5,3
B_1_12,B,1,12,eigo,英態5,3
B_1_13,B,1,13,eigo,英態5,2
B_1_14,B,1,14,eigo,英態5,3
B_1_15,B,1,15,eigo,英態5,3
B_1_16,B,1,16,eigo,英態5,3
B_1_17,B,1,17,eigo,英態5,3
B_1_18,B,1,18,eigo,英態5,4
B_1_19,B,1,19,eigo,英態5,4
B_1_20,B,1,20,eigo,英態5,4
B_1_21,B,1,21,eigo,英態5,3
B_1_22,B,1,22,eigo,英態5,4
B_1_23,B,1,23,eigo,英態5,2
B_1_24,B,1,24,eigo,英態5,4
B_1_25,B,1,25,eigo,英態5,4
B_1_26,B,1,26,eigo,英態5,3
B_1_27,B,1,27,eigo,英態5,3
B_1_28,B,1,28,eigo,英態5,4
B_1_29,B,1,29,eigo,英態5,3
B_1_30,B,1,30,eigo,英態5,4
B_2_1,B,2,1,eigo,英態5,3
B_2_2,B,2,2,eigo,英態5,4
B_2_3,B,2,3,eigo,英態5,4
B_2_4,B,2,4,eigo,英態5,4
B_2_5,B,2,5,eigo,英態5,4
B_2_6,B,2,6,eigo,英態5,3
B_2_7,B,2,7,eigo,英態5,3
B_2_8,B,2,8,eigo,英態5,3
B_2_9,B,2,9,eigo,英態5,4
B_2_10,B,2,10,eigo,英態5,4
B_2_11,B,2,11,eigo,英態5,2
B_2_12,B,2,12,eigo,英態5,4
B_2_13,B,2,13,eigo,英態5,4
B_2_14,B,2,14,eigo,英態5,3
B_2_15,B,2,15,eigo,英態5,4
B_2_16,B,2,16,eigo,英態5,3
B_2_17,B,2,17,eigo,英態5,4
B_2_18,B,2,18,eigo,英態5,4
B_2_19,B,2,19,eigo,英態5,3
B_2_20,B,2,20,eigo,英態5,4
B_2_21,B,2,21,eigo,英態5,3
B_2_22,B,2,22,eigo,英態5,4
B_2_23,B,2,23,eigo,英態5,4
B_2_24,B,2,24,eigo,英態5,4
B_2_25,B,2,25,eigo,英態5,4
B_2_26,B,2,26,eigo,英態5,4
B_2_27,B,2,27,eigo,英態5,4
B_2_28,B,2,28,eigo,英態5,4
B_2_29,B,2,29,eigo,英態5,4
B_2_30,B,2,30,eigo,英態5,3
C_1_1,C,1,1,eigo,英態5,3
C_1_2,C,1,2,eigo,英態5,3
C_1_3,C,1,3,eigo,英態5,3
C_1_4,C,1,4,eigo,英態5,4
C_1_5,C,1,5,eigo,英態5,3
C_1_6,C,1,6,eigo,英態5,3
C_1_7,C,1,7,eigo,英態5,4
C_1_8,C,1,8,eigo,英態5,1
C_1_9,C,1,9,eigo,英態5,3
C_1_10,C,1,10,eigo,英態5,3
C_1_11,C,1,11,eigo,英態5,4
C_1_12,C,1,12,eigo,英態5,2
C_1_13,C,1,13,eigo,英態5,3
C_1_14,C,1,14,eigo,英態5,2
C_1_15,C,1,15,eigo,英態5,4
C_1_16,C,1,16,eigo,英態5,3
C_1_17,C,1,17,eigo,英態5,3
C_1_18,C,1,18,eigo,英態5,3
C_1_19,C,1,19,eigo,英態5,2
C_1_20,C,1,20,eigo,英態5,0
C_1_21,C,1,21,eigo,英態5,3
C_1_22,C,1,22,eigo,英態5,4
C_1_23,C,1,23,eigo,英態5,2
C_1_24,C,1,24,eigo,英態5,3
C_1_25,C,1,25,eigo,英態5,2
C_1_26,C,1,26,eigo,英態5,2
C_1_27,C,1,27,eigo,英態5,1
C_1_28,C,1,28,eigo,英態5,3
C_1_29,C,1,29,eigo,英態5,3
C_1_30,C,1,30,eigo,英態5,1
C_2_1,C,2,1,eigo,英態5,1
C_2_3,C,2,3,eigo,英態5,2
C_2_4,C,2,4,eigo,英態5,4
C_2_5,C,2,5,eigo,英態5,4
C_2_6,C,2,6,eigo,英態5,3
C_2_7,C,2,7,eigo,英態5,3
C_2_8,C,2,8,eigo,英態5,3
C_2_10,C,2,10,eigo,英態5,2
C_2_11,C,2,11,eigo,英態5,3
C_2_12,C,2,12,eigo,英態5,2
C_2_13,C,2,13,eigo,英態5,4
C_2_14,C,2,14,eigo,英態5,4
C_2_15,C,2,15,eigo,英態5,4
C_2_16,C,2,16,eigo,英態5,3
C_2_17,C,2,17,eigo,英態5,4
C_2_18,C,2,18,eigo,英態5,4
C_2_19,C,2,19,eigo,英態5,4
C_2_20,C,2,20,eigo,英態5,4
C_2_21,C,2,21,eigo,英態5,2
C_2_22,C,2,22,eigo,英態5,2
C_2_23,C,2,23,eigo,英態5,3
C_2_24,C,2,24,eigo,英態5,3
C_2_25,C,2,25,eigo,英態5,4
C_2_26,C,2,26,eigo,英態5,4
C_2_27,C,2,27,eigo,英態5,3
C_2_29,C,2,29,eigo,英態5,4
C_2_30,C,2,30,eigo,英態5,4
C_1_1,C,1,1,eigo,英態5,3
C_1_2,C,1,2,eigo,英態5,4
C_1_3,C,1,3,eigo,英態5,4
C_1_4,C,1,4,eigo,英態5,3
C_1_5,C,1,5,eigo,英態5,4
C_1_6,C,1,6,eigo,英態5,2
C_1_7,C,1,7,eigo,英態5,4
C_1_8,C,1,8,eigo,英態5,4
C_1_9,C,1,9,eigo,英態5,4
C_1_10,C,1,10,eigo,英態5,3
C_1_11,C,1,11,eigo,英態5,4
C_1_12,C,1,12,eigo,英態5,3
D_1_13,D,1,13,eigo,英態5,2
D_1_14,D,1,14,eigo,英態5,4
D_1_15,D,1,15,eigo,英態5,4
D_1_16,D,1,16,eigo,英態5,3
D_1_17,D,1,17,eigo,英態5,3
D_1_18,D,1,18,eigo,英態5,4
D_1_19,D,1,19,eigo,英態5,2
D_1_20,D,1,20,eigo,英態5,3
D_1_21,D,1,21,eigo,英態5,2
D_1_22,D,1,22,eigo,英態5,4
D_1_23,D,1,23,eigo,英態5,3
D_1_24,D,1,24,eigo,英態5,3
D_1_25,D,1,25,eigo,英態5,2
D_1_26,D,1,26,eigo,英態5,3
D_1_27,D,1,27,eigo,英態5,4
D_1_28,D,1,28,eigo,英態5,3
D_1_29,D,1,29,eigo,英態5,3
D_1_30,D,1,30,eigo,英態5,4
D_2_1,D,2,1,eigo,英態5,3
D_2_2,D,2,2,eigo,英態5,3
D_2_3,D,2,3,eigo,英態5,3
D_2_4,D,2,4,eigo,英態5,3
D_2_5,D,2,5,eigo,英態5,2
D_2_6,D,2,6,eigo,英態5,4
D_2_7,D,2,7,eigo,英態5,4
D_2_8,D,2,8,eigo,英態5,2
D_2_9,D,2,9,eigo,英態5,4
D_2_10,D,2,10,eigo,英態5,2
D_2_11,D,2,11,eigo,英態5,3
D_2_12,D,2,12,eigo,英態5,3
D_2_13,D,2,13,eigo,英態5,3
D_2_14,D,2,14,eigo,英態5,4
D_2_15,D,2,15,eigo,英態5,3
D_2_16,D,2,16,eigo,英態5,4
D_2_17,D,2,17,eigo,英態5,3
D_2_18,D,2,18,eigo,英態5,4
D_2_19,D,2,19,eigo,英態5,3
D_2_20,D,2,20,eigo,英態5,2
D_2_21,D,2,21,eigo,英態5,2
D_2_22,D,2,22,eigo,英態5,4
D_2_23,D,2,23,eigo,英態5,4
D_2_24,D,2,24,eigo,英態5,2
D_2_25,D,2,25,eigo,英態5,2
D_2_26,D,2,26,eigo,英態5,4
D_2_27,D,2,27,eigo,英態5,3
D_2_28,D,2,28,eigo,英態5,4
D_2_29,D,2,29,eigo,英態5,2
D_2_30,D,2,30,eigo,英態5,3
A_1_1,A,1,1,eigo,英態6,3
A_1_2,A,1,2,eigo,英態6,2
A_1_3,A,1,3,eigo,英態6,4
A_1_4,A,1,4,eigo,英態6,4
A_1_5,A,1,5,eigo,英態6,3
A_1_6,A,1,6,eigo,英態6,4
A_1_7,A,1,7,eigo,英態6,3
A_1_8,A,1,8,eigo,英態6,3
A_1_9,A,1,9,eigo,英態6,4
A_1_10,A,1,10,eigo,英態6,3
A_1_11,A,1,11,eigo,英態6,4
A_1_12,A,1,12,eigo,英態6,3
A_1_13,A,1,13,eigo,英態6,2
A_1_14,A,1,14,eigo,英態6,3
A_1_15,A,1,15,eigo,英態6,3
A_1_16,A,1,16,eigo,英態6,4
A_1_17,A,1,17,eigo,英態6,4
A_1_18,A,1,18,eigo,英態6,4
A_1_19,A,1,19,eigo,英態6,4
A_1_20,A,1,20,eigo,英態6,4
A_1_21,A,1,21,eigo,英態6,4
A_1_22,A,1,22,eigo,英態6,3
A_1_23,A,1,23,eigo,英態6,4
A_1_24,A,1,24,eigo,英態6,4
A_1_25,A,1,25,eigo,英態6,4
A_1_26,A,1,26,eigo,英態6,3
A_1_27,A,1,27,eigo,英態6,4
A_1_28,A,1,28,eigo,英態6,4
A_1_29,A,1,29,eigo,英態6,3
A_1_30,A,1,30,eigo,英態6,3
A_2_1,A,2,1,eigo,英態6,4
A_2_2,A,2,2,eigo,英態6,3
A_2_3,A,2,3,eigo,英態6,3
A_2_4,A,2,4,eigo,英態6,4
A_2_5,A,2,5,eigo,英態6,4
A_2_6,A,2,6,eigo,英態6,3
A_2_7,A,2,7,eigo,英態6,4
A_2_8,A,2,8,eigo,英態6,4
A_2_9,A,2,9,eigo,英態6,3
A_2_10,A,2,10,eigo,英態6,4
A_2_11,A,2,11,eigo,英態6,4
A_2_12,A,2,12,eigo,英態6,2
A_2_13,A,2,13,eigo,英態6,4
A_2_14,A,2,14,eigo,英態6,3
A_2_15,A,2,15,eigo,英態6,3
A_2_16,A,2,16,eigo,英態6,4
A_2_17,A,2,17,eigo,英態6,3
A_2_18,A,2,18,eigo,英態6,4
A_2_19,A,2,19,eigo,英態6,3
A_2_20,A,2,20,eigo,英態6,3
A_2_21,A,2,21,eigo,英態6,4
A_2_22,A,2,22,eigo,英態6,3
A_2_23,A,2,23,eigo,英態6,4
A_2_24,A,2,24,eigo,英態6,1
A_2_25,A,2,25,eigo,英態6,3
A_2_26,A,2,26,eigo,英態6,4
A_2_27,A,2,27,eigo,英態6,3
A_2_28,A,2,28,eigo,英態6,4
A_2_29,A,2,29,eigo,英態6,4
A_2_30,A,2,30,eigo,英態6,4
B_1_1,B,1,1,eigo,英態6,1
B_1_2,B,1,2,eigo,英態6,2
B_1_3,B,1,3,eigo,英態6,3
B_1_4,B,1,4,eigo,英態6,3
B_1_5,B,1,5,eigo,英態6,3
B_1_6,B,1,6,eigo,英態6,2
B_1_7,B,1,7,eigo,英態6,2
B_1_8,B,1,8,eigo,英態6,4
B_1_9,B,1,9,eigo,英態6,3
B_1_10,B,1,10,eigo,英態6,4
B_1_11,B,1,11,eigo,英態6,3
B_1_12,B,1,12,eigo,英態6,2
B_1_13,B,1,13,eigo,英態6,2
B_1_14,B,1,14,eigo,英態6,3
B_1_15,B,1,15,eigo,英態6,3
B_1_16,B,1,16,eigo,英態6,3
B_1_17,B,1,17,eigo,英態6,3
B_1_18,B,1,18,eigo,英態6,4
B_1_19,B,1,19,eigo,英態6,4
B_1_20,B,1,20,eigo,英態6,2
B_1_21,B,1,21,eigo,英態6,2
B_1_22,B,1,22,eigo,英態6,3
B_1_23,B,1,23,eigo,英態6,2
B_1_24,B,1,24,eigo,英態6,4
B_1_25,B,1,25,eigo,英態6,3
B_1_26,B,1,26,eigo,英態6,2
B_1_27,B,1,27,eigo,英態6,4
B_1_28,B,1,28,eigo,英態6,4
B_1_29,B,1,29,eigo,英態6,3
B_1_30,B,1,30,eigo,英態6,3
B_2_1,B,2,1,eigo,英態6,3
B_2_2,B,2,2,eigo,英態6,4
B_2_3,B,2,3,eigo,英態6,4
B_2_4,B,2,4,eigo,英態6,3
B_2_5,B,2,5,eigo,英態6,4
B_2_6,B,2,6,eigo,英態6,3
B_2_7,B,2,7,eigo,英態6,3
B_2_8,B,2,8,eigo,英態6,3
B_2_9,B,2,9,eigo,英態6,3
B_2_10,B,2,10,eigo,英態6,3
B_2_11,B,2,11,eigo,英態6,3
B_2_12,B,2,12,eigo,英態6,4
B_2_13,B,2,13,eigo,英態6,4
B_2_14,B,2,14,eigo,英態6,3
B_2_15,B,2,15,eigo,英態6,3
B_2_16,B,2,16,eigo,英態6,3
B_2_17,B,2,17,eigo,英態6,3
B_2_18,B,2,18,eigo,英態6,4
B_2_19,B,2,19,eigo,英態6,4
B_2_20,B,2,20,eigo,英態6,3
B_2_21,B,2,21,eigo,英態6,2
B_2_22,B,2,22,eigo,英態6,4
B_2_23,B,2,23,eigo,英態6,4
B_2_24,B,2,24,eigo,英態6,4
B_2_25,B,2,25,eigo,英態6,4
B_2_26,B,2,26,eigo,英態6,4
B_2_27,B,2,27,eigo,英態6,4
B_2_28,B,2,28,eigo,英態6,4
B_2_29,B,2,29,eigo,英態6,4
B_2_30,B,2,30,eigo,英態6,2
C_1_1,C,1,1,eigo,英態6,2
C_1_2,C,1,2,eigo,英態6,2
C_1_3,C,1,3,eigo,英態6,3
C_1_4,C,1,4,eigo,英態6,2
C_1_5,C,1,5,eigo,英態6,2
C_1_6,C,1,6,eigo,英態6,3
C_1_7,C,1,7,eigo,英態6,4
C_1_8,C,1,8,eigo,英態6,3
C_1_9,C,1,9,eigo,英態6,3
C_1_10,C,1,10,eigo,英態6,3
C_1_11,C,1,11,eigo,英態6,3
C_1_12,C,1,12,eigo,英態6,4
C_1_13,C,1,13,eigo,英態6,3
C_1_14,C,1,14,eigo,英態6,2
C_1_15,C,1,15,eigo,英態6,4
C_1_16,C,1,16,eigo,英態6,3
C_1_17,C,1,17,eigo,英態6,2
C_1_18,C,1,18,eigo,英態6,2
C_1_19,C,1,19,eigo,英態6,2
C_1_20,C,1,20,eigo,英態6,0
C_1_21,C,1,21,eigo,英態6,3
C_1_22,C,1,22,eigo,英態6,1
C_1_23,C,1,23,eigo,英態6,2
C_1_24,C,1,24,eigo,英態6,3
C_1_25,C,1,25,eigo,英態6,2
C_1_26,C,1,26,eigo,英態6,2
C_1_27,C,1,27,eigo,英態6,1
C_1_28,C,1,28,eigo,英態6,3
C_1_29,C,1,29,eigo,英態6,0
C_1_30,C,1,30,eigo,英態6,1
C_2_1,C,2,1,eigo,英態6,1
C_2_3,C,2,3,eigo,英態6,2
C_2_4,C,2,4,eigo,英態6,4
C_2_5,C,2,5,eigo,英態6,3
C_2_6,C,2,6,eigo,英態6,2
C_2_7,C,2,7,eigo,英態6,2
C_2_8,C,2,8,eigo,英態6,2
C_2_10,C,2,10,eigo,英態6,1
C_2_11,C,2,11,eigo,英態6,2
C_2_12,C,2,12,eigo,英態6,2
C_2_13,C,2,13,eigo,英態6,2
C_2_14,C,2,14,eigo,英態6,4
C_2_15,C,2,15,eigo,英態6,3
C_2_16,C,2,16,eigo,英態6,2
C_2_17,C,2,17,eigo,英態6,4
C_2_18,C,2,18,eigo,英態6,4
C_2_19,C,2,19,eigo,英態6,3
C_2_20,C,2,20,eigo,英態6,2
C_2_21,C,2,21,eigo,英態6,2
C_2_22,C,2,22,eigo,英態6,2
C_2_23,C,2,23,eigo,英態6,3
C_2_24,C,2,24,eigo,英態6,3
C_2_25,C,2,25,eigo,英態6,3
C_2_26,C,2,26,eigo,英態6,4
C_2_27,C,2,27,eigo,英態6,3
C_2_29,C,2,29,eigo,英態6,3
C_2_30,C,2,30,eigo,英態6,3
C_1_1,C,1,1,eigo,英態6,2
C_1_2,C,1,2,eigo,英態6,3
C_1_3,C,1,3,eigo,英態6,4
C_1_4,C,1,4,eigo,英態6,2
C_1_5,C,1,5,eigo,英態6,4
C_1_6,C,1,6,eigo,英態6,3
C_1_7,C,1,7,eigo,英態6,1
C_1_8,C,1,8,eigo,英態6,4
C_1_9,C,1,9,eigo,英態6,4
C_1_10,C,1,10,eigo,英態6,3
C_1_11,C,1,11,eigo,英態6,2
C_1_12,C,1,12,eigo,英態6,2
D_1_13,D,1,13,eigo,英態6,2
D_1_14,D,1,14,eigo,英態6,4
D_1_15,D,1,15,eigo,英態6,4
D_1_16,D,1,16,eigo,英態6,4
D_1_17,D,1,17,eigo,英態6,2
D_1_18,D,1,18,eigo,英態6,2
D_1_19,D,1,19,eigo,英態6,2
D_1_20,D,1,20,eigo,英態6,1
D_1_21,D,1,21,eigo,英態6,2
D_1_22,D,1,22,eigo,英態6,3
D_1_23,D,1,23,eigo,英態6,3
D_1_24,D,1,24,eigo,英態6,2
D_1_25,D,1,25,eigo,英態6,2
D_1_26,D,1,26,eigo,英態6,2
D_1_27,D,1,27,eigo,英態6,4
D_1_28,D,1,28,eigo,英態6,4
D_1_29,D,1,29,eigo,英態6,3
D_1_30,D,1,30,eigo,英態6,4
D_2_1,D,2,1,eigo,英態6,2
D_2_2,D,2,2,eigo,英態6,2
D_2_3,D,2,3,eigo,英態6,2
D_2_4,D,2,4,eigo,英態6,2
D_2_5,D,2,5,eigo,英態6,1
D_2_6,D,2,6,eigo,英態6,3
D_2_7,D,2,7,eigo,英態6,4
D_2_8,D,2,8,eigo,英態6,2
D_2_9,D,2,9,eigo,英態6,2
D_2_10,D,2,10,eigo,英態6,2
D_2_11,D,2,11,eigo,英態6,3
D_2_12,D,2,12,eigo,英態6,3
D_2_13,D,2,13,eigo,英態6,2
D_2_14,D,2,14,eigo,英態6,3
D_2_15,D,2,15,eigo,英態6,3
D_2_16,D,2,16,eigo,英態6,2
D_2_17,D,2,17,eigo,英態6,2
D_2_18,D,2,18,eigo,英態6,4
D_2_19,D,2,19,eigo,英態6,2
D_2_20,D,2,20,eigo,英態6,3
D_2_21,D,2,21,eigo,英態6,2
D_2_22,D,2,22,eigo,英態6,4
D_2_23,D,2,23,eigo,英態6,2
D_2_24,D,2,24,eigo,英態6,2
D_2_25,D,2,25,eigo,英態6,2
D_2_26,D,2,26,eigo,英態6,4
D_2_27,D,2,27,eigo,英態6,2
D_2_28,D,2,28,eigo,英態6,3
D_2_29,D,2,29,eigo,英態6,2
D_2_30,D,2,30,eigo,英態6,2
A_1_1,A,1,1,eigo,英態7,3
A_1_2,A,1,2,eigo,英態7,3
A_1_3,A,1,3,eigo,英態7,3
A_1_4,A,1,4,eigo,英態7,3
A_1_5,A,1,5,eigo,英態7,3
A_1_6,A,1,6,eigo,英態7,4
A_1_7,A,1,7,eigo,英態7,3
A_1_8,A,1,8,eigo,英態7,2
A_1_9,A,1,9,eigo,英態7,4
A_1_10,A,1,10,eigo,英態7,3
A_1_11,A,1,11,eigo,英態7,4
A_1_12,A,1,12,eigo,英態7,3
A_1_13,A,1,13,eigo,英態7,2
A_1_14,A,1,14,eigo,英態7,4
A_1_15,A,1,15,eigo,英態7,4
A_1_16,A,1,16,eigo,英態7,4
A_1_17,A,1,17,eigo,英態7,4
A_1_18,A,1,18,eigo,英態7,4
A_1_19,A,1,19,eigo,英態7,4
A_1_20,A,1,20,eigo,英態7,4
A_1_21,A,1,21,eigo,英態7,4
A_1_22,A,1,22,eigo,英態7,2
A_1_23,A,1,23,eigo,英態7,4
A_1_24,A,1,24,eigo,英態7,4
A_1_25,A,1,25,eigo,英態7,3
A_1_26,A,1,26,eigo,英態7,3
A_1_27,A,1,27,eigo,英態7,4
A_1_28,A,1,28,eigo,英態7,2
A_1_29,A,1,29,eigo,英態7,3
A_1_30,A,1,30,eigo,英態7,3
A_2_1,A,2,1,eigo,英態7,4
A_2_2,A,2,2,eigo,英態7,3
A_2_3,A,2,3,eigo,英態7,3
A_2_4,A,2,4,eigo,英態7,3
A_2_5,A,2,5,eigo,英態7,4
A_2_6,A,2,6,eigo,英態7,3
A_2_7,A,2,7,eigo,英態7,4
A_2_8,A,2,8,eigo,英態7,4
A_2_9,A,2,9,eigo,英態7,3
A_2_10,A,2,10,eigo,英態7,4
A_2_11,A,2,11,eigo,英態7,4
A_2_12,A,2,12,eigo,英態7,2
A_2_13,A,2,13,eigo,英態7,4
A_2_14,A,2,14,eigo,英態7,4
A_2_15,A,2,15,eigo,英態7,3
A_2_16,A,2,16,eigo,英態7,3
A_2_17,A,2,17,eigo,英態7,3
A_2_18,A,2,18,eigo,英態7,4
A_2_19,A,2,19,eigo,英態7,3
A_2_20,A,2,20,eigo,英態7,4
A_2_21,A,2,21,eigo,英態7,4
A_2_22,A,2,22,eigo,英態7,1
A_2_23,A,2,23,eigo,英態7,4
A_2_24,A,2,24,eigo,英態7,1
A_2_25,A,2,25,eigo,英態7,2
A_2_26,A,2,26,eigo,英態7,4
A_2_27,A,2,27,eigo,英態7,2
A_2_28,A,2,28,eigo,英態7,4
A_2_29,A,2,29,eigo,英態7,4
A_2_30,A,2,30,eigo,英態7,4
B_1_1,B,1,1,eigo,英態7,2
B_1_2,B,1,2,eigo,英態7,1
B_1_3,B,1,3,eigo,英態7,2
B_1_4,B,1,4,eigo,英態7,4
B_1_5,B,1,5,eigo,英態7,3
B_1_6,B,1,6,eigo,英態7,3
B_1_7,B,1,7,eigo,英態7,2
B_1_8,B,1,8,eigo,英態7,1
B_1_9,B,1,9,eigo,英態7,3
B_1_10,B,1,10,eigo,英態7,4
B_1_11,B,1,11,eigo,英態7,3
B_1_12,B,1,12,eigo,英態7,2
B_1_13,B,1,13,eigo,英態7,3
B_1_14,B,1,14,eigo,英態7,4
B_1_15,B,1,15,eigo,英態7,3
B_1_16,B,1,16,eigo,英態7,3
B_1_17,B,1,17,eigo,英態7,3
B_1_18,B,1,18,eigo,英態7,4
B_1_19,B,1,19,eigo,英態7,4
B_1_20,B,1,20,eigo,英態7,3
B_1_21,B,1,21,eigo,英態7,2
B_1_22,B,1,22,eigo,英態7,4
B_1_23,B,1,23,eigo,英態7,3
B_1_24,B,1,24,eigo,英態7,4
B_1_25,B,1,25,eigo,英態7,4
B_1_26,B,1,26,eigo,英態7,3
B_1_27,B,1,27,eigo,英態7,3
B_1_28,B,1,28,eigo,英態7,4
B_1_29,B,1,29,eigo,英態7,4
B_1_30,B,1,30,eigo,英態7,4
B_2_1,B,2,1,eigo,英態7,4
B_2_2,B,2,2,eigo,英態7,4
B_2_3,B,2,3,eigo,英態7,2
B_2_4,B,2,4,eigo,英態7,4
B_2_5,B,2,5,eigo,英態7,4
B_2_6,B,2,6,eigo,英態7,4
B_2_7,B,2,7,eigo,英態7,4
B_2_8,B,2,8,eigo,英態7,3
B_2_9,B,2,9,eigo,英態7,4
B_2_10,B,2,10,eigo,英態7,4
B_2_11,B,2,11,eigo,英態7,4
B_2_12,B,2,12,eigo,英態7,4
B_2_13,B,2,13,eigo,英態7,4
B_2_14,B,2,14,eigo,英態7,4
B_2_15,B,2,15,eigo,英態7,4
B_2_16,B,2,16,eigo,英態7,2
B_2_17,B,2,17,eigo,英態7,4
B_2_18,B,2,18,eigo,英態7,4
B_2_19,B,2,19,eigo,英態7,3
B_2_20,B,2,20,eigo,英態7,3
B_2_21,B,2,21,eigo,英態7,3
B_2_22,B,2,22,eigo,英態7,4
B_2_23,B,2,23,eigo,英態7,4
B_2_24,B,2,24,eigo,英態7,2
B_2_25,B,2,25,eigo,英態7,4
B_2_26,B,2,26,eigo,英態7,4
B_2_27,B,2,27,eigo,英態7,4
B_2_28,B,2,28,eigo,英態7,4
B_2_29,B,2,29,eigo,英態7,2
B_2_30,B,2,30,eigo,英態7,2
C_1_1,C,1,1,eigo,英態7,1
C_1_2,C,1,2,eigo,英態7,3
C_1_3,C,1,3,eigo,英態7,3
C_1_4,C,1,4,eigo,英態7,4
C_1_5,C,1,5,eigo,英態7,3
C_1_6,C,1,6,eigo,英態7,4
C_1_7,C,1,7,eigo,英態7,4
C_1_8,C,1,8,eigo,英態7,2
C_1_9,C,1,9,eigo,英態7,3
C_1_10,C,1,10,eigo,英態7,3
C_1_11,C,1,11,eigo,英態7,4
C_1_12,C,1,12,eigo,英態7,4
C_1_13,C,1,13,eigo,英態7,4
C_1_14,C,1,14,eigo,英態7,2
C_1_15,C,1,15,eigo,英態7,4
C_1_16,C,1,16,eigo,英態7,4
C_1_17,C,1,17,eigo,英態7,3
C_1_18,C,1,18,eigo,英態7,3
C_1_19,C,1,19,eigo,英態7,2
C_1_20,C,1,20,eigo,英態7,0
C_1_21,C,1,21,eigo,英態7,3
C_1_22,C,1,22,eigo,英態7,3
C_1_23,C,1,23,eigo,英態7,3
C_1_24,C,1,24,eigo,英態7,4
C_1_25,C,1,25,eigo,英態7,3
C_1_26,C,1,26,eigo,英態7,3
C_1_27,C,1,27,eigo,英態7,1
C_1_28,C,1,28,eigo,英態7,3
C_1_29,C,1,29,eigo,英態7,3
C_1_30,C,1,30,eigo,英態7,3
C_2_1,C,2,1,eigo,英態7,1
C_2_3,C,2,3,eigo,英態7,2
C_2_4,C,2,4,eigo,英態7,4
C_2_5,C,2,5,eigo,英態7,3
C_2_6,C,2,6,eigo,英態7,3
C_2_7,C,2,7,eigo,英態7,2
C_2_8,C,2,8,eigo,英態7,3
C_2_10,C,2,10,eigo,英態7,3
C_2_11,C,2,11,eigo,英態7,2
C_2_12,C,2,12,eigo,英態7,4
C_2_13,C,2,13,eigo,英態7,2
C_2_14,C,2,14,eigo,英態7,4
C_2_15,C,2,15,eigo,英態7,3
C_2_16,C,2,16,eigo,英態7,3
C_2_17,C,2,17,eigo,英態7,3
C_2_18,C,2,18,eigo,英態7,4
C_2_19,C,2,19,eigo,英態7,4
C_2_20,C,2,20,eigo,英態7,3
C_2_21,C,2,21,eigo,英態7,3
C_2_22,C,2,22,eigo,英態7,2
C_2_23,C,2,23,eigo,英態7,2
C_2_24,C,2,24,eigo,英態7,4
C_2_25,C,2,25,eigo,英態7,4
C_2_26,C,2,26,eigo,英態7,3
C_2_27,C,2,27,eigo,英態7,3
C_2_29,C,2,29,eigo,英態7,4
C_2_30,C,2,30,eigo,英態7,3
C_1_1,C,1,1,eigo,英態7,3
C_1_2,C,1,2,eigo,英態7,4
C_1_3,C,1,3,eigo,英態7,4
C_1_4,C,1,4,eigo,英態7,2
C_1_5,C,1,5,eigo,英態7,3
C_1_6,C,1,6,eigo,英態7,3
C_1_7,C,1,7,eigo,英態7,3
C_1_8,C,1,8,eigo,英態7,4
C_1_9,C,1,9,eigo,英態7,4
C_1_10,C,1,10,eigo,英態7,4
C_1_11,C,1,11,eigo,英態7,4
C_1_12,C,1,12,eigo,英態7,3
D_1_13,D,1,13,eigo,英態7,3
D_1_14,D,1,14,eigo,英態7,3
D_1_15,D,1,15,eigo,英態7,4
D_1_16,D,1,16,eigo,英態7,4
D_1_17,D,1,17,eigo,英態7,2
D_1_18,D,1,18,eigo,英態7,4
D_1_19,D,1,19,eigo,英態7,2
D_1_20,D,1,20,eigo,英態7,2
D_1_21,D,1,21,eigo,英態7,2
D_1_22,D,1,22,eigo,英態7,4
D_1_23,D,1,23,eigo,英態7,3
D_1_24,D,1,24,eigo,英態7,2
D_1_25,D,1,25,eigo,英態7,2
D_1_26,D,1,26,eigo,英態7,2
D_1_27,D,1,27,eigo,英態7,4
D_1_28,D,1,28,eigo,英態7,4
D_1_29,D,1,29,eigo,英態7,2
D_1_30,D,1,30,eigo,英態7,4
D_2_1,D,2,1,eigo,英態7,3
D_2_2,D,2,2,eigo,英態7,2
D_2_3,D,2,3,eigo,英態7,2
D_2_4,D,2,4,eigo,英態7,3
D_2_5,D,2,5,eigo,英態7,2
D_2_6,D,2,6,eigo,英態7,4
D_2_7,D,2,7,eigo,英態7,4
D_2_8,D,2,8,eigo,英態7,1
D_2_9,D,2,9,eigo,英態7,3
D_2_10,D,2,10,eigo,英態7,3
D_2_11,D,2,11,eigo,英態7,3
D_2_12,D,2,12,eigo,英態7,3
D_2_13,D,2,13,eigo,英態7,4
D_2_14,D,2,14,eigo,英態7,3
D_2_15,D,2,15,eigo,英態7,4
D_2_16,D,2,16,eigo,英態7,3
D_2_17,D,2,17,eigo,英態7,2
D_2_18,D,2,18,eigo,英態7,4
D_2_19,D,2,19,eigo,英態7,2
D_2_20,D,2,20,eigo,英態7,2
D_2_21,D,2,21,eigo,英態7,3
D_2_22,D,2,22,eigo,英態7,3
D_2_23,D,2,23,eigo,英態7,4
D_2_24,D,2,24,eigo,英態7,2
D_2_25,D,2,25,eigo,英態7,1
D_2_26,D,2,26,eigo,英態7,4
D_2_27,D,2,27,eigo,英態7,3
D_2_28,D,2,28,eigo,英態7,3
D_2_29,D,2,29,eigo,英態7,3
D_2_30,D,2,30,eigo,英態7,3
A_1_1,A,1,1,eigo,英態8,4
A_1_2,A,1,2,eigo,英態8,2
A_1_3,A,1,3,eigo,英態8,4
A_1_4,A,1,4,eigo,英態8,4
A_1_5,A,1,5,eigo,英態8,4
A_1_6,A,1,6,eigo,英態8,4
A_1_7,A,1,7,eigo,英態8,4
A_1_8,A,1,8,eigo,英態8,4
A_1_9,A,1,9,eigo,英態8,4
A_1_10,A,1,10,eigo,英態8,3
A_1_11,A,1,11,eigo,英態8,4
A_1_12,A,1,12,eigo,英態8,0
A_1_13,A,1,13,eigo,英態8,2
A_1_14,A,1,14,eigo,英態8,4
A_1_15,A,1,15,eigo,英態8,3
A_1_16,A,1,16,eigo,英態8,4
A_1_17,A,1,17,eigo,英態8,4
A_1_18,A,1,18,eigo,英態8,4
A_1_19,A,1,19,eigo,英態8,4
A_1_20,A,1,20,eigo,英態8,4
A_1_21,A,1,21,eigo,英態8,4
A_1_22,A,1,22,eigo,英態8,3
A_1_23,A,1,23,eigo,英態8,4
A_1_24,A,1,24,eigo,英態8,4
A_1_25,A,1,25,eigo,英態8,4
A_1_26,A,1,26,eigo,英態8,3
A_1_27,A,1,27,eigo,英態8,4
A_1_28,A,1,28,eigo,英態8,4
A_1_29,A,1,29,eigo,英態8,4
A_1_30,A,1,30,eigo,英態8,3
A_2_1,A,2,1,eigo,英態8,4
A_2_2,A,2,2,eigo,英態8,3
A_2_3,A,2,3,eigo,英態8,3
A_2_4,A,2,4,eigo,英態8,3
A_2_5,A,2,5,eigo,英態8,4
A_2_6,A,2,6,eigo,英態8,4
A_2_7,A,2,7,eigo,英態8,4
A_2_8,A,2,8,eigo,英態8,4
A_2_9,A,2,9,eigo,英態8,3
A_2_10,A,2,10,eigo,英態8,4
A_2_11,A,2,11,eigo,英態8,4
A_2_12,A,2,12,eigo,英態8,3
A_2_13,A,2,13,eigo,英態8,4
A_2_14,A,2,14,eigo,英態8,4
A_2_15,A,2,15,eigo,英態8,4
A_2_16,A,2,16,eigo,英態8,4
A_2_17,A,2,17,eigo,英態8,4
A_2_18,A,2,18,eigo,英態8,4
A_2_19,A,2,19,eigo,英態8,3
A_2_20,A,2,20,eigo,英態8,4
A_2_21,A,2,21,eigo,英態8,4
A_2_22,A,2,22,eigo,英態8,1
A_2_23,A,2,23,eigo,英態8,4
A_2_24,A,2,24,eigo,英態8,1
A_2_25,A,2,25,eigo,英態8,4
A_2_26,A,2,26,eigo,英態8,4
A_2_27,A,2,27,eigo,英態8,4
A_2_28,A,2,28,eigo,英態8,4
A_2_29,A,2,29,eigo,英態8,4
A_2_30,A,2,30,eigo,英態8,4
B_1_1,B,1,1,eigo,英態8,4
B_1_2,B,1,2,eigo,英態8,1
B_1_3,B,1,3,eigo,英態8,3
B_1_4,B,1,4,eigo,英態8,4
B_1_5,B,1,5,eigo,英態8,4
B_1_6,B,1,6,eigo,英態8,4
B_1_7,B,1,7,eigo,英態8,3
B_1_8,B,1,8,eigo,英態8,4
B_1_9,B,1,9,eigo,英態8,3
B_1_10,B,1,10,eigo,英態8,4
B_1_11,B,1,11,eigo,英態8,3
B_1_12,B,1,12,eigo,英態8,3
B_1_13,B,1,13,eigo,英態8,3
B_1_14,B,1,14,eigo,英態8,4
B_1_15,B,1,15,eigo,英態8,3
B_1_16,B,1,16,eigo,英態8,3
B_1_17,B,1,17,eigo,英態8,4
B_1_18,B,1,18,eigo,英態8,4
B_1_19,B,1,19,eigo,英態8,4
B_1_20,B,1,20,eigo,英態8,4
B_1_21,B,1,21,eigo,英態8,3
B_1_22,B,1,22,eigo,英態8,4
B_1_23,B,1,23,eigo,英態8,3
B_1_24,B,1,24,eigo,英態8,4
B_1_25,B,1,25,eigo,英態8,4
B_1_26,B,1,26,eigo,英態8,3
B_1_27,B,1,27,eigo,英態8,4
B_1_28,B,1,28,eigo,英態8,4
B_1_29,B,1,29,eigo,英態8,4
B_1_30,B,1,30,eigo,英態8,4
B_2_1,B,2,1,eigo,英態8,4
B_2_2,B,2,2,eigo,英態8,4
B_2_3,B,2,3,eigo,英態8,4
B_2_4,B,2,4,eigo,英態8,4
B_2_5,B,2,5,eigo,英態8,4
B_2_6,B,2,6,eigo,英態8,4
B_2_7,B,2,7,eigo,英態8,4
B_2_8,B,2,8,eigo,英態8,4
B_2_9,B,2,9,eigo,英態8,4
B_2_10,B,2,10,eigo,英態8,4
B_2_11,B,2,11,eigo,英態8,3
B_2_12,B,2,12,eigo,英態8,4
B_2_13,B,2,13,eigo,英態8,4
B_2_14,B,2,14,eigo,英態8,4
B_2_15,B,2,15,eigo,英態8,3
B_2_16,B,2,16,eigo,英態8,3
B_2_17,B,2,17,eigo,英態8,4
B_2_18,B,2,18,eigo,英態8,4
B_2_19,B,2,19,eigo,英態8,4
B_2_20,B,2,20,eigo,英態8,4
B_2_21,B,2,21,eigo,英態8,4
B_2_22,B,2,22,eigo,英態8,4
B_2_23,B,2,23,eigo,英態8,4
B_2_24,B,2,24,eigo,英態8,4
B_2_25,B,2,25,eigo,英態8,4
B_2_26,B,2,26,eigo,英態8,4
B_2_27,B,2,27,eigo,英態8,4
B_2_28,B,2,28,eigo,英態8,4
B_2_29,B,2,29,eigo,英態8,4
B_2_30,B,2,30,eigo,英態8,3
C_1_1,C,1,1,eigo,英態8,3
C_1_2,C,1,2,eigo,英態8,3
C_1_3,C,1,3,eigo,英態8,4
C_1_4,C,1,4,eigo,英態8,4
C_1_5,C,1,5,eigo,英態8,3
C_1_6,C,1,6,eigo,英態8,4
C_1_7,C,1,7,eigo,英態8,4
C_1_8,C,1,8,eigo,英態8,3
C_1_9,C,1,9,eigo,英態8,4
C_1_10,C,1,10,eigo,英態8,4
C_1_11,C,1,11,eigo,英態8,4
C_1_12,C,1,12,eigo,英態8,4
C_1_13,C,1,13,eigo,英態8,4
C_1_14,C,1,14,eigo,英態8,2
C_1_15,C,1,15,eigo,英態8,4
C_1_16,C,1,16,eigo,英態8,4
C_1_17,C,1,17,eigo,英態8,3
C_1_18,C,1,18,eigo,英態8,4
C_1_19,C,1,19,eigo,英態8,1
C_1_20,C,1,20,eigo,英態8,0
C_1_21,C,1,21,eigo,英態8,3
C_1_22,C,1,22,eigo,英態8,4
C_1_23,C,1,23,eigo,英態8,3
C_1_24,C,1,24,eigo,英態8,4
C_1_25,C,1,25,eigo,英態8,3
C_1_26,C,1,26,eigo,英態8,3
C_1_27,C,1,27,eigo,英態8,1
C_1_28,C,1,28,eigo,英態8,3
C_1_29,C,1,29,eigo,英態8,3
C_1_30,C,1,30,eigo,英態8,4
C_2_1,C,2,1,eigo,英態8,2
C_2_3,C,2,3,eigo,英態8,3
C_2_4,C,2,4,eigo,英態8,4
C_2_5,C,2,5,eigo,英態8,4
C_2_6,C,2,6,eigo,英態8,4
C_2_7,C,2,7,eigo,英態8,4
C_2_8,C,2,8,eigo,英態8,4
C_2_10,C,2,10,eigo,英態8,4
C_2_11,C,2,11,eigo,英態8,4
C_2_12,C,2,12,eigo,英態8,4
C_2_13,C,2,13,eigo,英態8,3
C_2_14,C,2,14,eigo,英態8,4
C_2_15,C,2,15,eigo,英態8,4
C_2_16,C,2,16,eigo,英態8,3
C_2_17,C,2,17,eigo,英態8,3
C_2_18,C,2,18,eigo,英態8,4
C_2_19,C,2,19,eigo,英態8,4
C_2_20,C,2,20,eigo,英態8,4
C_2_21,C,2,21,eigo,英態8,3
C_2_22,C,2,22,eigo,英態8,3
C_2_23,C,2,23,eigo,英態8,4
C_2_24,C,2,24,eigo,英態8,4
C_2_25,C,2,25,eigo,英態8,4
C_2_26,C,2,26,eigo,英態8,3
C_2_27,C,2,27,eigo,英態8,3
C_2_29,C,2,29,eigo,英態8,4
C_2_30,C,2,30,eigo,英態8,4
C_1_1,C,1,1,eigo,英態8,3
C_1_2,C,1,2,eigo,英態8,4
C_1_3,C,1,3,eigo,英態8,4
C_1_4,C,1,4,eigo,英態8,3
C_1_5,C,1,5,eigo,英態8,3
C_1_6,C,1,6,eigo,英態8,3
C_1_7,C,1,7,eigo,英態8,4
C_1_8,C,1,8,eigo,英態8,4
C_1_9,C,1,9,eigo,英態8,4
C_1_10,C,1,10,eigo,英態8,4
C_1_11,C,1,11,eigo,英態8,4
C_1_12,C,1,12,eigo,英態8,3
D_1_13,D,1,13,eigo,英態8,4
D_1_14,D,1,14,eigo,英態8,4
D_1_15,D,1,15,eigo,英態8,4
D_1_16,D,1,16,eigo,英態8,4
D_1_17,D,1,17,eigo,英態8,3
D_1_18,D,1,18,eigo,英態8,4
D_1_19,D,1,19,eigo,英態8,2
D_1_20,D,1,20,eigo,英態8,4
D_1_21,D,1,21,eigo,英態8,2
D_1_22,D,1,22,eigo,英態8,4
D_1_23,D,1,23,eigo,英態8,3
D_1_24,D,1,24,eigo,英態8,3
D_1_25,D,1,25,eigo,英態8,2
D_1_26,D,1,26,eigo,英態8,4
D_1_27,D,1,27,eigo,英態8,4
D_1_28,D,1,28,eigo,英態8,4
D_1_29,D,1,29,eigo,英態8,3
D_1_30,D,1,30,eigo,英態8,4
D_2_1,D,2,1,eigo,英態8,4
D_2_2,D,2,2,eigo,英態8,3
D_2_3,D,2,3,eigo,英態8,4
D_2_4,D,2,4,eigo,英態8,3
D_2_5,D,2,5,eigo,英態8,3
D_2_6,D,2,6,eigo,英態8,4
D_2_7,D,2,7,eigo,英態8,4
D_2_8,D,2,8,eigo,英態8,2
D_2_9,D,2,9,eigo,英態8,4
D_2_10,D,2,10,eigo,英態8,3
D_2_11,D,2,11,eigo,英態8,4
D_2_12,D,2,12,eigo,英態8,4
D_2_13,D,2,13,eigo,英態8,4
D_2_14,D,2,14,eigo,英態8,4
D_2_15,D,2,15,eigo,英態8,4
D_2_16,D,2,16,eigo,英態8,4
D_2_17,D,2,17,eigo,英態8,3
D_2_18,D,2,18,eigo,英態8,4
D_2_19,D,2,19,eigo,英態8,3
D_2_20,D,2,20,eigo,英態8,2
D_2_21,D,2,21,eigo,英態8,3
D_2_22,D,2,22,eigo,英態8,4
D_2_23,D,2,23,eigo,英態8,4
D_2_24,D,2,24,eigo,英態8,2
D_2_25,D,2,25,eigo,英態8,2
D_2_26,D,2,26,eigo,英態8,4
D_2_27,D,2,27,eigo,英態8,2
D_2_28,D,2,28,eigo,英態8,3
D_2_29,D,2,29,eigo,英態8,3
D_2_30,D,2,30,eigo,英態8,3
A_1_1,A,1,1,eigo,英態9,3
A_1_2,A,1,2,eigo,英態9,3
A_1_3,A,1,3,eigo,英態9,4
A_1_4,A,1,4,eigo,英態9,4
A_1_5,A,1,5,eigo,英態9,3
A_1_6,A,1,6,eigo,英態9,4
A_1_7,A,1,7,eigo,英態9,2
A_1_8,A,1,8,eigo,英態9,3
A_1_9,A,1,9,eigo,英態9,4
A_1_10,A,1,10,eigo,英態9,3
A_1_11,A,1,11,eigo,英態9,4
A_1_12,A,1,12,eigo,英態9,3
A_1_13,A,1,13,eigo,英態9,1
A_1_14,A,1,14,eigo,英態9,4
A_1_15,A,1,15,eigo,英態9,3
A_1_16,A,1,16,eigo,英態9,4
A_1_17,A,1,17,eigo,英態9,4
A_1_18,A,1,18,eigo,英態9,4
A_1_19,A,1,19,eigo,英態9,4
A_1_20,A,1,20,eigo,英態9,4
A_1_21,A,1,21,eigo,英態9,4
A_1_22,A,1,22,eigo,英態9,4
A_1_23,A,1,23,eigo,英態9,3
A_1_24,A,1,24,eigo,英態9,4
A_1_25,A,1,25,eigo,英態9,4
A_1_26,A,1,26,eigo,英態9,4
A_1_27,A,1,27,eigo,英態9,4
A_1_28,A,1,28,eigo,英態9,4
A_1_29,A,1,29,eigo,英態9,4
A_1_30,A,1,30,eigo,英態9,3
A_2_1,A,2,1,eigo,英態9,4
A_2_2,A,2,2,eigo,英態9,3
A_2_3,A,2,3,eigo,英態9,4
A_2_4,A,2,4,eigo,英態9,4
A_2_5,A,2,5,eigo,英態9,4
A_2_6,A,2,6,eigo,英態9,3
A_2_7,A,2,7,eigo,英態9,4
A_2_8,A,2,8,eigo,英態9,4
A_2_9,A,2,9,eigo,英態9,2
A_2_10,A,2,10,eigo,英態9,4
A_2_11,A,2,11,eigo,英態9,4
A_2_12,A,2,12,eigo,英態9,3
A_2_13,A,2,13,eigo,英態9,4
A_2_14,A,2,14,eigo,英態9,3
A_2_15,A,2,15,eigo,英態9,4
A_2_16,A,2,16,eigo,英態9,4
A_2_17,A,2,17,eigo,英態9,3
A_2_18,A,2,18,eigo,英態9,4
A_2_19,A,2,19,eigo,英態9,3
A_2_20,A,2,20,eigo,英態9,4
A_2_21,A,2,21,eigo,英態9,4
A_2_22,A,2,22,eigo,英態9,3
A_2_23,A,2,23,eigo,英態9,4
A_2_24,A,2,24,eigo,英態9,1
A_2_25,A,2,25,eigo,英態9,2
A_2_26,A,2,26,eigo,英態9,4
A_2_27,A,2,27,eigo,英態9,4
A_2_28,A,2,28,eigo,英態9,4
A_2_29,A,2,29,eigo,英態9,4
A_2_30,A,2,30,eigo,英態9,4
B_1_1,B,1,1,eigo,英態9,1
B_1_2,B,1,2,eigo,英態9,2
B_1_3,B,1,3,eigo,英態9,3
B_1_4,B,1,4,eigo,英態9,4
B_1_5,B,1,5,eigo,英態9,4
B_1_6,B,1,6,eigo,英態9,3
B_1_7,B,1,7,eigo,英態9,3
B_1_8,B,1,8,eigo,英態9,3
B_1_9,B,1,9,eigo,英態9,3
B_1_10,B,1,10,eigo,英態9,4
B_1_11,B,1,11,eigo,英態9,3
B_1_12,B,1,12,eigo,英態9,4
B_1_13,B,1,13,eigo,英態9,4
B_1_14,B,1,14,eigo,英態9,4
B_1_15,B,1,15,eigo,英態9,3
B_1_16,B,1,16,eigo,英態9,3
B_1_17,B,1,17,eigo,英態9,4
B_1_18,B,1,18,eigo,英態9,4
B_1_19,B,1,19,eigo,英態9,4
B_1_20,B,1,20,eigo,英態9,3
B_1_21,B,1,21,eigo,英態9,3
B_1_22,B,1,22,eigo,英態9,3
B_1_23,B,1,23,eigo,英態9,3
B_1_24,B,1,24,eigo,英態9,4
B_1_25,B,1,25,eigo,英態9,2
B_1_26,B,1,26,eigo,英態9,3
B_1_27,B,1,27,eigo,英態9,3
B_1_28,B,1,28,eigo,英態9,4
B_1_29,B,1,29,eigo,英態9,4
B_1_30,B,1,30,eigo,英態9,4
B_2_1,B,2,1,eigo,英態9,4
B_2_2,B,2,2,eigo,英態9,3
B_2_3,B,2,3,eigo,英態9,4
B_2_4,B,2,4,eigo,英態9,3
B_2_5,B,2,5,eigo,英態9,4
B_2_6,B,2,6,eigo,英態9,4
B_2_7,B,2,7,eigo,英態9,4
B_2_8,B,2,8,eigo,英態9,3
B_2_9,B,2,9,eigo,英態9,4
B_2_10,B,2,10,eigo,英態9,4
B_2_11,B,2,11,eigo,英態9,3
B_2_12,B,2,12,eigo,英態9,4
B_2_13,B,2,13,eigo,英態9,4
B_2_14,B,2,14,eigo,英態9,4
B_2_15,B,2,15,eigo,英態9,4
B_2_16,B,2,16,eigo,英態9,3
B_2_17,B,2,17,eigo,英態9,4
B_2_18,B,2,18,eigo,英態9,4
B_2_19,B,2,19,eigo,英態9,3
B_2_20,B,2,20,eigo,英態9,4
B_2_21,B,2,21,eigo,英態9,4
B_2_22,B,2,22,eigo,英態9,3
B_2_23,B,2,23,eigo,英態9,4
B_2_24,B,2,24,eigo,英態9,3
B_2_25,B,2,25,eigo,英態9,4
B_2_26,B,2,26,eigo,英態9,4
B_2_27,B,2,27,eigo,英態9,4
B_2_28,B,2,28,eigo,英態9,4
B_2_29,B,2,29,eigo,英態9,4
B_2_30,B,2,30,eigo,英態9,2
C_1_1,C,1,1,eigo,英態9,2
C_1_2,C,1,2,eigo,英態9,4
C_1_3,C,1,3,eigo,英態9,3
C_1_4,C,1,4,eigo,英態9,4
C_1_5,C,1,5,eigo,英態9,2
C_1_6,C,1,6,eigo,英態9,4
C_1_7,C,1,7,eigo,英態9,4
C_1_8,C,1,8,eigo,英態9,2
C_1_9,C,1,9,eigo,英態9,2
C_1_10,C,1,10,eigo,英態9,2
C_1_11,C,1,11,eigo,英態9,4
C_1_12,C,1,12,eigo,英態9,3
C_1_13,C,1,13,eigo,英態9,4
C_1_14,C,1,14,eigo,英態9,2
C_1_15,C,1,15,eigo,英態9,4
C_1_16,C,1,16,eigo,英態9,3
C_1_17,C,1,17,eigo,英態9,4
C_1_18,C,1,18,eigo,英態9,4
C_1_19,C,1,19,eigo,英態9,2
C_1_20,C,1,20,eigo,英態9,0
C_1_21,C,1,21,eigo,英態9,3
C_1_22,C,1,22,eigo,英態9,4
C_1_23,C,1,23,eigo,英態9,3
C_1_24,C,1,24,eigo,英態9,4
C_1_25,C,1,25,eigo,英態9,1
C_1_26,C,1,26,eigo,英態9,2
C_1_27,C,1,27,eigo,英態9,1
C_1_28,C,1,28,eigo,英態9,3
C_1_29,C,1,29,eigo,英態9,3
C_1_30,C,1,30,eigo,英態9,4
C_2_1,C,2,1,eigo,英態9,1
C_2_3,C,2,3,eigo,英態9,3
C_2_4,C,2,4,eigo,英態9,4
C_2_5,C,2,5,eigo,英態9,4
C_2_6,C,2,6,eigo,英態9,4
C_2_7,C,2,7,eigo,英態9,3
C_2_8,C,2,8,eigo,英態9,2
C_2_10,C,2,10,eigo,英態9,3
C_2_11,C,2,11,eigo,英態9,4
C_2_12,C,2,12,eigo,英態9,3
C_2_13,C,2,13,eigo,英態9,4
C_2_14,C,2,14,eigo,英態9,4
C_2_15,C,2,15,eigo,英態9,4
C_2_16,C,2,16,eigo,英態9,3
C_2_17,C,2,17,eigo,英態9,4
C_2_18,C,2,18,eigo,英態9,4
C_2_19,C,2,19,eigo,英態9,3
C_2_20,C,2,20,eigo,英態9,4
C_2_21,C,2,21,eigo,英態9,3
C_2_22,C,2,22,eigo,英態9,2
C_2_23,C,2,23,eigo,英態9,3
C_2_24,C,2,24,eigo,英態9,3
C_2_25,C,2,25,eigo,英態9,4
C_2_26,C,2,26,eigo,英態9,3
C_2_27,C,2,27,eigo,英態9,3
C_2_29,C,2,29,eigo,英態9,4
C_2_30,C,2,30,eigo,英態9,4
C_1_1,C,1,1,eigo,英態9,3
C_1_2,C,1,2,eigo,英態9,4
C_1_3,C,1,3,eigo,英態9,4
C_1_4,C,1,4,eigo,英態9,4
C_1_5,C,1,5,eigo,英態9,4
C_1_6,C,1,6,eigo,英態9,3
C_1_7,C,1,7,eigo,英態9,4
C_1_8,C,1,8,eigo,英態9,4
C_1_9,C,1,9,eigo,英態9,4
C_1_10,C,1,10,eigo,英態9,3
C_1_11,C,1,11,eigo,英態9,4
C_1_12,C,1,12,eigo,英態9,2
D_1_13,D,1,13,eigo,英態9,3
D_1_14,D,1,14,eigo,英態9,4
D_1_15,D,1,15,eigo,英態9,4
D_1_16,D,1,16,eigo,英態9,3
D_1_17,D,1,17,eigo,英態9,2
D_1_18,D,1,18,eigo,英態9,4
D_1_19,D,1,19,eigo,英態9,3
D_1_20,D,1,20,eigo,英態9,3
D_1_21,D,1,21,eigo,英態9,2
D_1_22,D,1,22,eigo,英態9,4
D_1_23,D,1,23,eigo,英態9,3
D_1_24,D,1,24,eigo,英態9,2
D_1_25,D,1,25,eigo,英態9,2
D_1_26,D,1,26,eigo,英態9,4
D_1_27,D,1,27,eigo,英態9,4
D_1_28,D,1,28,eigo,英態9,4
D_1_29,D,1,29,eigo,英態9,3
D_1_30,D,1,30,eigo,英態9,4
D_2_1,D,2,1,eigo,英態9,3
D_2_2,D,2,2,eigo,英態9,3
D_2_3,D,2,3,eigo,英態9,3
D_2_4,D,2,4,eigo,英態9,3
D_2_5,D,2,5,eigo,英態9,3
D_2_6,D,2,6,eigo,英態9,2
D_2_7,D,2,7,eigo,英態9,4
D_2_8,D,2,8,eigo,英態9,2
D_2_9,D,2,9,eigo,英態9,4
D_2_10,D,2,10,eigo,英態9,4
D_2_11,D,2,11,eigo,英態9,3
D_2_12,D,2,12,eigo,英態9,4
D_2_13,D,2,13,eigo,英態9,3
D_2_14,D,2,14,eigo,英態9,4
D_2_15,D,2,15,eigo,英態9,3
D_2_16,D,2,16,eigo,英態9,1
D_2_17,D,2,17,eigo,英態9,3
D_2_18,D,2,18,eigo,英態9,4
D_2_19,D,2,19,eigo,英態9,3
D_2_20,D,2,20,eigo,英態9,3
D_2_21,D,2,21,eigo,英態9,3
D_2_22,D,2,22,eigo,英態9,4
D_2_23,D,2,23,eigo,英態9,3
D_2_24,D,2,24,eigo,英態9,2
D_2_25,D,2,25,eigo,英態9,2
D_2_26,D,2,26,eigo,英態9,4
D_2_27,D,2,27,eigo,英態9,3
D_2_28,D,2,28,eigo,英態9,3
D_2_29,D,2,29,eigo,英態9,3
D_2_30,D,2,30,eigo,英態9,4
A_1_1,A,1,1,eigo,英態10,3
A_1_2,A,1,2,eigo,英態10,3
A_1_3,A,1,3,eigo,英態10,3
A_1_4,A,1,4,eigo,英態10,4
A_1_5,A,1,5,eigo,英態10,3
A_1_6,A,1,6,eigo,英態10,4
A_1_7,A,1,7,eigo,英態10,3
A_1_8,A,1,8,eigo,英態10,4
A_1_9,A,1,9,eigo,英態10,4
A_1_10,A,1,10,eigo,英態10,3
A_1_11,A,1,11,eigo,英態10,4
A_1_12,A,1,12,eigo,英態10,4
A_1_13,A,1,13,eigo,英態10,2
A_1_14,A,1,14,eigo,英態10,3
A_1_15,A,1,15,eigo,英態10,3
A_1_16,A,1,16,eigo,英態10,4
A_1_17,A,1,17,eigo,英態10,4
A_1_18,A,1,18,eigo,英態10,4
A_1_19,A,1,19,eigo,英態10,4
A_1_20,A,1,20,eigo,英態10,4
A_1_21,A,1,21,eigo,英態10,4
A_1_22,A,1,22,eigo,英態10,3
A_1_23,A,1,23,eigo,英態10,4
A_1_24,A,1,24,eigo,英態10,4
A_1_25,A,1,25,eigo,英態10,4
A_1_26,A,1,26,eigo,英態10,4
A_1_27,A,1,27,eigo,英態10,4
A_1_28,A,1,28,eigo,英態10,4
A_1_29,A,1,29,eigo,英態10,3
A_1_30,A,1,30,eigo,英態10,3
A_2_1,A,2,1,eigo,英態10,4
A_2_2,A,2,2,eigo,英態10,3
A_2_3,A,2,3,eigo,英態10,4
A_2_4,A,2,4,eigo,英態10,3
A_2_5,A,2,5,eigo,英態10,3
A_2_6,A,2,6,eigo,英態10,3
A_2_7,A,2,7,eigo,英態10,4
A_2_8,A,2,8,eigo,英態10,4
A_2_9,A,2,9,eigo,英態10,3
A_2_10,A,2,10,eigo,英態10,4
A_2_11,A,2,11,eigo,英態10,4
A_2_12,A,2,12,eigo,英態10,3
A_2_13,A,2,13,eigo,英態10,4
A_2_14,A,2,14,eigo,英態10,3
A_2_15,A,2,15,eigo,英態10,4
A_2_16,A,2,16,eigo,英態10,4
A_2_17,A,2,17,eigo,英態10,3
A_2_18,A,2,18,eigo,英態10,4
A_2_19,A,2,19,eigo,英態10,3
A_2_20,A,2,20,eigo,英態10,4
A_2_21,A,2,21,eigo,英態10,4
A_2_22,A,2,22,eigo,英態10,2
A_2_23,A,2,23,eigo,英態10,4
A_2_24,A,2,24,eigo,英態10,1
A_2_25,A,2,25,eigo,英態10,2
A_2_26,A,2,26,eigo,英態10,4
A_2_27,A,2,27,eigo,英態10,3
A_2_28,A,2,28,eigo,英態10,4
A_2_29,A,2,29,eigo,英態10,4
A_2_30,A,2,30,eigo,英態10,4
B_1_1,B,1,1,eigo,英態10,1
B_1_2,B,1,2,eigo,英態10,1
B_1_3,B,1,3,eigo,英態10,3
B_1_4,B,1,4,eigo,英態10,4
B_1_5,B,1,5,eigo,英態10,4
B_1_6,B,1,6,eigo,英態10,4
B_1_7,B,1,7,eigo,英態10,2
B_1_8,B,1,8,eigo,英態10,3
B_1_9,B,1,9,eigo,英態10,3
B_1_10,B,1,10,eigo,英態10,4
B_1_11,B,1,11,eigo,英態10,3
B_1_12,B,1,12,eigo,英態10,2
B_1_13,B,1,13,eigo,英態10,2
B_1_14,B,1,14,eigo,英態10,3
B_1_15,B,1,15,eigo,英態10,3
B_1_16,B,1,16,eigo,英態10,3
B_1_17,B,1,17,eigo,英態10,4
B_1_18,B,1,18,eigo,英態10,4
B_1_19,B,1,19,eigo,英態10,4
B_1_20,B,1,20,eigo,英態10,2
B_1_21,B,1,21,eigo,英態10,2
B_1_22,B,1,22,eigo,英態10,4
B_1_23,B,1,23,eigo,英態10,3
B_1_24,B,1,24,eigo,英態10,4
B_1_25,B,1,25,eigo,英態10,2
B_1_26,B,1,26,eigo,英態10,2
B_1_27,B,1,27,eigo,英態10,3
B_1_28,B,1,28,eigo,英態10,4
B_1_29,B,1,29,eigo,英態10,4
B_1_30,B,1,30,eigo,英態10,4
B_2_1,B,2,1,eigo,英態10,4
B_2_2,B,2,2,eigo,英態10,4
B_2_3,B,2,3,eigo,英態10,4
B_2_4,B,2,4,eigo,英態10,3
B_2_5,B,2,5,eigo,英態10,4
B_2_6,B,2,6,eigo,英態10,4
B_2_7,B,2,7,eigo,英態10,4
B_2_8,B,2,8,eigo,英態10,3
B_2_9,B,2,9,eigo,英態10,4
B_2_10,B,2,10,eigo,英態10,4
B_2_11,B,2,11,eigo,英態10,3
B_2_12,B,2,12,eigo,英態10,4
B_2_13,B,2,13,eigo,英態10,4
B_2_14,B,2,14,eigo,英態10,4
B_2_15,B,2,15,eigo,英態10,3
B_2_16,B,2,16,eigo,英態10,4
B_2_17,B,2,17,eigo,英態10,4
B_2_18,B,2,18,eigo,英態10,4
B_2_19,B,2,19,eigo,英態10,3
B_2_20,B,2,20,eigo,英態10,4
B_2_21,B,2,21,eigo,英態10,4
B_2_22,B,2,22,eigo,英態10,4
B_2_23,B,2,23,eigo,英態10,4
B_2_24,B,2,24,eigo,英態10,4
B_2_25,B,2,25,eigo,英態10,4
B_2_26,B,2,26,eigo,英態10,4
B_2_27,B,2,27,eigo,英態10,4
B_2_28,B,2,28,eigo,英態10,4
B_2_29,B,2,29,eigo,英態10,4
B_2_30,B,2,30,eigo,英態10,2
C_1_1,C,1,1,eigo,英態10,2
C_1_2,C,1,2,eigo,英態10,3
C_1_3,C,1,3,eigo,英態10,4
C_1_4,C,1,4,eigo,英態10,4
C_1_5,C,1,5,eigo,英態10,2
C_1_6,C,1,6,eigo,英態10,4
C_1_7,C,1,7,eigo,英態10,4
C_1_8,C,1,8,eigo,英態10,2
C_1_9,C,1,9,eigo,英態10,3
C_1_10,C,1,10,eigo,英態10,2
C_1_11,C,1,11,eigo,英態10,4
C_1_12,C,1,12,eigo,英態10,4
C_1_13,C,1,13,eigo,英態10,3
C_1_14,C,1,14,eigo,英態10,2
C_1_15,C,1,15,eigo,英態10,4
C_1_16,C,1,16,eigo,英態10,3
C_1_17,C,1,17,eigo,英態10,4
C_1_18,C,1,18,eigo,英態10,4
C_1_19,C,1,19,eigo,英態10,2
C_1_20,C,1,20,eigo,英態10,0
C_1_21,C,1,21,eigo,英態10,3
C_1_22,C,1,22,eigo,英態10,2
C_1_23,C,1,23,eigo,英態10,2
C_1_24,C,1,24,eigo,英態10,3
C_1_25,C,1,25,eigo,英態10,2
C_1_26,C,1,26,eigo,英態10,3
C_1_27,C,1,27,eigo,英態10,1
C_1_28,C,1,28,eigo,英態10,3
C_1_29,C,1,29,eigo,英態10,3
C_1_30,C,1,30,eigo,英態10,1
C_2_1,C,2,1,eigo,英態10,1
C_2_3,C,2,3,eigo,英態10,2
C_2_4,C,2,4,eigo,英態10,4
C_2_5,C,2,5,eigo,英態10,3
C_2_6,C,2,6,eigo,英態10,4
C_2_7,C,2,7,eigo,英態10,3
C_2_8,C,2,8,eigo,英態10,2
C_2_10,C,2,10,eigo,英態10,4
C_2_11,C,2,11,eigo,英態10,2
C_2_12,C,2,12,eigo,英態10,3
C_2_13,C,2,13,eigo,英態10,3
C_2_14,C,2,14,eigo,英態10,4
C_2_15,C,2,15,eigo,英態10,3
C_2_16,C,2,16,eigo,英態10,3
C_2_17,C,2,17,eigo,英態10,4
C_2_18,C,2,18,eigo,英態10,4
C_2_19,C,2,19,eigo,英態10,2
C_2_20,C,2,20,eigo,英態10,4
C_2_21,C,2,21,eigo,英態10,2
C_2_22,C,2,22,eigo,英態10,2
C_2_23,C,2,23,eigo,英態10,2
C_2_24,C,2,24,eigo,英態10,3
C_2_25,C,2,25,eigo,英態10,3
C_2_26,C,2,26,eigo,英態10,3
C_2_27,C,2,27,eigo,英態10,3
C_2_29,C,2,29,eigo,英態10,4
C_2_30,C,2,30,eigo,英態10,4
C_1_1,C,1,1,eigo,英態10,3
C_1_2,C,1,2,eigo,英態10,4
C_1_3,C,1,3,eigo,英態10,4
C_1_4,C,1,4,eigo,英態10,3
C_1_5,C,1,5,eigo,英態10,3
C_1_6,C,1,6,eigo,英態10,3
C_1_7,C,1,7,eigo,英態10,4
C_1_8,C,1,8,eigo,英態10,4
C_1_9,C,1,9,eigo,英態10,4
C_1_10,C,1,10,eigo,英態10,3
C_1_11,C,1,11,eigo,英態10,4
C_1_12,C,1,12,eigo,英態10,2
D_1_13,D,1,13,eigo,英態10,3
D_1_14,D,1,14,eigo,英態10,4
D_1_15,D,1,15,eigo,英態10,4
D_1_16,D,1,16,eigo,英態10,4
D_1_17,D,1,17,eigo,英態10,2
D_1_18,D,1,18,eigo,英態10,4
D_1_19,D,1,19,eigo,英態10,2
D_1_20,D,1,20,eigo,英態10,2
D_1_21,D,1,21,eigo,英態10,2
D_1_22,D,1,22,eigo,英態10,4
D_1_23,D,1,23,eigo,英態10,3
D_1_24,D,1,24,eigo,英態10,2
D_1_25,D,1,25,eigo,英態10,2
D_1_26,D,1,26,eigo,英態10,2
D_1_27,D,1,27,eigo,英態10,4
D_1_28,D,1,28,eigo,英態10,4
D_1_29,D,1,29,eigo,英態10,2
D_1_30,D,1,30,eigo,英態10,4
D_2_1,D,2,1,eigo,英態10,3
D_2_2,D,2,2,eigo,英態10,2
D_2_3,D,2,3,eigo,英態10,3
D_2_4,D,2,4,eigo,英態10,3
D_2_5,D,2,5,eigo,英態10,2
D_2_6,D,2,6,eigo,英態10,3
D_2_7,D,2,7,eigo,英態10,4
D_2_8,D,2,8,eigo,英態10,2
D_2_9,D,2,9,eigo,英態10,4
D_2_10,D,2,10,eigo,英態10,2
D_2_11,D,2,11,eigo,英態10,3
D_2_12,D,2,12,eigo,英態10,3
D_2_13,D,2,13,eigo,英態10,3
D_2_14,D,2,14,eigo,英態10,3
D_2_15,D,2,15,eigo,英態10,3
D_2_16,D,2,16,eigo,英態10,4
D_2_17,D,2,17,eigo,英態10,2
D_2_18,D,2,18,eigo,英態10,4
D_2_19,D,2,19,eigo,英態10,2
D_2_20,D,2,20,eigo,英態10,3
D_2_21,D,2,21,eigo,英態10,3
D_2_22,D,2,22,eigo,英態10,4
D_2_23,D,2,23,eigo,英態10,4
D_2_24,D,2,24,eigo,英態10,2
D_2_25,D,2,25,eigo,英態10,1
D_2_26,D,2,26,eigo,英態10,4
D_2_27,D,2,27,eigo,英態10,3
D_2_28,D,2,28,eigo,英態10,3
D_2_29,D,2,29,eigo,英態10,2
D_2_30,D,2,30,eigo,英態10,3
A_1_1,A,1,1,eigo,英態11,4
A_1_2,A,1,2,eigo,英態11,3
A_1_3,A,1,3,eigo,英態11,4
A_1_4,A,1,4,eigo,英態11,4
A_1_5,A,1,5,eigo,英態11,4
A_1_6,A,1,6,eigo,英態11,4
A_1_7,A,1,7,eigo,英態11,3
A_1_8,A,1,8,eigo,英態11,4
A_1_9,A,1,9,eigo,英態11,4
A_1_10,A,1,10,eigo,英態11,3
A_1_11,A,1,11,eigo,英態11,4
A_1_12,A,1,12,eigo,英態11,4
A_1_13,A,1,13,eigo,英態11,2
A_1_14,A,1,14,eigo,英態11,4
A_1_15,A,1,15,eigo,英態11,3
A_1_16,A,1,16,eigo,英態11,4
A_1_17,A,1,17,eigo,英態11,4
A_1_18,A,1,18,eigo,英態11,4
A_1_19,A,1,19,eigo,英態11,4
A_1_20,A,1,20,eigo,英態11,3
A_1_21,A,1,21,eigo,英態11,4
A_1_22,A,1,22,eigo,英態11,3
A_1_23,A,1,23,eigo,英態11,4
A_1_24,A,1,24,eigo,英態11,4
A_1_25,A,1,25,eigo,英態11,3
A_1_26,A,1,26,eigo,英態11,4
A_1_27,A,1,27,eigo,英態11,4
A_1_28,A,1,28,eigo,英態11,4
A_1_29,A,1,29,eigo,英態11,4
A_1_30,A,1,30,eigo,英態11,3
A_2_1,A,2,1,eigo,英態11,4
A_2_2,A,2,2,eigo,英態11,3
A_2_3,A,2,3,eigo,英態11,4
A_2_4,A,2,4,eigo,英態11,3
A_2_5,A,2,5,eigo,英態11,4
A_2_6,A,2,6,eigo,英態11,4
A_2_7,A,2,7,eigo,英態11,4
A_2_8,A,2,8,eigo,英態11,4
A_2_9,A,2,9,eigo,英態11,4
A_2_10,A,2,10,eigo,英態11,4
A_2_11,A,2,11,eigo,英態11,4
A_2_12,A,2,12,eigo,英態11,3
A_2_13,A,2,13,eigo,英態11,4
A_2_14,A,2,14,eigo,英態11,3
A_2_15,A,2,15,eigo,英態11,4
A_2_16,A,2,16,eigo,英態11,4
A_2_17,A,2,17,eigo,英態11,3
A_2_18,A,2,18,eigo,英態11,4
A_2_19,A,2,19,eigo,英態11,3
A_2_20,A,2,20,eigo,英態11,3
A_2_21,A,2,21,eigo,英態11,4
A_2_22,A,2,22,eigo,英態11,3
A_2_23,A,2,23,eigo,英態11,4
A_2_24,A,2,24,eigo,英態11,1
A_2_25,A,2,25,eigo,英態11,3
A_2_26,A,2,26,eigo,英態11,4
A_2_27,A,2,27,eigo,英態11,3
A_2_28,A,2,28,eigo,英態11,4
A_2_29,A,2,29,eigo,英態11,4
A_2_30,A,2,30,eigo,英態11,4
B_1_1,B,1,1,eigo,英態11,3
B_1_2,B,1,2,eigo,英態11,1
B_1_3,B,1,3,eigo,英態11,3
B_1_4,B,1,4,eigo,英態11,4
B_1_5,B,1,5,eigo,英態11,3
B_1_6,B,1,6,eigo,英態11,3
B_1_7,B,1,7,eigo,英態11,2
B_1_8,B,1,8,eigo,英態11,4
B_1_9,B,1,9,eigo,英態11,3
B_1_10,B,1,10,eigo,英態11,4
B_1_11,B,1,11,eigo,英態11,3
B_1_12,B,1,12,eigo,英態11,3
B_1_13,B,1,13,eigo,英態11,3
B_1_14,B,1,14,eigo,英態11,3
B_1_15,B,1,15,eigo,英態11,3
B_1_16,B,1,16,eigo,英態11,4
B_1_17,B,1,17,eigo,英態11,4
B_1_18,B,1,18,eigo,英態11,4
B_1_19,B,1,19,eigo,英態11,4
B_1_20,B,1,20,eigo,英態11,2
B_1_21,B,1,21,eigo,英態11,2
B_1_22,B,1,22,eigo,英態11,4
B_1_23,B,1,23,eigo,英態11,3
B_1_24,B,1,24,eigo,英態11,4
B_1_25,B,1,25,eigo,英態11,3
B_1_26,B,1,26,eigo,英態11,3
B_1_27,B,1,27,eigo,英態11,4
B_1_28,B,1,28,eigo,英態11,4
B_1_29,B,1,29,eigo,英態11,4
B_1_30,B,1,30,eigo,英態11,4
B_2_1,B,2,1,eigo,英態11,4
B_2_2,B,2,2,eigo,英態11,4
B_2_3,B,2,3,eigo,英態11,4
B_2_4,B,2,4,eigo,英態11,4
B_2_5,B,2,5,eigo,英態11,4
B_2_6,B,2,6,eigo,英態11,4
B_2_7,B,2,7,eigo,英態11,4
B_2_8,B,2,8,eigo,英態11,3
B_2_9,B,2,9,eigo,英態11,4
B_2_10,B,2,10,eigo,英態11,4
B_2_11,B,2,11,eigo,英態11,3
B_2_12,B,2,12,eigo,英態11,4
B_2_13,B,2,13,eigo,英態11,4
B_2_14,B,2,14,eigo,英態11,3
B_2_15,B,2,15,eigo,英態11,4
B_2_16,B,2,16,eigo,英態11,4
B_2_17,B,2,17,eigo,英態11,4
B_2_18,B,2,18,eigo,英態11,4
B_2_19,B,2,19,eigo,英態11,2
B_2_20,B,2,20,eigo,英態11,4
B_2_21,B,2,21,eigo,英態11,3
B_2_22,B,2,22,eigo,英態11,4
B_2_23,B,2,23,eigo,英態11,4
B_2_24,B,2,24,eigo,英態11,4
B_2_25,B,2,25,eigo,英態11,4
B_2_26,B,2,26,eigo,英態11,4
B_2_27,B,2,27,eigo,英態11,4
B_2_28,B,2,28,eigo,英態11,4
B_2_29,B,2,29,eigo,英態11,4
B_2_30,B,2,30,eigo,英態11,3
C_1_1,C,1,1,eigo,英態11,2
C_1_2,C,1,2,eigo,英態11,3
C_1_3,C,1,3,eigo,英態11,4
C_1_4,C,1,4,eigo,英態11,4
C_1_5,C,1,5,eigo,英態11,3
C_1_6,C,1,6,eigo,英態11,4
C_1_7,C,1,7,eigo,英態11,4
C_1_8,C,1,8,eigo,英態11,2
C_1_9,C,1,9,eigo,英態11,1
C_1_10,C,1,10,eigo,英態11,4
C_1_11,C,1,11,eigo,英態11,4
C_1_12,C,1,12,eigo,英態11,3
C_1_13,C,1,13,eigo,英態11,4
C_1_14,C,1,14,eigo,英態11,2
C_1_15,C,1,15,eigo,英態11,4
C_1_16,C,1,16,eigo,英態11,3
C_1_17,C,1,17,eigo,英態11,3
C_1_18,C,1,18,eigo,英態11,4
C_1_19,C,1,19,eigo,英態11,2
C_1_20,C,1,20,eigo,英態11,0
C_1_21,C,1,21,eigo,英態11,3
C_1_22,C,1,22,eigo,英態11,3
C_1_23,C,1,23,eigo,英態11,3
C_1_24,C,1,24,eigo,英態11,4
C_1_25,C,1,25,eigo,英態11,2
C_1_26,C,1,26,eigo,英態11,2
C_1_27,C,1,27,eigo,英態11,1
C_1_28,C,1,28,eigo,英態11,3
C_1_29,C,1,29,eigo,英態11,3
C_1_30,C,1,30,eigo,英態11,3
C_2_1,C,2,1,eigo,英態11,1
C_2_3,C,2,3,eigo,英態11,2
C_2_4,C,2,4,eigo,英態11,4
C_2_5,C,2,5,eigo,英態11,3
C_2_6,C,2,6,eigo,英態11,4
C_2_7,C,2,7,eigo,英態11,3
C_2_8,C,2,8,eigo,英態11,4
C_2_10,C,2,10,eigo,英態11,3
C_2_11,C,2,11,eigo,英態11,3
C_2_12,C,2,12,eigo,英態11,3
C_2_13,C,2,13,eigo,英態11,3
C_2_14,C,2,14,eigo,英態11,4
C_2_15,C,2,15,eigo,英態11,4
C_2_16,C,2,16,eigo,英態11,3
C_2_17,C,2,17,eigo,英態11,3
C_2_18,C,2,18,eigo,英態11,4
C_2_19,C,2,19,eigo,英態11,2
C_2_20,C,2,20,eigo,英態11,4
C_2_21,C,2,21,eigo,英態11,4
C_2_22,C,2,22,eigo,英態11,3
C_2_23,C,2,23,eigo,英態11,3
C_2_24,C,2,24,eigo,英態11,3
C_2_25,C,2,25,eigo,英態11,4
C_2_26,C,2,26,eigo,英態11,3
C_2_27,C,2,27,eigo,英態11,3
C_2_29,C,2,29,eigo,英態11,4
C_2_30,C,2,30,eigo,英態11,4
C_1_1,C,1,1,eigo,英態11,3
C_1_2,C,1,2,eigo,英態11,4
C_1_3,C,1,3,eigo,英態11,4
C_1_4,C,1,4,eigo,英態11,2
C_1_5,C,1,5,eigo,英態11,4
C_1_6,C,1,6,eigo,英態11,3
C_1_7,C,1,7,eigo,英態11,3
C_1_8,C,1,8,eigo,英態11,4
C_1_9,C,1,9,eigo,英態11,4
C_1_10,C,1,10,eigo,英態11,3
C_1_11,C,1,11,eigo,英態11,3
C_1_12,C,1,12,eigo,英態11,2
D_1_13,D,1,13,eigo,英態11,3
D_1_14,D,1,14,eigo,英態11,3
D_1_15,D,1,15,eigo,英態11,4
D_1_16,D,1,16,eigo,英態11,3
D_1_17,D,1,17,eigo,英態11,3
D_1_18,D,1,18,eigo,英態11,4
D_1_19,D,1,19,eigo,英態11,2
D_1_20,D,1,20,eigo,英態11,2
D_1_21,D,1,21,eigo,英態11,2
D_1_22,D,1,22,eigo,英態11,4
D_1_23,D,1,23,eigo,英態11,3
D_1_24,D,1,24,eigo,英態11,2
D_1_25,D,1,25,eigo,英態11,2
D_1_26,D,1,26,eigo,英態11,4
D_1_27,D,1,27,eigo,英態11,4
D_1_28,D,1,28,eigo,英態11,4
D_1_29,D,1,29,eigo,英態11,3
D_1_30,D,1,30,eigo,英態11,4
D_2_1,D,2,1,eigo,英態11,3
D_2_2,D,2,2,eigo,英態11,3
D_2_3,D,2,3,eigo,英態11,3
D_2_4,D,2,4,eigo,英態11,2
D_2_5,D,2,5,eigo,英態11,2
D_2_6,D,2,6,eigo,英態11,4
D_2_7,D,2,7,eigo,英態11,4
D_2_8,D,2,8,eigo,英態11,0
D_2_9,D,2,9,eigo,英態11,4
D_2_10,D,2,10,eigo,英態11,3
D_2_11,D,2,11,eigo,英態11,4
D_2_12,D,2,12,eigo,英態11,3
D_2_13,D,2,13,eigo,英態11,3
D_2_14,D,2,14,eigo,英態11,4
D_2_15,D,2,15,eigo,英態11,3
D_2_16,D,2,16,eigo,英態11,4
D_2_17,D,2,17,eigo,英態11,3
D_2_18,D,2,18,eigo,英態11,4
D_2_19,D,2,19,eigo,英態11,2
D_2_20,D,2,20,eigo,英態11,4
D_2_21,D,2,21,eigo,英態11,2
D_2_22,D,2,22,eigo,英態11,4
D_2_23,D,2,23,eigo,英態11,3
D_2_24,D,2,24,eigo,英態11,2
D_2_25,D,2,25,eigo,英態11,2
D_2_26,D,2,26,eigo,英態11,4
D_2_27,D,2,27,eigo,英態11,3
D_2_28,D,2,28,eigo,英態11,4
D_2_29,D,2,29,eigo,英態11,2
D_2_30,D,2,30,eigo,英態11,4
A_1_1,A,1,1,eigo,英態12,4
A_1_2,A,1,2,eigo,英態12,3
A_1_3,A,1,3,eigo,英態12,4
A_1_4,A,1,4,eigo,英態12,4
A_1_5,A,1,5,eigo,英態12,4
A_1_6,A,1,6,eigo,英態12,4
A_1_7,A,1,7,eigo,英態12,3
A_1_8,A,1,8,eigo,英態12,3
A_1_9,A,1,9,eigo,英態12,4
A_1_10,A,1,10,eigo,英態12,3
A_1_11,A,1,11,eigo,英態12,4
A_1_12,A,1,12,eigo,英態12,3
A_1_13,A,1,13,eigo,英態12,1
A_1_14,A,1,14,eigo,英態12,4
A_1_15,A,1,15,eigo,英態12,4
A_1_16,A,1,16,eigo,英態12,4
A_1_17,A,1,17,eigo,英態12,4
A_1_18,A,1,18,eigo,英態12,4
A_1_19,A,1,19,eigo,英態12,4
A_1_20,A,1,20,eigo,英態12,4
A_1_21,A,1,21,eigo,英態12,4
A_1_22,A,1,22,eigo,英態12,4
A_1_23,A,1,23,eigo,英態12,4
A_1_24,A,1,24,eigo,英態12,4
A_1_25,A,1,25,eigo,英態12,4
A_1_26,A,1,26,eigo,英態12,4
A_1_27,A,1,27,eigo,英態12,4
A_1_28,A,1,28,eigo,英態12,4
A_1_29,A,1,29,eigo,英態12,4
A_1_30,A,1,30,eigo,英態12,3
A_2_1,A,2,1,eigo,英態12,4
A_2_2,A,2,2,eigo,英態12,3
A_2_3,A,2,3,eigo,英態12,4
A_2_4,A,2,4,eigo,英態12,4
A_2_5,A,2,5,eigo,英態12,4
A_2_6,A,2,6,eigo,英態12,3
A_2_7,A,2,7,eigo,英態12,4
A_2_8,A,2,8,eigo,英態12,4
A_2_9,A,2,9,eigo,英態12,3
A_2_10,A,2,10,eigo,英態12,4
A_2_11,A,2,11,eigo,英態12,4
A_2_12,A,2,12,eigo,英態12,3
A_2_13,A,2,13,eigo,英態12,4
A_2_14,A,2,14,eigo,英態12,4
A_2_15,A,2,15,eigo,英態12,4
A_2_16,A,2,16,eigo,英態12,4
A_2_17,A,2,17,eigo,英態12,4
A_2_18,A,2,18,eigo,英態12,4
A_2_19,A,2,19,eigo,英態12,3
A_2_20,A,2,20,eigo,英態12,4
A_2_21,A,2,21,eigo,英態12,4
A_2_22,A,2,22,eigo,英態12,1
A_2_23,A,2,23,eigo,英態12,4
A_2_24,A,2,24,eigo,英態12,1
A_2_25,A,2,25,eigo,英態12,3
A_2_26,A,2,26,eigo,英態12,4
A_2_27,A,2,27,eigo,英態12,4
A_2_28,A,2,28,eigo,英態12,4
A_2_29,A,2,29,eigo,英態12,4
A_2_30,A,2,30,eigo,英態12,4
B_1_1,B,1,1,eigo,英態12,2
B_1_2,B,1,2,eigo,英態12,2
B_1_3,B,1,3,eigo,英態12,3
B_1_4,B,1,4,eigo,英態12,4
B_1_5,B,1,5,eigo,英態12,4
B_1_6,B,1,6,eigo,英態12,2
B_1_7,B,1,7,eigo,英態12,2
B_1_8,B,1,8,eigo,英態12,4
B_1_9,B,1,9,eigo,英態12,3
B_1_10,B,1,10,eigo,英態12,4
B_1_11,B,1,11,eigo,英態12,3
B_1_12,B,1,12,eigo,英態12,3
B_1_13,B,1,13,eigo,英態12,3
B_1_14,B,1,14,eigo,英態12,3
B_1_15,B,1,15,eigo,英態12,3
B_1_16,B,1,16,eigo,英態12,4
B_1_17,B,1,17,eigo,英態12,4
B_1_18,B,1,18,eigo,英態12,4
B_1_19,B,1,19,eigo,英態12,4
B_1_20,B,1,20,eigo,英態12,2
B_1_21,B,1,21,eigo,英態12,2
B_1_22,B,1,22,eigo,英態12,4
B_1_23,B,1,23,eigo,英態12,3
B_1_24,B,1,24,eigo,英態12,4
B_1_25,B,1,25,eigo,英態12,2
B_1_26,B,1,26,eigo,英態12,4
B_1_27,B,1,27,eigo,英態12,4
B_1_28,B,1,28,eigo,英態12,4
B_1_29,B,1,29,eigo,英態12,4
B_1_30,B,1,30,eigo,英態12,4
B_2_1,B,2,1,eigo,英態12,4
B_2_2,B,2,2,eigo,英態12,4
B_2_3,B,2,3,eigo,英態12,4
B_2_4,B,2,4,eigo,英態12,3
B_2_5,B,2,5,eigo,英態12,4
B_2_6,B,2,6,eigo,英態12,4
B_2_7,B,2,7,eigo,英態12,4
B_2_8,B,2,8,eigo,英態12,3
B_2_9,B,2,9,eigo,英態12,3
B_2_10,B,2,10,eigo,英態12,4
B_2_11,B,2,11,eigo,英態12,2
B_2_12,B,2,12,eigo,英態12,4
B_2_13,B,2,13,eigo,英態12,4
B_2_14,B,2,14,eigo,英態12,4
B_2_15,B,2,15,eigo,英態12,3
B_2_16,B,2,16,eigo,英態12,3
B_2_17,B,2,17,eigo,英態12,4
B_2_18,B,2,18,eigo,英態12,4
B_2_19,B,2,19,eigo,英態12,4
B_2_20,B,2,20,eigo,英態12,4
B_2_21,B,2,21,eigo,英態12,4
B_2_22,B,2,22,eigo,英態12,4
B_2_23,B,2,23,eigo,英態12,4
B_2_24,B,2,24,eigo,英態12,4
B_2_25,B,2,25,eigo,英態12,4
B_2_26,B,2,26,eigo,英態12,4
B_2_27,B,2,27,eigo,英態12,4
B_2_28,B,2,28,eigo,英態12,4
B_2_29,B,2,29,eigo,英態12,4
B_2_30,B,2,30,eigo,英態12,2
C_1_1,C,1,1,eigo,英態12,3
C_1_2,C,1,2,eigo,英態12,4
C_1_3,C,1,3,eigo,英態12,4
C_1_4,C,1,4,eigo,英態12,4
C_1_5,C,1,5,eigo,英態12,2
C_1_6,C,1,6,eigo,英態12,4
C_1_7,C,1,7,eigo,英態12,4
C_1_8,C,1,8,eigo,英態12,2
C_1_9,C,1,9,eigo,英態12,2
C_1_10,C,1,10,eigo,英態12,4
C_1_11,C,1,11,eigo,英態12,4
C_1_12,C,1,12,eigo,英態12,2
C_1_13,C,1,13,eigo,英態12,4
C_1_14,C,1,14,eigo,英態12,2
C_1_15,C,1,15,eigo,英態12,4
C_1_16,C,1,16,eigo,英態12,3
C_1_17,C,1,17,eigo,英態12,4
C_1_18,C,1,18,eigo,英態12,4
C_1_19,C,1,19,eigo,英態12,2
C_1_20,C,1,20,eigo,英態12,0
C_1_21,C,1,21,eigo,英態12,3
C_1_22,C,1,22,eigo,英態12,3
C_1_23,C,1,23,eigo,英態12,3
C_1_24,C,1,24,eigo,英態12,4
C_1_25,C,1,25,eigo,英態12,1
C_1_26,C,1,26,eigo,英態12,3
C_1_27,C,1,27,eigo,英態12,2
C_1_28,C,1,28,eigo,英態12,3
C_1_29,C,1,29,eigo,英態12,3
C_1_30,C,1,30,eigo,英態12,3
C_2_1,C,2,1,eigo,英態12,1
C_2_3,C,2,3,eigo,英態12,2
C_2_4,C,2,4,eigo,英態12,4
C_2_5,C,2,5,eigo,英態12,3
C_2_6,C,2,6,eigo,英態12,4
C_2_7,C,2,7,eigo,英態12,3
C_2_8,C,2,8,eigo,英態12,2
C_2_10,C,2,10,eigo,英態12,3
C_2_11,C,2,11,eigo,英態12,3
C_2_12,C,2,12,eigo,英態12,3
C_2_13,C,2,13,eigo,英態12,3
C_2_14,C,2,14,eigo,英態12,4
C_2_15,C,2,15,eigo,英態12,4
C_2_16,C,2,16,eigo,英態12,4
C_2_17,C,2,17,eigo,英態12,3
C_2_18,C,2,18,eigo,英態12,4
C_2_19,C,2,19,eigo,英態12,4
C_2_20,C,2,20,eigo,英態12,4
C_2_21,C,2,21,eigo,英態12,2
C_2_22,C,2,22,eigo,英態12,2
C_2_23,C,2,23,eigo,英態12,3
C_2_24,C,2,24,eigo,英態12,3
C_2_25,C,2,25,eigo,英態12,4
C_2_26,C,2,26,eigo,英態12,4
C_2_27,C,2,27,eigo,英態12,3
C_2_29,C,2,29,eigo,英態12,4
C_2_30,C,2,30,eigo,英態12,4
C_1_1,C,1,1,eigo,英態12,3
C_1_2,C,1,2,eigo,英態12,4
C_1_3,C,1,3,eigo,英態12,3
C_1_4,C,1,4,eigo,英態12,3
C_1_5,C,1,5,eigo,英態12,3
C_1_6,C,1,6,eigo,英態12,3
C_1_7,C,1,7,eigo,英態12,4
C_1_8,C,1,8,eigo,英態12,4
C_1_9,C,1,9,eigo,英態12,3
C_1_10,C,1,10,eigo,英態12,3
C_1_11,C,1,11,eigo,英態12,3
C_1_12,C,1,12,eigo,英態12,3
D_1_13,D,1,13,eigo,英態12,4
D_1_14,D,1,14,eigo,英態12,3
D_1_15,D,1,15,eigo,英態12,3
D_1_16,D,1,16,eigo,英態12,3
D_1_17,D,1,17,eigo,英態12,3
D_1_18,D,1,18,eigo,英態12,4
D_1_19,D,1,19,eigo,英態12,2
D_1_20,D,1,20,eigo,英態12,3
D_1_21,D,1,21,eigo,英態12,2
D_1_22,D,1,22,eigo,英態12,4
D_1_23,D,1,23,eigo,英態12,3
D_1_24,D,1,24,eigo,英態12,3
D_1_25,D,1,25,eigo,英態12,3
D_1_26,D,1,26,eigo,英態12,4
D_1_27,D,1,27,eigo,英態12,4
D_1_28,D,1,28,eigo,英態12,4
D_1_29,D,1,29,eigo,英態12,3
D_1_30,D,1,30,eigo,英態12,4
D_2_1,D,2,1,eigo,英態12,3
D_2_2,D,2,2,eigo,英態12,3
D_2_3,D,2,3,eigo,英態12,2
D_2_4,D,2,4,eigo,英態12,3
D_2_5,D,2,5,eigo,英態12,3
D_2_6,D,2,6,eigo,英態12,3
D_2_7,D,2,7,eigo,英態12,4
D_2_8,D,2,8,eigo,英態12,0
D_2_9,D,2,9,eigo,英態12,4
D_2_10,D,2,10,eigo,英態12,3
D_2_11,D,2,11,eigo,英態12,3
D_2_12,D,2,12,eigo,英態12,3
D_2_13,D,2,13,eigo,英態12,3
D_2_14,D,2,14,eigo,英態12,4
D_2_15,D,2,15,eigo,英態12,4
D_2_16,D,2,16,eigo,英態12,2
D_2_17,D,2,17,eigo,英態12,3
D_2_18,D,2,18,eigo,英態12,4
D_2_19,D,2,19,eigo,英態12,4
D_2_20,D,2,20,eigo,英態12,4
D_2_21,D,2,21,eigo,英態12,3
D_2_22,D,2,22,eigo,英態12,4
D_2_23,D,2,23,eigo,英態12,4
D_2_24,D,2,24,eigo,英態12,3
D_2_25,D,2,25,eigo,英態12,2
D_2_26,D,2,26,eigo,英態12,4
D_2_27,D,2,27,eigo,英態12,4
D_2_28,D,2,28,eigo,英態12,3
D_2_29,D,2,29,eigo,英態12,2
D_2_30,D,2,30,eigo,英態12,4
